{
    "args": {
        "graph_path": "graphs/politifact/15_shot_distilbert_knn_5_smpf10.pt",
        "model": "GAT",
        "dropout_rate": 0.5,
        "hidden_channels": 128,
        "gat_heads": 8,
        "lr": 0.0001,
        "weight_decay": 0.0001,
        "n_epochs": 300,
        "patience": 30,
        "seed": 42,
        "output_dir": "results"
    },
    "model_name": "GAT_politifact_15_shot_distilbert_knn_5_smpf10",
    "training_history": {
        "final_train_loss": 0.44615259766578674,
        "final_train_acc": 0.7666666666666667,
        "final_val_loss": 0.5746883153915405,
        "final_val_acc": 0.7352941176470589,
        "final_val_f1": 0.6999673167011657,
        "best_val_f1": 0.712934819317798,
        "best_epoch": 49,
        "total_epochs": 79,
        "training_time_seconds": 2.401881217956543
    },
    "final_test_metrics": {
        "accuracy": 0.7549019607843137,
        "precision": 0.7058823529411764,
        "recall": 0.7248464808691544,
        "f1_score": 0.712934819317798,
        "confusion_matrix": [
            [
                58,
                15
            ],
            [
                10,
                19
            ]
        ]
    }
}