{
    "args": {
        "graph_path": "graphs/gossipcop/3_shot_bert_knn_5_smpf10.pt",
        "model": "GAT",
        "dropout_rate": 0.5,
        "hidden_channels": 128,
        "gat_heads": 8,
        "lr": 0.0001,
        "weight_decay": 0.0001,
        "n_epochs": 300,
        "patience": 30,
        "seed": 42,
        "output_dir": "results"
    },
    "model_name": "GAT_gossipcop_3_shot_bert_knn_5_smpf10",
    "training_history": {
        "final_train_loss": 0.11544442176818848,
        "final_train_acc": 1.0,
        "final_val_loss": 0.6883167028427124,
        "final_val_acc": 0.5890718562874252,
        "final_val_f1": 0.5073984526112185,
        "best_val_f1": 0.5171643975991802,
        "best_epoch": 55,
        "total_epochs": 85,
        "training_time_seconds": 2.6022157669067383
    },
    "final_test_metrics": {
        "accuracy": 0.6452095808383234,
        "precision": 0.5221633948459344,
        "recall": 0.5302697416240225,
        "f1_score": 0.5171643975991802,
        "confusion_matrix": [
            [
                1550,
                619
            ],
            [
                329,
                174
            ]
        ]
    }
}