{
    "args": {
        "graph_path": "graphs/gossipcop/10_shot_combined_mutual_knn_4_smpf10.pt",
        "model": "GAT",
        "dropout_rate": 0.5,
        "hidden_channels": 128,
        "gat_heads": 8,
        "lr": 0.0001,
        "weight_decay": 0.0001,
        "n_epochs": 300,
        "patience": 30,
        "seed": 42,
        "output_dir": "results"
    },
    "model_name": "GAT_gossipcop_10_shot_combined_mutual_knn_4_smpf10",
    "training_history": {
        "final_train_loss": 0.8979371786117554,
        "final_train_acc": 0.55,
        "final_val_loss": 0.6376343965530396,
        "final_val_acc": 0.811377245508982,
        "final_val_f1": 0.4479338842975207,
        "best_val_f1": 0.4529431358221475,
        "best_epoch": 1,
        "total_epochs": 62,
        "training_time_seconds": 1.6720972061157227
    },
    "final_test_metrics": {
        "accuracy": 0.780314371257485,
        "precision": 0.08823529411764706,
        "recall": 0.017892644135188866,
        "f1_score": 0.02975206611570248,
        "confusion_matrix": [
            [
                2076,
                93
            ],
            [
                494,
                9
            ]
        ]
    }
}