{
    "model": "LSTM_gossipcop_14_shot_roberta",
    "dataset": "gossipcop",
    "embedding": "roberta",
    "k_shot": 14,
    "training_time": 0.38329029083251953,
    "best_epoch": 0,
    "final_train_accuracy": 0.5416666666666666,
    "final_train_loss": 0.6885161995887756,
    "final_val_accuracy": 0.25,
    "final_val_loss": 0.7196336388587952,
    "final_val_f1": 0.2,
    "test_metrics": {
        "accuracy": 0.811751497005988,
        "precision": 0.405875748502994,
        "recall": 0.5,
        "f1_score": 0.4480479239826482,
        "confusion_matrix": [
            [
                2169,
                0
            ],
            [
                503,
                0
            ]
        ]
    }
}