{
  "accuracy": 0.6590568862275449,
  "precision": 0.576143460657046,
  "recall": 0.6143869837682068,
  "f1_score": 0.5701858208176456
}