{
    "args": {
        "graph_path": "graphs/gossipcop/10_shot_bert_knn_5_smpf10.pt",
        "model": "GAT",
        "dropout_rate": 0.5,
        "hidden_channels": 128,
        "gat_heads": 8,
        "lr": 0.0001,
        "weight_decay": 0.0001,
        "n_epochs": 300,
        "patience": 30,
        "seed": 42,
        "output_dir": "results"
    },
    "model_name": "GAT_gossipcop_10_shot_bert_knn_5_smpf10",
    "training_history": {
        "final_train_loss": 0.1891343593597412,
        "final_train_acc": 0.95,
        "final_val_loss": 0.6775915622711182,
        "final_val_acc": 0.6931137724550899,
        "final_val_f1": 0.5732733369065277,
        "best_val_f1": 0.5813588547009005,
        "best_epoch": 126,
        "total_epochs": 160,
        "training_time_seconds": 4.100704669952393
    },
    "final_test_metrics": {
        "accuracy": 0.7159431137724551,
        "precision": 0.5768185716926864,
        "recall": 0.5929260765512961,
        "f1_score": 0.5813588547009005,
        "confusion_matrix": [
            [
                1714,
                455
            ],
            [
                304,
                199
            ]
        ]
    }
}