{
  "accuracy": 0.6666666666666666,
  "f1": 0.6504032258064516,
  "precision": 0.6666666666666666,
  "recall": 0.7047709022201228,
  "confusion_matrix": [
    [
      45,
      28
    ],
    [
      6,
      23
    ]
  ]
}