{
    "args": {
        "graph_path": "graphs/politifact/8_shot_roberta_mutual_knn_5.pt",
        "model": "GAT",
        "dropout_rate": 0.5,
        "hidden_channels": 128,
        "gat_heads": 8,
        "lr": 0.0001,
        "weight_decay": 0.0001,
        "n_epochs": 300,
        "patience": 30,
        "seed": 42,
        "output_dir": "results"
    },
    "model_name": "GAT_politifact_8_shot_roberta_mutual_knn_5",
    "training_history": {
        "final_train_loss": 0.7408530712127686,
        "final_train_acc": 0.625,
        "final_val_loss": 0.6796240210533142,
        "final_val_acc": 0.49019607843137253,
        "final_val_f1": 0.48941085868309586,
        "best_val_f1": 0.6232954545454545,
        "best_epoch": 24,
        "total_epochs": 54,
        "training_time_seconds": 1.4956307411193848
    },
    "final_test_metrics": {
        "accuracy": 0.7450980392156863,
        "precision": 0.6,
        "recall": 0.3103448275862069,
        "f1_score": 0.4090909090909091,
        "confusion_matrix": [
            [
                67,
                6
            ],
            [
                20,
                9
            ]
        ]
    }
}