{
  "accuracy": 0.35294117647058826,
  "f1": 0.3269086357947434,
  "precision": 0.5543451948680707,
  "recall": 0.35294117647058826
}