{
  "accuracy": 0.35294117647058826,
  "f1": 0.34893617021276596,
  "precision": 0.4691358024691358,
  "recall": 0.4752007557864903,
  "confusion_matrix": [
    [
      14,
      59
    ],
    [
      7,
      22
    ]
  ]
}