{
    "args": {
        "graph_path": "graphs/gossipcop/10_shot_roberta_knn_8_smpf10.pt",
        "model": "GAT",
        "dropout_rate": 0.5,
        "hidden_channels": 128,
        "gat_heads": 8,
        "lr": 0.0001,
        "weight_decay": 0.0001,
        "n_epochs": 300,
        "patience": 30,
        "seed": 42,
        "output_dir": "results"
    },
    "model_name": "GAT_gossipcop_10_shot_roberta_knn_8_smpf10",
    "training_history": {
        "final_train_loss": 0.7114042043685913,
        "final_train_acc": 0.55,
        "final_val_loss": 0.6370285749435425,
        "final_val_acc": 0.7739520958083832,
        "final_val_f1": 0.44897435197071917,
        "best_val_f1": 0.4529141963413849,
        "best_epoch": 1,
        "total_epochs": 49,
        "training_time_seconds": 2.9286293983459473
    },
    "final_test_metrics": {
        "accuracy": 0.7761976047904192,
        "precision": 0.08695652173913043,
        "recall": 0.019880715705765408,
        "f1_score": 0.032362459546925564,
        "confusion_matrix": [
            [
                2064,
                105
            ],
            [
                493,
                10
            ]
        ]
    }
}