{
    "args": {
        "graph_path": "graphs/gossipcop/8_shot_roberta_knn_5_smpf10.pt",
        "model": "GAT",
        "dropout_rate": 0.5,
        "hidden_channels": 128,
        "gat_heads": 8,
        "lr": 0.0001,
        "weight_decay": 0.0001,
        "n_epochs": 300,
        "patience": 30,
        "seed": 42,
        "output_dir": "results"
    },
    "model_name": "GAT_gossipcop_8_shot_roberta_knn_5_smpf10",
    "training_history": {
        "final_train_loss": 0.4876280426979065,
        "final_train_acc": 0.875,
        "final_val_loss": 0.6626166701316833,
        "final_val_acc": 0.6336077844311377,
        "final_val_f1": 0.5439016110412618,
        "best_val_f1": 0.5493837465319819,
        "best_epoch": 223,
        "total_epochs": 255,
        "training_time_seconds": 5.778925180435181
    },
    "final_test_metrics": {
        "accuracy": 0.7039670658682635,
        "precision": 0.547380775487722,
        "recall": 0.5542452981511576,
        "f1_score": 0.5493837465319819,
        "confusion_matrix": [
            [
                1723,
                446
            ],
            [
                345,
                158
            ]
        ]
    }
}