{
    "args": {
        "graph_path": "graphs/gossipcop/8_shot_roberta_knn_5_smpf10.pt",
        "model": "GAT",
        "dropout_rate": 0.5,
        "hidden_channels": 128,
        "gat_heads": 8,
        "lr": 0.0001,
        "weight_decay": 0.0001,
        "n_epochs": 300,
        "patience": 30,
        "seed": 42,
        "output_dir": "results"
    },
    "model_name": "GAT_gossipcop_8_shot_roberta_knn_5_smpf10",
    "training_history": {
        "final_train_loss": 1.0987831354141235,
        "final_train_acc": 0.4375,
        "final_val_loss": 0.5995362997055054,
        "final_val_acc": 0.8016467065868264,
        "final_val_f1": 0.44865176325850487,
        "best_val_f1": 0.4654379973668876,
        "best_epoch": 3,
        "total_epochs": 68,
        "training_time_seconds": 1.646744966506958
    },
    "final_test_metrics": {
        "accuracy": 0.7428892215568862,
        "precision": 0.12295081967213115,
        "recall": 0.05964214711729622,
        "f1_score": 0.08032128514056225,
        "confusion_matrix": [
            [
                1955,
                214
            ],
            [
                473,
                30
            ]
        ]
    }
}