{
    "args": {
        "graph_path": "graphs/politifact/11_shot_combined_knn_6_smpf10.pt",
        "model": "GAT",
        "dropout_rate": 0.5,
        "hidden_channels": 128,
        "gat_heads": 8,
        "lr": 0.0001,
        "weight_decay": 0.0001,
        "n_epochs": 300,
        "patience": 30,
        "seed": 42,
        "output_dir": "results"
    },
    "model_name": "GAT_politifact_11_shot_combined_knn_6_smpf10",
    "training_history": {
        "final_train_loss": 0.5131204128265381,
        "final_train_acc": 0.8636363636363636,
        "final_val_loss": 0.6313067674636841,
        "final_val_acc": 0.7254901960784313,
        "final_val_f1": 0.7064144736842105,
        "best_val_f1": 0.7538610038610039,
        "best_epoch": 43,
        "total_epochs": 83,
        "training_time_seconds": 3.851698160171509
    },
    "final_test_metrics": {
        "accuracy": 0.803921568627451,
        "precision": 0.76,
        "recall": 0.7487009919697685,
        "f1_score": 0.7538610038610039,
        "confusion_matrix": [
            [
                64,
                9
            ],
            [
                11,
                18
            ]
        ]
    }
}