{
    "args": {
        "graph_path": "graphs/politifact/11_shot_combined_knn_6_smpf10.pt",
        "model": "GAT",
        "dropout_rate": 0.5,
        "hidden_channels": 128,
        "gat_heads": 8,
        "lr": 0.0001,
        "weight_decay": 0.0001,
        "n_epochs": 300,
        "patience": 30,
        "seed": 42,
        "output_dir": "results"
    },
    "model_name": "GAT_politifact_11_shot_combined_knn_6_smpf10",
    "training_history": {
        "final_train_loss": 0.45761916041374207,
        "final_train_acc": 0.8636363636363636,
        "final_val_loss": 0.5653521418571472,
        "final_val_acc": 0.7745098039215687,
        "final_val_f1": 0.7575193798449613,
        "best_val_f1": 0.8507261060452549,
        "best_epoch": 236,
        "total_epochs": 266,
        "training_time_seconds": 3.8047170639038086
    },
    "final_test_metrics": {
        "accuracy": 0.8725490196078431,
        "precision": 0.7352941176470589,
        "recall": 0.8620689655172413,
        "f1_score": 0.7936507936507936,
        "confusion_matrix": [
            [
                64,
                9
            ],
            [
                4,
                25
            ]
        ]
    }
}