{
    "args": {
        "graph_path": "graphs/gossipcop/16_shot_combined_knn_5_smpf10.pt",
        "model": "GAT",
        "dropout_rate": 0.5,
        "hidden_channels": 128,
        "gat_heads": 8,
        "lr": 0.0001,
        "weight_decay": 0.0001,
        "n_epochs": 300,
        "patience": 30,
        "seed": 42,
        "output_dir": "results"
    },
    "model_name": "GAT_gossipcop_16_shot_combined_knn_5_smpf10",
    "training_history": {
        "final_train_loss": 0.6100782155990601,
        "final_train_acc": 0.75,
        "final_val_loss": 0.6628267168998718,
        "final_val_acc": 0.625748502994012,
        "final_val_f1": 0.5096873449422928,
        "best_val_f1": 0.5131505607489217,
        "best_epoch": 70,
        "total_epochs": 100,
        "training_time_seconds": 2.862088918685913
    },
    "final_test_metrics": {
        "accuracy": 0.6961077844311377,
        "precision": 0.512973767472299,
        "recall": 0.5135191616552415,
        "f1_score": 0.5131505607489217,
        "confusion_matrix": [
            [
                1749,
                420
            ],
            [
                392,
                111
            ]
        ]
    }
}