{
    "args": {
        "graph_path": "graphs/politifact/16_shot_roberta_mutual_knn_8.pt",
        "model": "GAT",
        "dropout_rate": 0.5,
        "hidden_channels": 128,
        "gat_heads": 8,
        "lr": 0.0001,
        "weight_decay": 0.0001,
        "n_epochs": 300,
        "patience": 30,
        "seed": 42,
        "output_dir": "results"
    },
    "model_name": "GAT_politifact_16_shot_roberta_mutual_knn_8",
    "training_history": {
        "final_train_loss": 0.5114388465881348,
        "final_train_acc": 0.75,
        "final_val_loss": 0.4817826449871063,
        "final_val_acc": 0.8235294117647058,
        "final_val_f1": 0.7733333333333333,
        "best_val_f1": 0.8012151782643586,
        "best_epoch": 254,
        "total_epochs": 300,
        "training_time_seconds": 3.9590256214141846
    },
    "final_test_metrics": {
        "accuracy": 0.8333333333333334,
        "precision": 0.6875,
        "recall": 0.7586206896551724,
        "f1_score": 0.7213114754098361,
        "confusion_matrix": [
            [
                63,
                10
            ],
            [
                7,
                22
            ]
        ]
    }
}