{
    "args": {
        "graph_path": "graphs/politifact/10_shot_roberta_knn_5_smpf10.pt",
        "model": "GAT",
        "dropout_rate": 0.5,
        "hidden_channels": 128,
        "gat_heads": 8,
        "lr": 0.0001,
        "weight_decay": 0.0001,
        "n_epochs": 300,
        "patience": 30,
        "seed": 42,
        "output_dir": "results"
    },
    "model_name": "GAT_politifact_10_shot_roberta_knn_5_smpf10",
    "training_history": {
        "final_train_loss": 0.3118278980255127,
        "final_train_acc": 0.95,
        "final_val_loss": 0.5550190210342407,
        "final_val_acc": 0.7058823529411765,
        "final_val_f1": 0.6941223510595762,
        "best_val_f1": 0.7312252964426877,
        "best_epoch": 141,
        "total_epochs": 243,
        "training_time_seconds": 8.967899799346924
    },
    "final_test_metrics": {
        "accuracy": 0.7647058823529411,
        "precision": 0.7222453222453222,
        "recall": 0.7524799244213509,
        "f1_score": 0.7312252964426877,
        "confusion_matrix": [
            [
                57,
                16
            ],
            [
                8,
                21
            ]
        ]
    }
}