{
    "args": {
        "graph_path": "graphs/politifact/10_shot_roberta_knn_5_smpf10.pt",
        "model": "GAT",
        "dropout_rate": 0.5,
        "hidden_channels": 128,
        "gat_heads": 8,
        "lr": 0.0001,
        "weight_decay": 0.0001,
        "n_epochs": 300,
        "patience": 30,
        "seed": 42,
        "output_dir": "results"
    },
    "model_name": "GAT_politifact_10_shot_roberta_knn_5_smpf10",
    "training_history": {
        "final_train_loss": 0.39240115880966187,
        "final_train_acc": 0.8,
        "final_val_loss": 0.572437047958374,
        "final_val_acc": 0.7450980392156863,
        "final_val_f1": 0.6800193050193051,
        "best_val_f1": 0.738621110433191,
        "best_epoch": 98,
        "total_epochs": 178,
        "training_time_seconds": 3.01104474067688
    },
    "final_test_metrics": {
        "accuracy": 0.7941176470588235,
        "precision": 0.6538461538461539,
        "recall": 0.5862068965517241,
        "f1_score": 0.6181818181818182,
        "confusion_matrix": [
            [
                64,
                9
            ],
            [
                12,
                17
            ]
        ]
    }
}