{
  "accuracy": 0.7761976047904192,
  "precision": 0.648227587381723,
  "recall": 0.6666886646923439,
  "f1_score": 0.6558706267078798
}