{
    "args": {
        "graph_path": "graphs_hetero/gossipcop/14_shot_roberta_hetero_knn_5_smpf10.pt",
        "model": "HAN",
        "target_node_type": "news",
        "dropout_rate": 0.0,
        "hidden_channels": 128,
        "hgt_han_heads": 4,
        "hgt_layers": 1,
        "lr": 0.0001,
        "weight_decay": 0.0001,
        "n_epochs": 300,
        "patience": 30,
        "seed": 42,
        "output_dir_base": "results_hetero"
    },
    "model_name": "HAN_gossipcop_14_shot_roberta_hetero_knn_5_smpf10",
    "training_history": {
        "final_train_loss": 0.21972976624965668,
        "final_train_acc": 1.0,
        "final_val_loss": 0.6195864081382751,
        "final_val_acc": 0.6631736526946108,
        "final_val_f1": 0.5733528631556986,
        "best_val_f1": 0.6004886096833556,
        "best_epoch": 74,
        "total_epochs_run": 300,
        "training_time_seconds": 5.489756345748901
    },
    "final_test_metrics_on_target_node": {
        "accuracy": 0.717814371257485,
        "precision": 0.594285373054538,
        "recall": 0.6215652145219966,
        "f1_score": 0.6004886096833556,
        "confusion_matrix": [
            [
                1683,
                486
            ],
            [
                268,
                235
            ]
        ]
    }
}