{
    "args": {
        "graph_path": "graphs_hetero/gossipcop/14_shot_roberta_hetero_knn_5_smpf10.pt",
        "model": "HAN",
        "target_node_type": "news",
        "dropout_rate": 0.0,
        "hidden_channels": 128,
        "hgt_han_heads": 4,
        "hgt_layers": 1,
        "lr": 0.0001,
        "weight_decay": 0.0001,
        "n_epochs": 300,
        "patience": 30,
        "seed": 42,
        "output_dir_base": "results_hetero"
    },
    "model_name": "HAN_gossipcop_14_shot_roberta_hetero_knn_5_smpf10",
    "training_history": {
        "final_train_loss": 0.6676468253135681,
        "final_train_acc": 0.5714285714285714,
        "final_val_loss": 0.7164711952209473,
        "final_val_acc": 0.3158682634730539,
        "final_val_f1": 0.3155231289756255,
        "best_val_f1": 0.3155231289756255,
        "best_epoch": 1,
        "total_epochs_run": 31,
        "training_time_seconds": 1.3491806983947754
    },
    "final_test_metrics_on_target_node": {
        "accuracy": 0.3158682634730539,
        "precision": 0.4943559994508859,
        "recall": 0.49385750962184477,
        "f1_score": 0.3155231289756255,
        "confusion_matrix": [
            [
                452,
                1717
            ],
            [
                111,
                392
            ]
        ]
    }
}