{
    "args": {
        "graph_path": "graphs/politifact/11_shot_roberta_knn_3_smpf10.pt",
        "model": "GAT",
        "dropout_rate": 0.5,
        "hidden_channels": 128,
        "gat_heads": 8,
        "lr": 0.0001,
        "weight_decay": 0.0001,
        "n_epochs": 300,
        "patience": 30,
        "seed": 42,
        "output_dir": "results"
    },
    "model_name": "GAT_politifact_11_shot_roberta_knn_3_smpf10",
    "training_history": {
        "final_train_loss": 0.4496001899242401,
        "final_train_acc": 0.8181818181818182,
        "final_val_loss": 0.5625842809677124,
        "final_val_acc": 0.7450980392156863,
        "final_val_f1": 0.7132352941176471,
        "best_val_f1": 0.7221919599084867,
        "best_epoch": 209,
        "total_epochs": 272,
        "training_time_seconds": 3.9925553798675537
    },
    "final_test_metrics": {
        "accuracy": 0.7549019607843137,
        "precision": 0.5526315789473685,
        "recall": 0.7241379310344828,
        "f1_score": 0.6268656716417911,
        "confusion_matrix": [
            [
                56,
                17
            ],
            [
                8,
                21
            ]
        ]
    }
}