{
    "args": {
        "graph_path": "graphs/politifact/9_shot_roberta_mutual_knn_7_smpf10.pt",
        "model": "GAT",
        "dropout_rate": 0.5,
        "hidden_channels": 128,
        "gat_heads": 8,
        "lr": 0.0001,
        "weight_decay": 0.0001,
        "n_epochs": 300,
        "patience": 30,
        "seed": 42,
        "output_dir": "results"
    },
    "model_name": "GAT_politifact_9_shot_roberta_mutual_knn_7_smpf10",
    "training_history": {
        "final_train_loss": 0.6287267208099365,
        "final_train_acc": 0.6111111111111112,
        "final_val_loss": 0.6168060302734375,
        "final_val_acc": 0.7156862745098039,
        "final_val_f1": 0.6942635658914729,
        "best_val_f1": 0.735064935064935,
        "best_epoch": 52,
        "total_epochs": 139,
        "training_time_seconds": 2.38885498046875
    },
    "final_test_metrics": {
        "accuracy": 0.803921568627451,
        "precision": 0.7142857142857143,
        "recall": 0.5172413793103449,
        "f1_score": 0.6,
        "confusion_matrix": [
            [
                67,
                6
            ],
            [
                14,
                15
            ]
        ]
    }
}