{
    "args": {
        "graph_path": "graphs/gossipcop/7_shot_combined_mutual_knn_3_smpf10.pt",
        "model": "GAT",
        "dropout_rate": 0.5,
        "hidden_channels": 128,
        "gat_heads": 8,
        "lr": 0.0001,
        "weight_decay": 0.0001,
        "n_epochs": 300,
        "patience": 30,
        "seed": 42,
        "output_dir": "results"
    },
    "model_name": "GAT_gossipcop_7_shot_combined_mutual_knn_3_smpf10",
    "training_history": {
        "final_train_loss": 0.7387690544128418,
        "final_train_acc": 0.5714285714285714,
        "final_val_loss": 0.6973557472229004,
        "final_val_acc": 0.4184131736526946,
        "final_val_f1": 0.4110881349297525,
        "best_val_f1": 0.47445898029554745,
        "best_epoch": 1,
        "total_epochs": 31,
        "training_time_seconds": 1.2757759094238281
    },
    "final_test_metrics": {
        "accuracy": 0.6380988023952096,
        "precision": 0.15781710914454278,
        "recall": 0.21272365805168986,
        "f1_score": 0.18120237087214225,
        "confusion_matrix": [
            [
                1598,
                571
            ],
            [
                396,
                107
            ]
        ]
    }
}