{
    "args": {
        "graph_path": "graphs/politifact/12_shot_roberta_knn_3.pt",
        "model": "GAT",
        "dropout_rate": 0.5,
        "hidden_channels": 128,
        "gat_heads": 8,
        "lr": 0.0001,
        "weight_decay": 0.0001,
        "n_epochs": 300,
        "patience": 30,
        "seed": 42,
        "output_dir": "results"
    },
    "model_name": "GAT_politifact_12_shot_roberta_knn_3",
    "training_history": {
        "final_train_loss": 0.5315383076667786,
        "final_train_acc": 0.7083333333333334,
        "final_val_loss": 0.5270226001739502,
        "final_val_acc": 0.7745098039215687,
        "final_val_f1": 0.6911125740618829,
        "best_val_f1": 0.7481481481481482,
        "best_epoch": 195,
        "total_epochs": 300,
        "training_time_seconds": 4.4565582275390625
    },
    "final_test_metrics": {
        "accuracy": 0.803921568627451,
        "precision": 0.68,
        "recall": 0.5862068965517241,
        "f1_score": 0.6296296296296297,
        "confusion_matrix": [
            [
                65,
                8
            ],
            [
                12,
                17
            ]
        ]
    }
}