{
    "args": {
        "graph_path": "graphs/gossipcop/4_shot_combined_knn_6_smpf10.pt",
        "model": "GAT",
        "dropout_rate": 0.5,
        "hidden_channels": 128,
        "gat_heads": 8,
        "lr": 0.0001,
        "weight_decay": 0.0001,
        "n_epochs": 300,
        "patience": 30,
        "seed": 42,
        "output_dir": "results"
    },
    "model_name": "GAT_gossipcop_4_shot_combined_knn_6_smpf10",
    "training_history": {
        "final_train_loss": 0.47996455430984497,
        "final_train_acc": 1.0,
        "final_val_loss": 0.6059636473655701,
        "final_val_acc": 0.7896706586826348,
        "final_val_f1": 0.676146357664454,
        "best_val_f1": 0.6804382722830343,
        "best_epoch": 180,
        "total_epochs": 218,
        "training_time_seconds": 9.039533615112305
    },
    "final_test_metrics": {
        "accuracy": 0.7979041916167665,
        "precision": 0.6749787864202201,
        "recall": 0.6869305146529765,
        "f1_score": 0.6804382722830343,
        "confusion_matrix": [
            [
                1876,
                293
            ],
            [
                247,
                256
            ]
        ]
    }
}