{
    "args": {
        "graph_path": "graphs/gossipcop/4_shot_combined_knn_6_smpf10.pt",
        "model": "GAT",
        "dropout_rate": 0.5,
        "hidden_channels": 128,
        "gat_heads": 8,
        "lr": 0.0001,
        "weight_decay": 0.0001,
        "n_epochs": 300,
        "patience": 30,
        "seed": 42,
        "output_dir": "results"
    },
    "model_name": "GAT_gossipcop_4_shot_combined_knn_6_smpf10",
    "training_history": {
        "final_train_loss": 0.46684008836746216,
        "final_train_acc": 1.0,
        "final_val_loss": 0.631542980670929,
        "final_val_acc": 0.75,
        "final_val_f1": 0.6435899156227336,
        "best_val_f1": 0.6606575395168979,
        "best_epoch": 160,
        "total_epochs": 196,
        "training_time_seconds": 3.1849756240844727
    },
    "final_test_metrics": {
        "accuracy": 0.7964071856287425,
        "precision": 0.4572025052192067,
        "recall": 0.43538767395626243,
        "f1_score": 0.4460285132382892,
        "confusion_matrix": [
            [
                1909,
                260
            ],
            [
                284,
                219
            ]
        ]
    }
}