{
    "args": {
        "graph_path": "graphs_hetero/politifact/5_shot_roberta_hetero_knn_5_smpf10.pt",
        "model": "HAN",
        "target_node_type": "news",
        "dropout_rate": 0.0,
        "hidden_channels": 128,
        "hgt_han_heads": 4,
        "hgt_layers": 1,
        "lr": 0.0001,
        "weight_decay": 0.0001,
        "n_epochs": 300,
        "patience": 30,
        "seed": 42,
        "output_dir_base": "results_hetero"
    },
    "model_name": "HAN_politifact_5_shot_roberta_hetero_knn_5_smpf10",
    "training_history": {
        "final_train_loss": 0.15634505450725555,
        "final_train_acc": 1.0,
        "final_val_loss": 0.5494086146354675,
        "final_val_acc": 0.7254901960784313,
        "final_val_f1": 0.7031185031185031,
        "best_val_f1": 0.7784749034749034,
        "best_epoch": 34,
        "total_epochs_run": 300,
        "training_time_seconds": 4.704641819000244
    },
    "final_test_metrics_on_target_node": {
        "accuracy": 0.8235294117647058,
        "precision": 0.7851851851851852,
        "recall": 0.7727916863486065,
        "f1_score": 0.7784749034749034,
        "confusion_matrix": [
            [
                65,
                8
            ],
            [
                10,
                19
            ]
        ]
    }
}