{
    "args": {
        "graph_path": "graphs/gossipcop/9_shot_combined_knn_8_smpf10.pt",
        "model": "GAT",
        "dropout_rate": 0.5,
        "hidden_channels": 128,
        "gat_heads": 8,
        "lr": 0.0001,
        "weight_decay": 0.0001,
        "n_epochs": 300,
        "patience": 30,
        "seed": 42,
        "output_dir": "results"
    },
    "model_name": "GAT_gossipcop_9_shot_combined_knn_8_smpf10",
    "training_history": {
        "final_train_loss": 0.3832997977733612,
        "final_train_acc": 0.9444444444444444,
        "final_val_loss": 0.5566763281822205,
        "final_val_acc": 0.7447604790419161,
        "final_val_f1": 0.6026358597290001,
        "best_val_f1": 0.6055895699515789,
        "best_epoch": 268,
        "total_epochs": 300,
        "training_time_seconds": 11.500133752822876
    },
    "final_test_metrics": {
        "accuracy": 0.7559880239520959,
        "precision": 0.6043769190635104,
        "recall": 0.6069026138237427,
        "f1_score": 0.6055895699515789,
        "confusion_matrix": [
            [
                1835,
                334
            ],
            [
                318,
                185
            ]
        ]
    }
}