{
    "args": {
        "graph_path": "graphs/gossipcop/9_shot_combined_knn_8_smpf10.pt",
        "model": "GAT",
        "dropout_rate": 0.5,
        "hidden_channels": 128,
        "gat_heads": 8,
        "lr": 0.0001,
        "weight_decay": 0.0001,
        "n_epochs": 300,
        "patience": 30,
        "seed": 42,
        "output_dir": "results"
    },
    "model_name": "GAT_gossipcop_9_shot_combined_knn_8_smpf10",
    "training_history": {
        "final_train_loss": 0.5190317630767822,
        "final_train_acc": 0.9444444444444444,
        "final_val_loss": 0.6323127746582031,
        "final_val_acc": 0.7346556886227545,
        "final_val_f1": 0.5727026526544476,
        "best_val_f1": 0.5749492249515891,
        "best_epoch": 129,
        "total_epochs": 186,
        "training_time_seconds": 2.883784770965576
    },
    "final_test_metrics": {
        "accuracy": 0.7166916167664671,
        "precision": 0.2971246006389776,
        "recall": 0.3697813121272366,
        "f1_score": 0.32949512843224094,
        "confusion_matrix": [
            [
                1729,
                440
            ],
            [
                317,
                186
            ]
        ]
    }
}