{
    "args": {
        "graph_path": "graphs_hetero/politifact/7_shot_bert_hetero_knn_5_smpf10.pt",
        "model": "HAN",
        "target_node_type": "news",
        "dropout_rate": 0.0,
        "hidden_channels": 128,
        "hgt_han_heads": 4,
        "hgt_layers": 1,
        "lr": 0.0001,
        "weight_decay": 0.0001,
        "n_epochs": 300,
        "patience": 30,
        "seed": 42,
        "output_dir_base": "results_hetero"
    },
    "model_name": "HAN_politifact_7_shot_bert_hetero_knn_5_smpf10",
    "training_history": {
        "final_train_loss": 0.03155927732586861,
        "final_train_acc": 1.0,
        "final_val_loss": 0.7155373692512512,
        "final_val_acc": 0.7254901960784313,
        "final_val_f1": 0.7094017094017094,
        "best_val_f1": 0.7094017094017094,
        "best_epoch": 122,
        "total_epochs_run": 152,
        "training_time_seconds": 6.542649984359741
    },
    "final_test_metrics_on_target_node": {
        "accuracy": 0.7254901960784313,
        "precision": 0.7173661917597227,
        "recall": 0.7666509211147851,
        "f1_score": 0.7094017094017094,
        "confusion_matrix": [
            [
                49,
                24
            ],
            [
                4,
                25
            ]
        ]
    }
}