{
    "args": {
        "graph_path": "graphs/politifact/10_shot_roberta_knn_6.pt",
        "model": "GAT",
        "dropout_rate": 0.5,
        "hidden_channels": 128,
        "gat_heads": 8,
        "lr": 0.0001,
        "weight_decay": 0.0001,
        "n_epochs": 300,
        "patience": 30,
        "seed": 42,
        "output_dir": "results"
    },
    "model_name": "GAT_politifact_10_shot_roberta_knn_6",
    "training_history": {
        "final_train_loss": 0.4183393120765686,
        "final_train_acc": 0.95,
        "final_val_loss": 0.5509337782859802,
        "final_val_acc": 0.7450980392156863,
        "final_val_f1": 0.7040178571428571,
        "best_val_f1": 0.7275641025641026,
        "best_epoch": 223,
        "total_epochs": 253,
        "training_time_seconds": 3.9797801971435547
    },
    "final_test_metrics": {
        "accuracy": 0.803921568627451,
        "precision": 0.7368421052631579,
        "recall": 0.4827586206896552,
        "f1_score": 0.5833333333333334,
        "confusion_matrix": [
            [
                68,
                5
            ],
            [
                15,
                14
            ]
        ]
    }
}