{
    "args": {
        "graph_path": "graphs_hetero/gossipcop/8_shot_bert_hetero_knn_5_smpf10.pt",
        "model": "HGT",
        "target_node_type": "news",
        "dropout_rate": 0.0,
        "hidden_channels": 128,
        "hgt_han_heads": 4,
        "hgt_layers": 1,
        "lr": 0.0001,
        "weight_decay": 0.0001,
        "n_epochs": 300,
        "patience": 30,
        "seed": 42,
        "output_dir_base": "results_hetero"
    },
    "model_name": "HGT_gossipcop_8_shot_bert_hetero_knn_5_smpf10",
    "training_history": {
        "final_train_loss": 0.0012541771866381168,
        "final_train_acc": 1.0,
        "final_val_loss": 1.7150474786758423,
        "final_val_acc": 0.593937125748503,
        "final_val_f1": 0.5282589505457178,
        "best_val_f1": 0.5307688324256314,
        "best_epoch": 116,
        "total_epochs_run": 146,
        "training_time_seconds": 5.260496139526367
    },
    "final_test_metrics_on_target_node": {
        "accuracy": 0.5976796407185628,
        "precision": 0.5576103813172779,
        "recall": 0.5926153544386058,
        "f1_score": 0.5307688324256314,
        "confusion_matrix": [
            [
                1303,
                866
            ],
            [
                209,
                294
            ]
        ]
    }
}