{
    "model": "MLP_politifact_9_shot_bert",
    "dataset": "politifact",
    "embedding": "bert",
    "k_shot": 9,
    "training_time": 0.5719971656799316,
    "best_epoch": 5,
    "final_train_accuracy": 1.0,
    "final_train_loss": 0.09455578029155731,
    "final_val_accuracy": 0.5,
    "final_val_loss": 0.9674039483070374,
    "final_val_f1": 0.3333333333333333,
    "test_metrics": {
        "accuracy": 0.5294117647058824,
        "precision": 0.6504487482286254,
        "recall": 0.6504487482286254,
        "f1_score": 0.5294117647058824,
        "confusion_matrix": [
            [
                27,
                46
            ],
            [
                2,
                27
            ]
        ]
    }
}