{
  "accuracy": 0.8137254901960784,
  "precision": 0.780241935483871,
  "recall": 0.8282947567312233,
  "f1_score": 0.7919484702093398
}