{
  "accuracy": 0.7743263473053892,
  "precision": 0.6393799562482909,
  "recall": 0.6495022488398333,
  "f1_score": 0.6439219031601838
}