{
    "args": {
        "graph_path": "graphs_hetero/politifact/10_shot_distilbert_hetero_knn_5_smpf10.pt",
        "model": "HGT",
        "target_node_type": "news",
        "dropout_rate": 0.0,
        "hidden_channels": 128,
        "hgt_han_heads": 4,
        "hgt_layers": 1,
        "lr": 0.0001,
        "weight_decay": 0.0001,
        "n_epochs": 300,
        "patience": 30,
        "seed": 42,
        "output_dir_base": "results_hetero"
    },
    "model_name": "HGT_politifact_10_shot_distilbert_hetero_knn_5_smpf10",
    "training_history": {
        "final_train_loss": 0.005384831223636866,
        "final_train_acc": 1.0,
        "final_val_loss": 0.8940033912658691,
        "final_val_acc": 0.7352941176470589,
        "final_val_f1": 0.7153488372093023,
        "best_val_f1": 0.7546794938826729,
        "best_epoch": 112,
        "total_epochs_run": 142,
        "training_time_seconds": 5.2271201610565186
    },
    "final_test_metrics_on_target_node": {
        "accuracy": 0.7745098039215687,
        "precision": 0.7496081504702194,
        "recall": 0.8008974964572508,
        "f1_score": 0.7546794938826729,
        "confusion_matrix": [
            [
                54,
                19
            ],
            [
                4,
                25
            ]
        ]
    }
}