{
  "accuracy": 0.7166916167664671,
  "precision": 0.5810878243512974,
  "recall": 0.5994952369691486,
  "f1_score": 0.5860698569941409
}