{
    "args": {
        "graph_path": "graphs_hetero/gossipcop/12_shot_roberta_hetero_dual_knn_sim5_dis5_psl10.pt",
        "model": "HAN",
        "target_node_type": "news",
        "dropout_rate": 0.0,
        "hidden_channels": 128,
        "hgt_han_heads": 4,
        "hgt_layers": 1,
        "lr": 0.0001,
        "weight_decay": 0.0001,
        "n_epochs": 300,
        "patience": 30,
        "seed": 42,
        "output_dir_base": "results_hetero"
    },
    "model_name": "HAN_gossipcop_12_shot_roberta_hetero_dual_knn_sim5_dis5_psl10",
    "training_history": {
        "final_train_loss": 0.23483024537563324,
        "final_train_acc": 1.0,
        "final_val_loss": 0.5817192196846008,
        "final_val_acc": 0.7039670658682635,
        "final_val_f1": 0.5956390935727617,
        "best_val_f1": 0.6083238238377541,
        "best_epoch": 151,
        "total_epochs_run": 300,
        "training_time_seconds": 6.586552381515503
    },
    "final_test_metrics_on_target_node": {
        "accuracy": 0.7339071856287425,
        "precision": 0.6015352787456446,
        "recall": 0.6230789536639088,
        "f1_score": 0.6083238238377541,
        "confusion_matrix": [
            [
                1737,
                432
            ],
            [
                279,
                224
            ]
        ]
    }
}