{
  "accuracy": 0.7979041916167665,
  "precision": 0.6771540005110868,
  "recall": 0.6938021479238905,
  "f1_score": 0.6844908794318176
}