{
  "accuracy": 0.8725490196078431,
  "precision": 0.8392857142857143,
  "recall": 0.8589985829003306,
  "f1_score": 0.8479880774962743
}