{
    "args": {
        "graph_path": "graphs_hetero/politifact/15_shot_roberta_hetero_dual_knn_sim5_dis5_smpf10_mv3.pt",
        "model": "HGT",
        "target_node_type": "news",
        "dropout_rate": 0.0,
        "hidden_channels": 128,
        "hgt_han_heads": 4,
        "hgt_layers": 1,
        "lr": 0.0001,
        "weight_decay": 0.0001,
        "n_epochs": 300,
        "patience": 30,
        "seed": 42,
        "output_dir_base": "results_hetero"
    },
    "model_name": "HGT_politifact_15_shot_roberta_hetero_dual_knn_sim5_dis5_smpf10_mv3",
    "training_history": {
        "final_train_loss": 0.0014491269830614328,
        "final_train_acc": 1.0,
        "final_val_loss": 0.4858086109161377,
        "final_val_acc": 0.8333333333333334,
        "final_val_f1": 0.8012151782643586,
        "best_val_f1": 0.8211572180011689,
        "best_epoch": 163,
        "total_epochs_run": 193,
        "training_time_seconds": 10.985533237457275
    },
    "final_test_metrics_on_target_node": {
        "accuracy": 0.8529411764705882,
        "precision": 0.8180555555555555,
        "recall": 0.824515824279641,
        "f1_score": 0.8211572180011689,
        "confusion_matrix": [
            [
                65,
                8
            ],
            [
                7,
                22
            ]
        ]
    }
}