{
    "args": {
        "graph_path": "graphs/politifact/13_shot_roberta_mutual_knn_7_smpf10.pt",
        "model": "GAT",
        "dropout_rate": 0.5,
        "hidden_channels": 128,
        "gat_heads": 8,
        "lr": 0.0001,
        "weight_decay": 0.0001,
        "n_epochs": 300,
        "patience": 30,
        "seed": 42,
        "output_dir": "results"
    },
    "model_name": "GAT_politifact_13_shot_roberta_mutual_knn_7_smpf10",
    "training_history": {
        "final_train_loss": 0.4209241569042206,
        "final_train_acc": 0.8461538461538461,
        "final_val_loss": 0.48871228098869324,
        "final_val_acc": 0.7941176470588235,
        "final_val_f1": 0.738621110433191,
        "best_val_f1": 0.7818304626815265,
        "best_epoch": 258,
        "total_epochs": 300,
        "training_time_seconds": 4.446555137634277
    },
    "final_test_metrics": {
        "accuracy": 0.8137254901960784,
        "precision": 0.6470588235294118,
        "recall": 0.7586206896551724,
        "f1_score": 0.6984126984126984,
        "confusion_matrix": [
            [
                61,
                12
            ],
            [
                7,
                22
            ]
        ]
    }
}