{
    "model": "MLP_politifact_8_shot_roberta",
    "dataset": "politifact",
    "embedding": "roberta",
    "k_shot": 8,
    "training_time": 0.5016624927520752,
    "best_epoch": 0,
    "final_train_accuracy": 0.9285714285714286,
    "final_train_loss": 0.5982147455215454,
    "final_val_accuracy": 0.0,
    "final_val_loss": 0.8115931749343872,
    "final_val_f1": 0.0,
    "test_metrics": {
        "accuracy": 0.7156862745098039,
        "precision": 0.35784313725490197,
        "recall": 0.5,
        "f1_score": 0.41714285714285715,
        "confusion_matrix": [
            [
                73,
                0
            ],
            [
                29,
                0
            ]
        ]
    }
}