{
    "args": {
        "graph_path": "graphs/gossipcop/16_shot_combined_knn_3_smpf10.pt",
        "model": "GAT",
        "dropout_rate": 0.5,
        "hidden_channels": 128,
        "gat_heads": 8,
        "lr": 0.0001,
        "weight_decay": 0.0001,
        "n_epochs": 300,
        "patience": 30,
        "seed": 42,
        "output_dir": "results"
    },
    "model_name": "GAT_gossipcop_16_shot_combined_knn_3_smpf10",
    "training_history": {
        "final_train_loss": 0.6324339509010315,
        "final_train_acc": 0.59375,
        "final_val_loss": 0.6735214591026306,
        "final_val_acc": 0.6410928143712575,
        "final_val_f1": 0.5348492563336664,
        "best_val_f1": 0.5534266794363721,
        "best_epoch": 32,
        "total_epochs": 78,
        "training_time_seconds": 1.7402095794677734
    },
    "final_test_metrics": {
        "accuracy": 0.718188622754491,
        "precision": 0.27106227106227104,
        "recall": 0.294234592445328,
        "f1_score": 0.28217349857006674,
        "confusion_matrix": [
            [
                1771,
                398
            ],
            [
                355,
                148
            ]
        ]
    }
}