{
    "args": {
        "graph_path": "graphs/gossipcop/4_shot_roberta_knn_5_smpf10.pt",
        "model": "GAT",
        "dropout_rate": 0.5,
        "hidden_channels": 128,
        "gat_heads": 8,
        "lr": 0.0001,
        "weight_decay": 0.0001,
        "n_epochs": 300,
        "patience": 30,
        "seed": 42,
        "output_dir": "results"
    },
    "model_name": "GAT_gossipcop_4_shot_roberta_knn_5_smpf10",
    "training_history": {
        "final_train_loss": 0.5045122504234314,
        "final_train_acc": 0.75,
        "final_val_loss": 0.6164464354515076,
        "final_val_acc": 0.7286676646706587,
        "final_val_f1": 0.561757431426191,
        "best_val_f1": 0.5676267839399106,
        "best_epoch": 118,
        "total_epochs": 169,
        "training_time_seconds": 3.6813786029815674
    },
    "final_test_metrics": {
        "accuracy": 0.7151946107784432,
        "precision": 0.5644571093431253,
        "recall": 0.5741406792073744,
        "f1_score": 0.5676267839399106,
        "confusion_matrix": [
            [
                1736,
                433
            ],
            [
                328,
                175
            ]
        ]
    }
}