{
    "args": {
        "graph_path": "graphs/gossipcop/4_shot_roberta_knn_5_smpf10.pt",
        "model": "GAT",
        "dropout_rate": 0.5,
        "hidden_channels": 128,
        "gat_heads": 8,
        "lr": 0.0001,
        "weight_decay": 0.0001,
        "n_epochs": 300,
        "patience": 30,
        "seed": 42,
        "output_dir": "results"
    },
    "model_name": "GAT_gossipcop_4_shot_roberta_knn_5_smpf10",
    "training_history": {
        "final_train_loss": 0.9440890550613403,
        "final_train_acc": 0.625,
        "final_val_loss": 0.5784733891487122,
        "final_val_acc": 0.7997754491017964,
        "final_val_f1": 0.4534335325975786,
        "best_val_f1": 0.4568877973783781,
        "best_epoch": 90,
        "total_epochs": 140,
        "training_time_seconds": 2.422708034515381
    },
    "final_test_metrics": {
        "accuracy": 0.8095059880239521,
        "precision": 0.3125,
        "recall": 0.009940357852882704,
        "f1_score": 0.019267822736030827,
        "confusion_matrix": [
            [
                2158,
                11
            ],
            [
                498,
                5
            ]
        ]
    }
}