{
    "args": {
        "graph_path": "graphs_hetero/gossipcop/3_shot_roberta_hetero_dual_knn_sim5_dis5_smpf10_mv3.pt",
        "model": "HAN",
        "target_node_type": "news",
        "dropout_rate": 0.0,
        "hidden_channels": 128,
        "hgt_han_heads": 4,
        "hgt_layers": 1,
        "lr": 0.0001,
        "weight_decay": 0.0001,
        "n_epochs": 300,
        "patience": 30,
        "seed": 42,
        "output_dir_base": "results_hetero"
    },
    "model_name": "HAN_gossipcop_3_shot_roberta_hetero_dual_knn_sim5_dis5_smpf10_mv3",
    "training_history": {
        "final_train_loss": 0.14264781773090363,
        "final_train_acc": 1.0,
        "final_val_loss": 0.6454936265945435,
        "final_val_acc": 0.6500748502994012,
        "final_val_f1": 0.5836893100342521,
        "best_val_f1": 0.626867755900014,
        "best_epoch": 116,
        "total_epochs_run": 300,
        "training_time_seconds": 11.260619640350342
    },
    "final_test_metrics_on_target_node": {
        "accuracy": 0.7369011976047904,
        "precision": 0.6179260883324827,
        "recall": 0.6516461397589566,
        "f1_score": 0.626867755900014,
        "confusion_matrix": [
            [
                1710,
                459
            ],
            [
                244,
                259
            ]
        ]
    }
}