{
  "accuracy": 0.7728293413173652,
  "precision": 0.6486871617912321,
  "recall": 0.6737761535902154,
  "f1_score": 0.6582857443838719
}