{
    "args": {
        "graph_path": "graphs/politifact/3_shot_roberta_mutual_knn_5.pt",
        "model": "GAT",
        "dropout_rate": 0.5,
        "hidden_channels": 128,
        "gat_heads": 8,
        "lr": 0.0001,
        "weight_decay": 0.0001,
        "n_epochs": 300,
        "patience": 30,
        "seed": 42,
        "output_dir": "results"
    },
    "model_name": "GAT_politifact_3_shot_roberta_mutual_knn_5",
    "training_history": {
        "final_train_loss": 0.30088022351264954,
        "final_train_acc": 1.0,
        "final_val_loss": 0.547836422920227,
        "final_val_acc": 0.7156862745098039,
        "final_val_f1": 0.6608964805686117,
        "best_val_f1": 0.7043478260869566,
        "best_epoch": 148,
        "total_epochs": 266,
        "training_time_seconds": 4.163271427154541
    },
    "final_test_metrics": {
        "accuracy": 0.7352941176470589,
        "precision": 0.525,
        "recall": 0.7241379310344828,
        "f1_score": 0.6086956521739131,
        "confusion_matrix": [
            [
                54,
                19
            ],
            [
                8,
                21
            ]
        ]
    }
}