{
  "accuracy": 0.7668413173652695,
  "precision": 0.635491099639319,
  "recall": 0.653290492178327,
  "f1_score": 0.6426978644800265
}