{
    "args": {
        "graph_path": "graphs/gossipcop/12_shot_roberta_mutual_knn_8_smpf10.pt",
        "model": "GAT",
        "dropout_rate": 0.5,
        "hidden_channels": 128,
        "gat_heads": 8,
        "lr": 0.0001,
        "weight_decay": 0.0001,
        "n_epochs": 300,
        "patience": 30,
        "seed": 42,
        "output_dir": "results"
    },
    "model_name": "GAT_gossipcop_12_shot_roberta_mutual_knn_8_smpf10",
    "training_history": {
        "final_train_loss": 0.6409575939178467,
        "final_train_acc": 0.75,
        "final_val_loss": 0.6233633160591125,
        "final_val_acc": 0.8061377245508982,
        "final_val_f1": 0.4501192649907591,
        "best_val_f1": 0.45290165884724415,
        "best_epoch": 1,
        "total_epochs": 41,
        "training_time_seconds": 1.3569540977478027
    },
    "final_test_metrics": {
        "accuracy": 0.7395209580838323,
        "precision": 0.4457887706370756,
        "recall": 0.4715432623255396,
        "f1_score": 0.45290165884724415,
        "confusion_matrix": [
            [
                1955,
                214
            ],
            [
                482,
                21
            ]
        ]
    }
}