{
  "accuracy": 0.8137254901960784,
  "precision": 0.7720588235294118,
  "recall": 0.7971185640056684,
  "f1_score": 0.7818304626815265
}