{
  "accuracy": 0.8529411764705882,
  "precision": 0.8186677631578947,
  "recall": 0.8660840812470477,
  "f1_score": 0.8333151759450921
}