{
    "args": {
        "graph_path": "graphs/gossipcop/4_shot_roberta_mutual_knn_4_smpf10.pt",
        "model": "GAT",
        "dropout_rate": 0.5,
        "hidden_channels": 128,
        "gat_heads": 8,
        "lr": 0.0001,
        "weight_decay": 0.0001,
        "n_epochs": 300,
        "patience": 30,
        "seed": 42,
        "output_dir": "results"
    },
    "model_name": "GAT_gossipcop_4_shot_roberta_mutual_knn_4_smpf10",
    "training_history": {
        "final_train_loss": 0.4755210876464844,
        "final_train_acc": 0.875,
        "final_val_loss": 0.6043664813041687,
        "final_val_acc": 0.7578592814371258,
        "final_val_f1": 0.5799296458259982,
        "best_val_f1": 0.5929474286476487,
        "best_epoch": 193,
        "total_epochs": 300,
        "training_time_seconds": 16.21248722076416
    },
    "final_test_metrics": {
        "accuracy": 0.7563622754491018,
        "precision": 0.5950831152132985,
        "recall": 0.5910993238356858,
        "f1_score": 0.5929474286476487,
        "confusion_matrix": [
            [
                1857,
                312
            ],
            [
                339,
                164
            ]
        ]
    }
}