{
    "args": {
        "graph_path": "graphs/gossipcop/16_shot_combined_knn_8_smpf10.pt",
        "model": "GAT",
        "dropout_rate": 0.5,
        "hidden_channels": 128,
        "gat_heads": 8,
        "lr": 0.0001,
        "weight_decay": 0.0001,
        "n_epochs": 300,
        "patience": 30,
        "seed": 42,
        "output_dir": "results"
    },
    "model_name": "GAT_gossipcop_16_shot_combined_knn_8_smpf10",
    "training_history": {
        "final_train_loss": 0.5945206880569458,
        "final_train_acc": 0.875,
        "final_val_loss": 0.6746535897254944,
        "final_val_acc": 0.5733532934131736,
        "final_val_f1": 0.48514184763979407,
        "best_val_f1": 0.5103839804674807,
        "best_epoch": 66,
        "total_epochs": 96,
        "training_time_seconds": 4.300833702087402
    },
    "final_test_metrics": {
        "accuracy": 0.7473802395209581,
        "precision": 0.5194190270683674,
        "recall": 0.5130329136293351,
        "f1_score": 0.5103839804674807,
        "confusion_matrix": [
            [
                1928,
                241
            ],
            [
                434,
                69
            ]
        ]
    }
}