{
    "args": {
        "graph_path": "graphs/gossipcop/16_shot_combined_knn_8_smpf10.pt",
        "model": "GAT",
        "dropout_rate": 0.5,
        "hidden_channels": 128,
        "gat_heads": 8,
        "lr": 0.0001,
        "weight_decay": 0.0001,
        "n_epochs": 300,
        "patience": 30,
        "seed": 42,
        "output_dir": "results"
    },
    "model_name": "GAT_gossipcop_16_shot_combined_knn_8_smpf10",
    "training_history": {
        "final_train_loss": 0.5560925006866455,
        "final_train_acc": 0.84375,
        "final_val_loss": 0.6918848156929016,
        "final_val_acc": 0.5067365269461078,
        "final_val_f1": 0.4623167871799883,
        "best_val_f1": 0.5293177499687248,
        "best_epoch": 125,
        "total_epochs": 187,
        "training_time_seconds": 3.1741230487823486
    },
    "final_test_metrics": {
        "accuracy": 0.6875,
        "precision": 0.23225806451612904,
        "recall": 0.28628230616302186,
        "f1_score": 0.25645592163846836,
        "confusion_matrix": [
            [
                1693,
                476
            ],
            [
                359,
                144
            ]
        ]
    }
}