{
    "args": {
        "graph_path": "graphs/politifact/7_shot_combined_knn_4_smpf10.pt",
        "model": "GAT",
        "dropout_rate": 0.5,
        "hidden_channels": 128,
        "gat_heads": 8,
        "lr": 0.0001,
        "weight_decay": 0.0001,
        "n_epochs": 300,
        "patience": 30,
        "seed": 42,
        "output_dir": "results"
    },
    "model_name": "GAT_politifact_7_shot_combined_knn_4_smpf10",
    "training_history": {
        "final_train_loss": 0.4943998157978058,
        "final_train_acc": 0.8571428571428571,
        "final_val_loss": 0.627893328666687,
        "final_val_acc": 0.7058823529411765,
        "final_val_f1": 0.6915322580645161,
        "best_val_f1": 0.733347275959427,
        "best_epoch": 157,
        "total_epochs": 187,
        "training_time_seconds": 3.1981444358825684
    },
    "final_test_metrics": {
        "accuracy": 0.7549019607843137,
        "precision": 0.5454545454545454,
        "recall": 0.8275862068965517,
        "f1_score": 0.6575342465753424,
        "confusion_matrix": [
            [
                53,
                20
            ],
            [
                5,
                24
            ]
        ]
    }
}