{
  "accuracy": 0.8529411764705882,
  "precision": 0.8165178571428571,
  "recall": 0.8349078885214927,
  "f1_score": 0.8246016278803163
}