{
    "args": {
        "graph_path": "graphs_hetero/gossipcop/16_shot_roberta_hetero_knn_5_smpf10.pt",
        "model": "HAN",
        "target_node_type": "news",
        "dropout_rate": 0.0,
        "hidden_channels": 128,
        "hgt_han_heads": 4,
        "hgt_layers": 1,
        "lr": 0.0001,
        "weight_decay": 0.0001,
        "n_epochs": 300,
        "patience": 30,
        "seed": 42,
        "output_dir_base": "results_hetero"
    },
    "model_name": "HAN_gossipcop_16_shot_roberta_hetero_knn_5_smpf10",
    "training_history": {
        "final_train_loss": 0.23140378296375275,
        "final_train_acc": 1.0,
        "final_val_loss": 0.6205947399139404,
        "final_val_acc": 0.655314371257485,
        "final_val_f1": 0.5665808309863695,
        "best_val_f1": 0.5984419102802163,
        "best_epoch": 82,
        "total_epochs_run": 300,
        "training_time_seconds": 4.914843320846558
    },
    "final_test_metrics_on_target_node": {
        "accuracy": 0.7223053892215568,
        "precision": 0.5923157457782153,
        "recall": 0.615169288556352,
        "f1_score": 0.5984419102802163,
        "confusion_matrix": [
            [
                1707,
                462
            ],
            [
                280,
                223
            ]
        ]
    }
}