{
    "args": {
        "graph_path": "graphs_hetero/gossipcop/16_shot_roberta_hetero_knn_5_smpf10.pt",
        "model": "HAN",
        "target_node_type": "news",
        "dropout_rate": 0.0,
        "hidden_channels": 128,
        "hgt_han_heads": 4,
        "hgt_layers": 1,
        "lr": 0.0001,
        "weight_decay": 0.0001,
        "n_epochs": 300,
        "patience": 30,
        "seed": 42,
        "output_dir_base": "results_hetero"
    },
    "model_name": "HAN_gossipcop_16_shot_roberta_hetero_knn_5_smpf10",
    "training_history": {
        "final_train_loss": 0.2350771725177765,
        "final_train_acc": 1.0,
        "final_val_loss": 0.6212998032569885,
        "final_val_acc": 0.6545658682634731,
        "final_val_f1": 0.5660089727921502,
        "best_val_f1": 0.6036459756628534,
        "best_epoch": 63,
        "total_epochs_run": 300,
        "training_time_seconds": 5.859377145767212
    },
    "final_test_metrics_on_target_node": {
        "accuracy": 0.7342814371257484,
        "precision": 0.5975662835959938,
        "recall": 0.6156743265625244,
        "f1_score": 0.6036459756628534,
        "confusion_matrix": [
            [
                1748,
                421
            ],
            [
                289,
                214
            ]
        ]
    }
}