{
    "args": {
        "graph_path": "graphs/gossipcop/6_shot_combined_knn_8_smpf10.pt",
        "model": "GAT",
        "dropout_rate": 0.5,
        "hidden_channels": 128,
        "gat_heads": 8,
        "lr": 0.0001,
        "weight_decay": 0.0001,
        "n_epochs": 300,
        "patience": 30,
        "seed": 42,
        "output_dir": "results"
    },
    "model_name": "GAT_gossipcop_6_shot_combined_knn_8_smpf10",
    "training_history": {
        "final_train_loss": 0.43457531929016113,
        "final_train_acc": 1.0,
        "final_val_loss": 0.6162623167037964,
        "final_val_acc": 0.7166916167664671,
        "final_val_f1": 0.5710370525105851,
        "best_val_f1": 0.5746877193531804,
        "best_epoch": 231,
        "total_epochs": 300,
        "training_time_seconds": 4.647929668426514
    },
    "final_test_metrics": {
        "accuracy": 0.7260479041916168,
        "precision": 0.3008695652173913,
        "recall": 0.34393638170974156,
        "f1_score": 0.3209647495361781,
        "confusion_matrix": [
            [
                1767,
                402
            ],
            [
                330,
                173
            ]
        ]
    }
}