{
    "args": {
        "graph_path": "graphs/gossipcop/6_shot_combined_knn_8_smpf10.pt",
        "model": "GAT",
        "dropout_rate": 0.5,
        "hidden_channels": 128,
        "gat_heads": 8,
        "lr": 0.0001,
        "weight_decay": 0.0001,
        "n_epochs": 300,
        "patience": 30,
        "seed": 42,
        "output_dir": "results"
    },
    "model_name": "GAT_gossipcop_6_shot_combined_knn_8_smpf10",
    "training_history": {
        "final_train_loss": 0.5369129180908203,
        "final_train_acc": 0.8333333333333334,
        "final_val_loss": 0.6082408428192139,
        "final_val_acc": 0.7563622754491018,
        "final_val_f1": 0.5935910888125823,
        "best_val_f1": 0.6041969352841405,
        "best_epoch": 146,
        "total_epochs": 189,
        "training_time_seconds": 6.097344636917114
    },
    "final_test_metrics": {
        "accuracy": 0.7638473053892215,
        "precision": 0.6069761171032357,
        "recall": 0.6018178618468992,
        "f1_score": 0.6041969352841405,
        "confusion_matrix": [
            [
                1869,
                300
            ],
            [
                331,
                172
            ]
        ]
    }
}