{
    "args": {
        "graph_path": "graphs/gossipcop/12_shot_combined_knn_8_smpf10.pt",
        "model": "GAT",
        "dropout_rate": 0.5,
        "hidden_channels": 128,
        "gat_heads": 8,
        "lr": 0.0001,
        "weight_decay": 0.0001,
        "n_epochs": 300,
        "patience": 30,
        "seed": 42,
        "output_dir": "results"
    },
    "model_name": "GAT_gossipcop_12_shot_combined_knn_8_smpf10",
    "training_history": {
        "final_train_loss": 0.5367555022239685,
        "final_train_acc": 0.7916666666666666,
        "final_val_loss": 0.6682826280593872,
        "final_val_acc": 0.6010479041916168,
        "final_val_f1": 0.5149023078123095,
        "best_val_f1": 0.5629438830253437,
        "best_epoch": 70,
        "total_epochs": 104,
        "training_time_seconds": 3.409550189971924
    },
    "final_test_metrics": {
        "accuracy": 0.780688622754491,
        "precision": 0.5923335310396444,
        "recall": 0.5572182396629902,
        "f1_score": 0.5629438830253437,
        "confusion_matrix": [
            [
                1986,
                183
            ],
            [
                403,
                100
            ]
        ]
    }
}