{
    "args": {
        "graph_path": "graphs/gossipcop/16_shot_combined_knn_6_smpf10.pt",
        "model": "GAT",
        "dropout_rate": 0.5,
        "hidden_channels": 128,
        "gat_heads": 8,
        "lr": 0.0001,
        "weight_decay": 0.0001,
        "n_epochs": 300,
        "patience": 30,
        "seed": 42,
        "output_dir": "results"
    },
    "model_name": "GAT_gossipcop_16_shot_combined_knn_6_smpf10",
    "training_history": {
        "final_train_loss": 0.6287544369697571,
        "final_train_acc": 0.6875,
        "final_val_loss": 0.6507893204689026,
        "final_val_acc": 0.7241766467065869,
        "final_val_f1": 0.5427860309558995,
        "best_val_f1": 0.5480211479243475,
        "best_epoch": 59,
        "total_epochs": 101,
        "training_time_seconds": 2.0776731967926025
    },
    "final_test_metrics": {
        "accuracy": 0.6923652694610778,
        "precision": 0.25796661608497723,
        "recall": 0.3379721669980119,
        "f1_score": 0.29259896729776247,
        "confusion_matrix": [
            [
                1680,
                489
            ],
            [
                333,
                170
            ]
        ]
    }
}