{
    "args": {
        "graph_path": "graphs/gossipcop/16_shot_combined_knn_6_smpf10.pt",
        "model": "GAT",
        "dropout_rate": 0.5,
        "hidden_channels": 128,
        "gat_heads": 8,
        "lr": 0.0001,
        "weight_decay": 0.0001,
        "n_epochs": 300,
        "patience": 30,
        "seed": 42,
        "output_dir": "results"
    },
    "model_name": "GAT_gossipcop_16_shot_combined_knn_6_smpf10",
    "training_history": {
        "final_train_loss": 0.591133177280426,
        "final_train_acc": 0.84375,
        "final_val_loss": 0.6621667146682739,
        "final_val_acc": 0.6178892215568862,
        "final_val_f1": 0.5088467861120968,
        "best_val_f1": 0.5289925611849109,
        "best_epoch": 71,
        "total_epochs": 101,
        "training_time_seconds": 4.563367128372192
    },
    "final_test_metrics": {
        "accuracy": 0.7062125748502994,
        "precision": 0.5285124112538097,
        "recall": 0.5296689205477142,
        "f1_score": 0.5289925611849109,
        "confusion_matrix": [
            [
                1763,
                406
            ],
            [
                379,
                124
            ]
        ]
    }
}