{
    "args": {
        "graph_path": "graphs_hetero/gossipcop/8_shot_roberta_hetero_knn_5_psl10.pt",
        "model": "HGT",
        "target_node_type": "news",
        "dropout_rate": 0.0,
        "hidden_channels": 128,
        "hgt_han_heads": 4,
        "hgt_layers": 1,
        "lr": 0.0001,
        "weight_decay": 0.0001,
        "n_epochs": 300,
        "patience": 30,
        "seed": 42,
        "output_dir_base": "results_hetero"
    },
    "model_name": "HGT_gossipcop_8_shot_roberta_hetero_knn_5_psl10",
    "training_history": {
        "final_train_loss": 0.011262460611760616,
        "final_train_acc": 1.0,
        "final_val_loss": 0.6378362774848938,
        "final_val_acc": 0.687125748502994,
        "final_val_f1": 0.5832499382465912,
        "best_val_f1": 0.5846670131384761,
        "best_epoch": 146,
        "total_epochs_run": 176,
        "training_time_seconds": 6.3578081130981445
    },
    "final_test_metrics_on_target_node": {
        "accuracy": 0.6927395209580839,
        "precision": 0.5819649786302623,
        "recall": 0.6129919423065113,
        "f1_score": 0.5846670131384761,
        "confusion_matrix": [
            [
                1607,
                562
            ],
            [
                259,
                244
            ]
        ]
    }
}