{
  "accuracy": 0.7647058823529411,
  "precision": 0.7313074770091963,
  "recall": 0.7732640529050543,
  "f1_score": 0.7390191897654584
}