{
    "args": {
        "graph_path": "graphs_hetero/politifact/7_shot_bigbird_hetero_knn_5_smpf10.pt",
        "model": "HAN",
        "target_node_type": "news",
        "dropout_rate": 0.0,
        "hidden_channels": 128,
        "hgt_han_heads": 4,
        "hgt_layers": 1,
        "lr": 0.0001,
        "weight_decay": 0.0001,
        "n_epochs": 300,
        "patience": 30,
        "seed": 42,
        "output_dir_base": "results_hetero"
    },
    "model_name": "HAN_politifact_7_shot_bigbird_hetero_knn_5_smpf10",
    "training_history": {
        "final_train_loss": 0.6140907406806946,
        "final_train_acc": 0.7142857142857143,
        "final_val_loss": 0.7214832901954651,
        "final_val_acc": 0.4019607843137255,
        "final_val_f1": 0.3972682359779134,
        "best_val_f1": 0.6053539684199518,
        "best_epoch": 3,
        "total_epochs_run": 33,
        "training_time_seconds": 1.9239144325256348
    },
    "final_test_metrics_on_target_node": {
        "accuracy": 0.6372549019607843,
        "precision": 0.609717868338558,
        "recall": 0.632262635805385,
        "f1_score": 0.6053539684199518,
        "confusion_matrix": [
            [
                47,
                26
            ],
            [
                11,
                18
            ]
        ]
    }
}