{
    "args": {
        "graph_path": "graphs/politifact/14_shot_bert_knn_7_smpf10.pt",
        "model": "GAT",
        "dropout_rate": 0.5,
        "hidden_channels": 128,
        "gat_heads": 8,
        "lr": 0.0001,
        "weight_decay": 0.0001,
        "n_epochs": 300,
        "patience": 30,
        "seed": 42,
        "output_dir": "results"
    },
    "model_name": "GAT_politifact_14_shot_bert_knn_7_smpf10",
    "training_history": {
        "final_train_loss": 0.4183720052242279,
        "final_train_acc": 0.7857142857142857,
        "final_val_loss": 0.6040168404579163,
        "final_val_acc": 0.7450980392156863,
        "final_val_f1": 0.7273848684210527,
        "best_val_f1": 0.7515620036005506,
        "best_epoch": 27,
        "total_epochs": 57,
        "training_time_seconds": 2.0109102725982666
    },
    "final_test_metrics": {
        "accuracy": 0.7745098039215687,
        "precision": 0.7440476190476191,
        "recall": 0.7905054322153992,
        "f1_score": 0.7515620036005506,
        "confusion_matrix": [
            [
                55,
                18
            ],
            [
                5,
                24
            ]
        ]
    }
}