{
  "accuracy": 0.7724550898203593,
  "precision": 0.6437735421563907,
  "recall": 0.6628564253024958,
  "f1_score": 0.6515361720492103
}