{
    "args": {
        "graph_path": "graphs/politifact/7_shot_combined_knn_8_smpf10.pt",
        "model": "GAT",
        "dropout_rate": 0.5,
        "hidden_channels": 128,
        "gat_heads": 8,
        "lr": 0.0001,
        "weight_decay": 0.0001,
        "n_epochs": 300,
        "patience": 30,
        "seed": 42,
        "output_dir": "results"
    },
    "model_name": "GAT_politifact_7_shot_combined_knn_8_smpf10",
    "training_history": {
        "final_train_loss": 0.5494281053543091,
        "final_train_acc": 0.8571428571428571,
        "final_val_loss": 0.659068763256073,
        "final_val_acc": 0.6568627450980392,
        "final_val_f1": 0.6511968734733757,
        "best_val_f1": 0.7590930562116203,
        "best_epoch": 41,
        "total_epochs": 73,
        "training_time_seconds": 2.7366743087768555
    },
    "final_test_metrics": {
        "accuracy": 0.803921568627451,
        "precision": 0.7590930562116203,
        "recall": 0.7590930562116203,
        "f1_score": 0.7590930562116203,
        "confusion_matrix": [
            [
                63,
                10
            ],
            [
                10,
                19
            ]
        ]
    }
}