{
    "args": {
        "graph_path": "graphs/politifact/7_shot_combined_knn_8_smpf10.pt",
        "model": "GAT",
        "dropout_rate": 0.5,
        "hidden_channels": 128,
        "gat_heads": 8,
        "lr": 0.0001,
        "weight_decay": 0.0001,
        "n_epochs": 300,
        "patience": 30,
        "seed": 42,
        "output_dir": "results"
    },
    "model_name": "GAT_politifact_7_shot_combined_knn_8_smpf10",
    "training_history": {
        "final_train_loss": 0.6007022857666016,
        "final_train_acc": 0.9285714285714286,
        "final_val_loss": 0.6504176259040833,
        "final_val_acc": 0.7156862745098039,
        "final_val_f1": 0.7031014754591991,
        "best_val_f1": 0.7292471042471043,
        "best_epoch": 69,
        "total_epochs": 99,
        "training_time_seconds": 1.8887758255004883
    },
    "final_test_metrics": {
        "accuracy": 0.7843137254901961,
        "precision": 0.6296296296296297,
        "recall": 0.5862068965517241,
        "f1_score": 0.6071428571428571,
        "confusion_matrix": [
            [
                63,
                10
            ],
            [
                12,
                17
            ]
        ]
    }
}