{
    "args": {
        "graph_path": "graphs/politifact/11_shot_combined_knn_5_smpf10.pt",
        "model": "GAT",
        "dropout_rate": 0.5,
        "hidden_channels": 128,
        "gat_heads": 8,
        "lr": 0.0001,
        "weight_decay": 0.0001,
        "n_epochs": 300,
        "patience": 30,
        "seed": 42,
        "output_dir": "results"
    },
    "model_name": "GAT_politifact_11_shot_combined_knn_5_smpf10",
    "training_history": {
        "final_train_loss": 0.5641560554504395,
        "final_train_acc": 0.6818181818181818,
        "final_val_loss": 0.6371436715126038,
        "final_val_acc": 0.7352941176470589,
        "final_val_f1": 0.7153488372093023,
        "best_val_f1": 0.7734658094681472,
        "best_epoch": 83,
        "total_epochs": 113,
        "training_time_seconds": 2.1747214794158936
    },
    "final_test_metrics": {
        "accuracy": 0.8137254901960784,
        "precision": 0.6666666666666666,
        "recall": 0.6896551724137931,
        "f1_score": 0.6779661016949152,
        "confusion_matrix": [
            [
                63,
                10
            ],
            [
                9,
                20
            ]
        ]
    }
}