{
    "args": {
        "graph_path": "graphs/politifact/11_shot_combined_knn_5_smpf10.pt",
        "model": "GAT",
        "dropout_rate": 0.5,
        "hidden_channels": 128,
        "gat_heads": 8,
        "lr": 0.0001,
        "weight_decay": 0.0001,
        "n_epochs": 300,
        "patience": 30,
        "seed": 42,
        "output_dir": "results"
    },
    "model_name": "GAT_politifact_11_shot_combined_knn_5_smpf10",
    "training_history": {
        "final_train_loss": 0.29278719425201416,
        "final_train_acc": 0.9090909090909091,
        "final_val_loss": 0.48278626799583435,
        "final_val_acc": 0.7843137254901961,
        "final_val_f1": 0.7536231884057971,
        "best_val_f1": 0.7777777777777777,
        "best_epoch": 30,
        "total_epochs": 300,
        "training_time_seconds": 11.592436790466309
    },
    "final_test_metrics": {
        "accuracy": 0.8333333333333334,
        "precision": 0.8113636363636363,
        "recall": 0.7588568729333962,
        "f1_score": 0.7777777777777777,
        "confusion_matrix": [
            [
                68,
                5
            ],
            [
                12,
                17
            ]
        ]
    }
}