{
  "accuracy": 0.7549019607843137,
  "precision": 0.7296238244514106,
  "recall": 0.7768068020784129,
  "f1_score": 0.733347275959427
}