{
  "accuracy": 0.8627450980392157,
  "precision": 0.8355555555555556,
  "recall": 0.8209730751062825,
  "f1_score": 0.8277027027027026
}