{
    "args": {
        "graph_path": "graphs/politifact/12_shot_roberta_knn_7_smpf10.pt",
        "model": "GAT",
        "dropout_rate": 0.5,
        "hidden_channels": 128,
        "gat_heads": 8,
        "lr": 0.0001,
        "weight_decay": 0.0001,
        "n_epochs": 300,
        "patience": 30,
        "seed": 42,
        "output_dir": "results"
    },
    "model_name": "GAT_politifact_12_shot_roberta_knn_7_smpf10",
    "training_history": {
        "final_train_loss": 0.5749791860580444,
        "final_train_acc": 0.7083333333333334,
        "final_val_loss": 0.6093964576721191,
        "final_val_acc": 0.7450980392156863,
        "final_val_f1": 0.6800193050193051,
        "best_val_f1": 0.7193175564116676,
        "best_epoch": 23,
        "total_epochs": 77,
        "training_time_seconds": 2.0093791484832764
    },
    "final_test_metrics": {
        "accuracy": 0.803921568627451,
        "precision": 0.788235294117647,
        "recall": 0.6967406707605102,
        "f1_score": 0.7193175564116676,
        "confusion_matrix": [
            [
                69,
                4
            ],
            [
                16,
                13
            ]
        ]
    }
}