{
    "args": {
        "graph_path": "graphs/politifact/12_shot_roberta_knn_7_smpf10.pt",
        "model": "GAT",
        "dropout_rate": 0.5,
        "hidden_channels": 128,
        "gat_heads": 8,
        "lr": 0.0001,
        "weight_decay": 0.0001,
        "n_epochs": 300,
        "patience": 30,
        "seed": 42,
        "output_dir": "results"
    },
    "model_name": "GAT_politifact_12_shot_roberta_knn_7_smpf10",
    "training_history": {
        "final_train_loss": 0.46967342495918274,
        "final_train_acc": 0.7916666666666666,
        "final_val_loss": 0.5767691135406494,
        "final_val_acc": 0.7156862745098039,
        "final_val_f1": 0.6906828401129352,
        "best_val_f1": 0.7109116674539442,
        "best_epoch": 63,
        "total_epochs": 228,
        "training_time_seconds": 3.3198769092559814
    },
    "final_test_metrics": {
        "accuracy": 0.7647058823529411,
        "precision": 0.5862068965517241,
        "recall": 0.5862068965517241,
        "f1_score": 0.5862068965517241,
        "confusion_matrix": [
            [
                61,
                12
            ],
            [
                12,
                17
            ]
        ]
    }
}