{
    "args": {
        "graph_path": "graphs_hetero/gossipcop/3_shot_roberta_hetero_knn_5_psl10.pt",
        "model": "HGT",
        "target_node_type": "news",
        "dropout_rate": 0.0,
        "hidden_channels": 128,
        "hgt_han_heads": 4,
        "hgt_layers": 1,
        "lr": 0.0001,
        "weight_decay": 0.0001,
        "n_epochs": 300,
        "patience": 30,
        "seed": 42,
        "output_dir_base": "results_hetero"
    },
    "model_name": "HGT_gossipcop_3_shot_roberta_hetero_knn_5_psl10",
    "training_history": {
        "final_train_loss": 0.11534921079874039,
        "final_train_acc": 1.0,
        "final_val_loss": 0.7081056833267212,
        "final_val_acc": 0.5194610778443114,
        "final_val_f1": 0.4970528424296869,
        "best_val_f1": 0.5704182751646658,
        "best_epoch": 42,
        "total_epochs_run": 124,
        "training_time_seconds": 5.054543972015381
    },
    "final_test_metrics_on_target_node": {
        "accuracy": 0.7114520958083832,
        "precision": 0.5668132345733811,
        "recall": 0.5794706175120783,
        "f1_score": 0.5704182751646658,
        "confusion_matrix": [
            [
                1716,
                453
            ],
            [
                318,
                185
            ]
        ]
    }
}