{
    "args": {
        "graph_path": "graphs/politifact/16_shot_bert_knn_7_smpf10.pt",
        "model": "GAT",
        "dropout_rate": 0.5,
        "hidden_channels": 128,
        "gat_heads": 8,
        "lr": 0.0001,
        "weight_decay": 0.0001,
        "n_epochs": 300,
        "patience": 30,
        "seed": 42,
        "output_dir": "results"
    },
    "model_name": "GAT_politifact_16_shot_bert_knn_7_smpf10",
    "training_history": {
        "final_train_loss": 0.25648123025894165,
        "final_train_acc": 0.875,
        "final_val_loss": 0.7196051478385925,
        "final_val_acc": 0.7450980392156863,
        "final_val_f1": 0.7273848684210527,
        "best_val_f1": 0.7546794938826729,
        "best_epoch": 35,
        "total_epochs": 65,
        "training_time_seconds": 2.419609308242798
    },
    "final_test_metrics": {
        "accuracy": 0.7745098039215687,
        "precision": 0.7496081504702194,
        "recall": 0.8008974964572508,
        "f1_score": 0.7546794938826729,
        "confusion_matrix": [
            [
                54,
                19
            ],
            [
                4,
                25
            ]
        ]
    }
}