{
  "accuracy": 0.7896706586826348,
  "precision": 0.6593074224952783,
  "recall": 0.6650617273766346,
  "f1_score": 0.6620477019953099
}