{
    "model": "LSTM_gossipcop_bert_4_shot",
    "dataset": "gossipcop",
    "embedding": "bert",
    "k_shot": 4,
    "training_time": 0.6396825313568115,
    "best_epoch": 0,
    "final_train_accuracy": 0.5714285714285714,
    "final_train_loss": 0.6272020936012268,
    "final_val_accuracy": 0.0,
    "final_val_loss": 0.8360365033149719,
    "final_val_f1": 0.0,
    "test_metrics": {
        "accuracy": 0.811751497005988,
        "precision": 0.405875748502994,
        "recall": 0.5,
        "f1_score": 0.4480479239826482,
        "confusion_matrix": [
            [
                2169,
                0
            ],
            [
                503,
                0
            ]
        ]
    }
}