{
    "args": {
        "graph_path": "graphs_hetero/gossipcop/8_shot_roberta_hetero_dual_knn_sim10_dis10_smpf5_mv3.pt",
        "model": "HGT",
        "target_node_type": "news",
        "dropout_rate": 0.0,
        "hidden_channels": 128,
        "hgt_han_heads": 4,
        "hgt_layers": 1,
        "sage_layers": 2,
        "gatv2_layers": 2,
        "lr": 0.0001,
        "weight_decay": 0.0001,
        "n_epochs": 300,
        "patience": 30,
        "seed": 42,
        "output_dir_base": "results_hetero"
    },
    "model_name": "HGT_gossipcop_8_shot_roberta_hetero_dual_knn_sim10_dis10_smpf5_mv3",
    "training_history": {
        "final_train_loss": 0.014042635448276997,
        "final_train_acc": 1.0,
        "final_val_loss": 0.6312246918678284,
        "final_val_acc": 0.7522455089820359,
        "final_val_f1": 0.5705535890301874,
        "best_val_f1": 0.5775297619047619,
        "best_epoch": 70,
        "total_epochs_run": 100,
        "training_time_seconds": 16.303194046020508
    },
    "final_test_metrics_on_target_node": {
        "accuracy": 0.7200598802395209,
        "precision": 0.5736003817230378,
        "recall": 0.5855361148003634,
        "f1_score": 0.5775297619047619,
        "confusion_matrix": [
            [
                1738,
                431
            ],
            [
                317,
                186
            ]
        ]
    }
}