{
    "args": {
        "graph_path": "graphs/gossipcop/14_shot_combined_knn_7_smpf10.pt",
        "model": "GAT",
        "dropout_rate": 0.5,
        "hidden_channels": 128,
        "gat_heads": 8,
        "lr": 0.0001,
        "weight_decay": 0.0001,
        "n_epochs": 300,
        "patience": 30,
        "seed": 42,
        "output_dir": "results"
    },
    "model_name": "GAT_gossipcop_14_shot_combined_knn_7_smpf10",
    "training_history": {
        "final_train_loss": 0.5383701920509338,
        "final_train_acc": 0.8928571428571429,
        "final_val_loss": 0.6559019088745117,
        "final_val_acc": 0.6085329341317365,
        "final_val_f1": 0.5015263227357525,
        "best_val_f1": 0.5201829121838029,
        "best_epoch": 130,
        "total_epochs": 160,
        "training_time_seconds": 6.2318174839019775
    },
    "final_test_metrics": {
        "accuracy": 0.6740269461077845,
        "precision": 0.5207183991482772,
        "recall": 0.5251144126481315,
        "f1_score": 0.5201829121838029,
        "confusion_matrix": [
            [
                1657,
                512
            ],
            [
                359,
                144
            ]
        ]
    }
}