{
  "accuracy": 0.781062874251497,
  "precision": 0.6499652284186089,
  "recall": 0.6612867745119875,
  "f1_score": 0.6550438841857377
}