{
    "args": {
        "graph_path": "graphs_hetero/gossipcop/11_shot_roberta_hetero_dual_knn_sim5_dis5_smpf10.pt",
        "model": "HGT",
        "target_node_type": "news",
        "dropout_rate": 0.0,
        "hidden_channels": 128,
        "hgt_han_heads": 4,
        "hgt_layers": 1,
        "lr": 0.0001,
        "weight_decay": 0.0001,
        "n_epochs": 300,
        "patience": 30,
        "seed": 42,
        "output_dir_base": "results_hetero"
    },
    "model_name": "HGT_gossipcop_11_shot_roberta_hetero_dual_knn_sim5_dis5_smpf10",
    "training_history": {
        "final_train_loss": 0.012913721613585949,
        "final_train_acc": 1.0,
        "final_val_loss": 0.5654881596565247,
        "final_val_acc": 0.749625748502994,
        "final_val_f1": 0.6136958468102431,
        "best_val_f1": 0.6308882442326288,
        "best_epoch": 125,
        "total_epochs_run": 173,
        "training_time_seconds": 9.347351551055908
    },
    "final_test_metrics_on_target_node": {
        "accuracy": 0.7709580838323353,
        "precision": 0.6290275080143105,
        "recall": 0.6329207786934455,
        "f1_score": 0.6308882442326288,
        "confusion_matrix": [
            [
                1853,
                316
            ],
            [
                296,
                207
            ]
        ]
    }
}