{
    "args": {
        "graph_path": "graphs/politifact/5_shot_roberta_mutual_knn_4.pt",
        "model": "GAT",
        "dropout_rate": 0.5,
        "hidden_channels": 128,
        "gat_heads": 8,
        "lr": 0.0001,
        "weight_decay": 0.0001,
        "n_epochs": 300,
        "patience": 30,
        "seed": 42,
        "output_dir": "results"
    },
    "model_name": "GAT_politifact_5_shot_roberta_mutual_knn_4",
    "training_history": {
        "final_train_loss": 0.7582467794418335,
        "final_train_acc": 0.5,
        "final_val_loss": 0.6162331104278564,
        "final_val_acc": 0.7058823529411765,
        "final_val_f1": 0.6025974025974026,
        "best_val_f1": 0.6442612555485099,
        "best_epoch": 69,
        "total_epochs": 125,
        "training_time_seconds": 2.4574763774871826
    },
    "final_test_metrics": {
        "accuracy": 0.7843137254901961,
        "precision": 0.8888888888888888,
        "recall": 0.27586206896551724,
        "f1_score": 0.42105263157894735,
        "confusion_matrix": [
            [
                72,
                1
            ],
            [
                21,
                8
            ]
        ]
    }
}