{
  "accuracy": 0.6785179640718563,
  "f1": 0.6893519019450515,
  "precision": 0.7016297701809032,
  "recall": 0.6785179640718563
}