{
  "accuracy": 0.6785179640718563,
  "f1": 0.5106455603931384,
  "precision": 0.5110145772221297,
  "recall": 0.5126103682194523,
  "confusion_matrix": [
    [
      1689,
      480
    ],
    [
      379,
      124
    ]
  ]
}