{
  "accuracy": 0.8627450980392157,
  "precision": 0.8415584415584416,
  "recall": 0.8105810108644308,
  "f1_score": 0.8237037037037036
}