{
    "model": "MLP_politifact_15_shot_bert",
    "dataset": "politifact",
    "embedding": "bert",
    "k_shot": 15,
    "training_time": 0.49462103843688965,
    "best_epoch": 1,
    "final_train_accuracy": 1.0,
    "final_train_loss": 0.23594878613948822,
    "final_val_accuracy": 1.0,
    "final_val_loss": 0.35092586278915405,
    "final_val_f1": 1.0,
    "test_metrics": {
        "accuracy": 0.6568627450980392,
        "precision": 0.6701388888888888,
        "recall": 0.7083136513934813,
        "f1_score": 0.6445285273324703,
        "confusion_matrix": [
            [
                43,
                30
            ],
            [
                5,
                24
            ]
        ]
    }
}