{
    "args": {
        "graph_path": "graphs/gossipcop/3_shot_bert_knn_6_smpf10.pt",
        "model": "GAT",
        "dropout_rate": 0.5,
        "hidden_channels": 128,
        "gat_heads": 8,
        "lr": 0.0001,
        "weight_decay": 0.0001,
        "n_epochs": 300,
        "patience": 30,
        "seed": 42,
        "output_dir": "results"
    },
    "model_name": "GAT_gossipcop_3_shot_bert_knn_6_smpf10",
    "training_history": {
        "final_train_loss": 0.1916264444589615,
        "final_train_acc": 1.0,
        "final_val_loss": 0.760890781879425,
        "final_val_acc": 0.5280688622754491,
        "final_val_f1": 0.47395456926356744,
        "best_val_f1": 0.5348796727446798,
        "best_epoch": 55,
        "total_epochs": 85,
        "training_time_seconds": 2.7866735458374023
    },
    "final_test_metrics": {
        "accuracy": 0.6826347305389222,
        "precision": 0.5342947685640861,
        "recall": 0.5418691172467271,
        "f1_score": 0.5348796727446798,
        "confusion_matrix": [
            [
                1665,
                504
            ],
            [
                344,
                159
            ]
        ]
    }
}