{
    "args": {
        "graph_path": "graphs/gossipcop/12_shot_combined_mutual_knn_8_smpf10.pt",
        "model": "GAT",
        "dropout_rate": 0.5,
        "hidden_channels": 128,
        "gat_heads": 8,
        "lr": 0.0001,
        "weight_decay": 0.0001,
        "n_epochs": 300,
        "patience": 30,
        "seed": 42,
        "output_dir": "results"
    },
    "model_name": "GAT_gossipcop_12_shot_combined_mutual_knn_8_smpf10",
    "training_history": {
        "final_train_loss": 0.6711758971214294,
        "final_train_acc": 0.7916666666666666,
        "final_val_loss": 0.6327601671218872,
        "final_val_acc": 0.7383982035928144,
        "final_val_f1": 0.5580110915615863,
        "best_val_f1": 0.5660410179549391,
        "best_epoch": 121,
        "total_epochs": 151,
        "training_time_seconds": 2.825547456741333
    },
    "final_test_metrics": {
        "accuracy": 0.7788173652694611,
        "precision": 0.3523489932885906,
        "recall": 0.20874751491053678,
        "f1_score": 0.26217228464419473,
        "confusion_matrix": [
            [
                1976,
                193
            ],
            [
                398,
                105
            ]
        ]
    }
}