{
    "args": {
        "graph_path": "graphs/gossipcop/5_shot_combined_mutual_knn_8_smpf10.pt",
        "model": "GAT",
        "dropout_rate": 0.5,
        "hidden_channels": 128,
        "gat_heads": 8,
        "lr": 0.0001,
        "weight_decay": 0.0001,
        "n_epochs": 300,
        "patience": 30,
        "seed": 42,
        "output_dir": "results"
    },
    "model_name": "GAT_gossipcop_5_shot_combined_mutual_knn_8_smpf10",
    "training_history": {
        "final_train_loss": 0.5514628291130066,
        "final_train_acc": 0.9,
        "final_val_loss": 0.636039674282074,
        "final_val_acc": 0.7874251497005988,
        "final_val_f1": 0.6003959978936282,
        "best_val_f1": 0.6116868171343919,
        "best_epoch": 92,
        "total_epochs": 151,
        "training_time_seconds": 2.68601655960083
    },
    "final_test_metrics": {
        "accuracy": 0.7604790419161677,
        "precision": 0.36699029126213595,
        "recall": 0.3757455268389662,
        "f1_score": 0.3713163064833006,
        "confusion_matrix": [
            [
                1843,
                326
            ],
            [
                314,
                189
            ]
        ]
    }
}