{
    "Training Time": "2.44 seconds",
    "Best Epoch": 92,
    "Train Accuracy": 0.8125,
    "Train Loss": 0.24346229434013367,
    "Validation Accuracy": 0.7745098039215687,
    "Validation Loss": 0.49658697843551636,
    "Validation F1": 0.676056338028169,
    "Test Accuracy (with last epoch model)": 0.7745098039215687,
    "Test F1 (with last epoch model)": 0.676056338028169,
    "Detailed Metrics (with best model)": {
        "Accuracy": 0.7941176470588235,
        "Precision": 0.6052631578947368,
        "Recall": 0.7931034482758621,
        "F1 Score": 0.6865671641791045,
        "Confusion Matrix": [
            [
                58,
                15
            ],
            [
                6,
                23
            ]
        ]
    }
}