{
    "args": {
        "graph_path": "graphs_hetero/gossipcop/13_shot_roberta_hetero_knn_5_psl10.pt",
        "model": "HGT",
        "target_node_type": "news",
        "dropout_rate": 0.0,
        "hidden_channels": 128,
        "hgt_han_heads": 4,
        "hgt_layers": 1,
        "lr": 0.0001,
        "weight_decay": 0.0001,
        "n_epochs": 300,
        "patience": 30,
        "seed": 42,
        "output_dir_base": "results_hetero"
    },
    "model_name": "HGT_gossipcop_13_shot_roberta_hetero_knn_5_psl10",
    "training_history": {
        "final_train_loss": 0.010941208340227604,
        "final_train_acc": 1.0,
        "final_val_loss": 0.6766247749328613,
        "final_val_acc": 0.6897455089820359,
        "final_val_f1": 0.5885763617442109,
        "best_val_f1": 0.5897044567798644,
        "best_epoch": 157,
        "total_epochs_run": 187,
        "training_time_seconds": 6.988164901733398
    },
    "final_test_metrics_on_target_node": {
        "accuracy": 0.6927395209580839,
        "precision": 0.5871701790876863,
        "recall": 0.6221541200010632,
        "f1_score": 0.5897044567798644,
        "confusion_matrix": [
            [
                1595,
                574
            ],
            [
                247,
                256
            ]
        ]
    }
}