{
    "args": {
        "graph_path": "graphs/gossipcop/3_shot_roberta_mutual_knn_3_smpf10.pt",
        "model": "GAT",
        "dropout_rate": 0.5,
        "hidden_channels": 128,
        "gat_heads": 8,
        "lr": 0.0001,
        "weight_decay": 0.0001,
        "n_epochs": 300,
        "patience": 30,
        "seed": 42,
        "output_dir": "results"
    },
    "model_name": "GAT_gossipcop_3_shot_roberta_mutual_knn_3_smpf10",
    "training_history": {
        "final_train_loss": 0.7767701148986816,
        "final_train_acc": 0.3333333333333333,
        "final_val_loss": 0.6078850030899048,
        "final_val_acc": 0.811751497005988,
        "final_val_f1": 0.45387736360810477,
        "best_val_f1": 0.5136286749304347,
        "best_epoch": 49,
        "total_epochs": 118,
        "training_time_seconds": 8.564545392990112
    },
    "final_test_metrics": {
        "accuracy": 0.7417664670658682,
        "precision": 0.22418879056047197,
        "recall": 0.15109343936381708,
        "f1_score": 0.18052256532066507,
        "confusion_matrix": [
            [
                1906,
                263
            ],
            [
                427,
                76
            ]
        ]
    }
}