{
    "args": {
        "graph_path": "graphs/politifact/7_shot_roberta_mutual_knn_4_smpf10.pt",
        "model": "GAT",
        "dropout_rate": 0.5,
        "hidden_channels": 128,
        "gat_heads": 8,
        "lr": 0.0001,
        "weight_decay": 0.0001,
        "n_epochs": 300,
        "patience": 30,
        "seed": 42,
        "output_dir": "results"
    },
    "model_name": "GAT_politifact_7_shot_roberta_mutual_knn_4_smpf10",
    "training_history": {
        "final_train_loss": 0.6821874976158142,
        "final_train_acc": 0.5714285714285714,
        "final_val_loss": 0.5322697758674622,
        "final_val_acc": 0.7254901960784313,
        "final_val_f1": 0.6627302786962683,
        "best_val_f1": 0.7536231884057971,
        "best_epoch": 169,
        "total_epochs": 300,
        "training_time_seconds": 4.489330291748047
    },
    "final_test_metrics": {
        "accuracy": 0.7843137254901961,
        "precision": 0.5945945945945946,
        "recall": 0.7586206896551724,
        "f1_score": 0.6666666666666666,
        "confusion_matrix": [
            [
                58,
                15
            ],
            [
                7,
                22
            ]
        ]
    }
}