{
  "accuracy": 0.5954341317365269,
  "f1": 0.5016768447060135,
  "precision": 0.5205889361499327,
  "recall": 0.5316780735595646,
  "confusion_matrix": [
    [
      1375,
      794
    ],
    [
      287,
      216
    ]
  ]
}