{
    "args": {
        "graph_path": "graphs/politifact/12_shot_combined_mutual_knn_6.pt",
        "model": "GAT",
        "dropout_rate": 0.5,
        "hidden_channels": 128,
        "gat_heads": 8,
        "lr": 0.0001,
        "weight_decay": 0.0001,
        "n_epochs": 300,
        "patience": 30,
        "seed": 42,
        "output_dir": "results"
    },
    "model_name": "GAT_politifact_12_shot_combined_mutual_knn_6",
    "training_history": {
        "final_train_loss": 0.4730255901813507,
        "final_train_acc": 0.7916666666666666,
        "final_val_loss": 0.5677556991577148,
        "final_val_acc": 0.7647058823529411,
        "final_val_f1": 0.7352941176470589,
        "best_val_f1": 0.7677125506072875,
        "best_epoch": 65,
        "total_epochs": 265,
        "training_time_seconds": 4.157810688018799
    },
    "final_test_metrics": {
        "accuracy": 0.8235294117647058,
        "precision": 0.7391304347826086,
        "recall": 0.5862068965517241,
        "f1_score": 0.6538461538461539,
        "confusion_matrix": [
            [
                67,
                6
            ],
            [
                12,
                17
            ]
        ]
    }
}