{
    "args": {
        "graph_path": "graphs_hetero/gossipcop/13_shot_distilbert_hetero_knn_5_smpf10.pt",
        "model": "HGT",
        "target_node_type": "news",
        "dropout_rate": 0.0,
        "hidden_channels": 128,
        "hgt_han_heads": 4,
        "hgt_layers": 1,
        "lr": 0.0001,
        "weight_decay": 0.0001,
        "n_epochs": 300,
        "patience": 30,
        "seed": 42,
        "output_dir_base": "results_hetero"
    },
    "model_name": "HGT_gossipcop_13_shot_distilbert_hetero_knn_5_smpf10",
    "training_history": {
        "final_train_loss": 0.0004603512934409082,
        "final_train_acc": 1.0,
        "final_val_loss": 1.9015616178512573,
        "final_val_acc": 0.6380988023952096,
        "final_val_f1": 0.5631104125962629,
        "best_val_f1": 0.568822311533309,
        "best_epoch": 160,
        "total_epochs_run": 190,
        "training_time_seconds": 7.035137414932251
    },
    "final_test_metrics_on_target_node": {
        "accuracy": 0.6429640718562875,
        "precision": 0.5822798140259795,
        "recall": 0.6289070555917606,
        "f1_score": 0.568822311533309,
        "confusion_matrix": [
            [
                1413,
                756
            ],
            [
                198,
                305
            ]
        ]
    }
}