{
    "args": {
        "graph_path": "graphs_hetero/politifact/12_shot_bigbird_hetero_knn_5_smpf10.pt",
        "model": "HAN",
        "target_node_type": "news",
        "dropout_rate": 0.0,
        "hidden_channels": 128,
        "hgt_han_heads": 4,
        "hgt_layers": 1,
        "lr": 0.0001,
        "weight_decay": 0.0001,
        "n_epochs": 300,
        "patience": 30,
        "seed": 42,
        "output_dir_base": "results_hetero"
    },
    "model_name": "HAN_politifact_12_shot_bigbird_hetero_knn_5_smpf10",
    "training_history": {
        "final_train_loss": 0.2981020510196686,
        "final_train_acc": 0.9166666666666666,
        "final_val_loss": 0.5867095589637756,
        "final_val_acc": 0.6666666666666666,
        "final_val_f1": 0.625,
        "best_val_f1": 0.6524307133121308,
        "best_epoch": 3,
        "total_epochs_run": 167,
        "training_time_seconds": 3.8305208683013916
    },
    "final_test_metrics_on_target_node": {
        "accuracy": 0.7058823529411765,
        "precision": 0.6482213438735178,
        "recall": 0.6594237128011337,
        "f1_score": 0.6524307133121308,
        "confusion_matrix": [
            [
                56,
                17
            ],
            [
                13,
                16
            ]
        ]
    }
}