{
    "args": {
        "graph_path": "graphs/politifact/8_shot_roberta_mutual_knn_7.pt",
        "model": "GAT",
        "dropout_rate": 0.5,
        "hidden_channels": 128,
        "gat_heads": 8,
        "lr": 0.0001,
        "weight_decay": 0.0001,
        "n_epochs": 300,
        "patience": 30,
        "seed": 42,
        "output_dir": "results"
    },
    "model_name": "GAT_politifact_8_shot_roberta_mutual_knn_7",
    "training_history": {
        "final_train_loss": 0.4834190309047699,
        "final_train_acc": 0.75,
        "final_val_loss": 0.6229333877563477,
        "final_val_acc": 0.7254901960784313,
        "final_val_f1": 0.686429512516469,
        "best_val_f1": 0.7419028340080972,
        "best_epoch": 53,
        "total_epochs": 104,
        "training_time_seconds": 2.182276725769043
    },
    "final_test_metrics": {
        "accuracy": 0.803921568627451,
        "precision": 0.6956521739130435,
        "recall": 0.5517241379310345,
        "f1_score": 0.6153846153846154,
        "confusion_matrix": [
            [
                66,
                7
            ],
            [
                13,
                16
            ]
        ]
    }
}