{
    "args": {
        "graph_path": "graphs/politifact/16_shot_bert_knn_8_smpf10.pt",
        "model": "GAT",
        "dropout_rate": 0.5,
        "hidden_channels": 128,
        "gat_heads": 8,
        "lr": 0.0001,
        "weight_decay": 0.0001,
        "n_epochs": 300,
        "patience": 30,
        "seed": 42,
        "output_dir": "results"
    },
    "model_name": "GAT_politifact_16_shot_bert_knn_8_smpf10",
    "training_history": {
        "final_train_loss": 0.2586115598678589,
        "final_train_acc": 0.9375,
        "final_val_loss": 0.7856272459030151,
        "final_val_acc": 0.6764705882352942,
        "final_val_f1": 0.6672268907563026,
        "best_val_f1": 0.7483552631578947,
        "best_epoch": 38,
        "total_epochs": 76,
        "training_time_seconds": 3.9227867126464844
    },
    "final_test_metrics": {
        "accuracy": 0.7647058823529411,
        "precision": 0.7493230174081238,
        "recall": 0.8044402456306093,
        "f1_score": 0.7483552631578947,
        "confusion_matrix": [
            [
                52,
                21
            ],
            [
                3,
                26
            ]
        ]
    }
}