{
    "args": {
        "graph_path": "graphs/gossipcop/6_shot_roberta_knn_4_smpf10.pt",
        "model": "GAT",
        "dropout_rate": 0.5,
        "hidden_channels": 128,
        "gat_heads": 8,
        "lr": 0.0001,
        "weight_decay": 0.0001,
        "n_epochs": 300,
        "patience": 30,
        "seed": 42,
        "output_dir": "results"
    },
    "model_name": "GAT_gossipcop_6_shot_roberta_knn_4_smpf10",
    "training_history": {
        "final_train_loss": 0.5337117314338684,
        "final_train_acc": 0.75,
        "final_val_loss": 0.5990301966667175,
        "final_val_acc": 0.8106287425149701,
        "final_val_f1": 0.44770566349731294,
        "best_val_f1": 0.45835495588998443,
        "best_epoch": 1,
        "total_epochs": 95,
        "training_time_seconds": 1.9898896217346191
    },
    "final_test_metrics": {
        "accuracy": 0.7380239520958084,
        "precision": 0.10441767068273092,
        "recall": 0.05168986083499006,
        "f1_score": 0.06914893617021277,
        "confusion_matrix": [
            [
                1946,
                223
            ],
            [
                477,
                26
            ]
        ]
    }
}