{
  "accuracy": 0.6666666666666666,
  "precision": 0.6506769825918761,
  "recall": 0.6839867737364195,
  "f1_score": 0.6435032894736843
}