{
    "args": {
        "graph_path": "graphs/politifact/8_shot_combined_knn_8_smpf10.pt",
        "model": "GAT",
        "dropout_rate": 0.5,
        "hidden_channels": 128,
        "gat_heads": 8,
        "lr": 0.0001,
        "weight_decay": 0.0001,
        "n_epochs": 300,
        "patience": 30,
        "seed": 42,
        "output_dir": "results"
    },
    "model_name": "GAT_politifact_8_shot_combined_knn_8_smpf10",
    "training_history": {
        "final_train_loss": 0.3962462842464447,
        "final_train_acc": 0.9375,
        "final_val_loss": 0.514805793762207,
        "final_val_acc": 0.8431372549019608,
        "final_val_f1": 0.8146297137664698,
        "best_val_f1": 0.8277608915906788,
        "best_epoch": 193,
        "total_epochs": 300,
        "training_time_seconds": 4.396480321884155
    },
    "final_test_metrics": {
        "accuracy": 0.8529411764705882,
        "precision": 0.7058823529411765,
        "recall": 0.8275862068965517,
        "f1_score": 0.7619047619047619,
        "confusion_matrix": [
            [
                63,
                10
            ],
            [
                5,
                24
            ]
        ]
    }
}