{
  "accuracy": 0.8431372549019608,
  "precision": 0.8095238095238095,
  "recall": 0.8592347661785545,
  "f1_score": 0.8235294117647058
}