{
    "args": {
        "graph_path": "graphs/politifact/5_shot_roberta_mutual_knn_6.pt",
        "model": "GAT",
        "dropout_rate": 0.5,
        "hidden_channels": 128,
        "gat_heads": 8,
        "lr": 0.0001,
        "weight_decay": 0.0001,
        "n_epochs": 300,
        "patience": 30,
        "seed": 42,
        "output_dir": "results"
    },
    "model_name": "GAT_politifact_5_shot_roberta_mutual_knn_6",
    "training_history": {
        "final_train_loss": 0.632691502571106,
        "final_train_acc": 0.8,
        "final_val_loss": 0.6383561491966248,
        "final_val_acc": 0.6470588235294118,
        "final_val_f1": 0.6085287846481876,
        "best_val_f1": 0.6671328671328671,
        "best_epoch": 69,
        "total_epochs": 128,
        "training_time_seconds": 2.603158950805664
    },
    "final_test_metrics": {
        "accuracy": 0.7941176470588235,
        "precision": 0.9,
        "recall": 0.3103448275862069,
        "f1_score": 0.46153846153846156,
        "confusion_matrix": [
            [
                72,
                1
            ],
            [
                20,
                9
            ]
        ]
    }
}