{
  "accuracy": 0.4958832335329341,
  "f1": 0.5447987320394969,
  "precision": 0.7419689464051651,
  "recall": 0.4958832335329341
}