{
    "args": {
        "graph_path": "graphs/politifact/3_shot_combined_mutual_knn_6_smpf10.pt",
        "model": "GAT",
        "dropout_rate": 0.5,
        "hidden_channels": 128,
        "gat_heads": 8,
        "lr": 0.0001,
        "weight_decay": 0.0001,
        "n_epochs": 300,
        "patience": 30,
        "seed": 42,
        "output_dir": "results"
    },
    "model_name": "GAT_politifact_3_shot_combined_mutual_knn_6_smpf10",
    "training_history": {
        "final_train_loss": 0.4857501983642578,
        "final_train_acc": 0.6666666666666666,
        "final_val_loss": 0.6427010297775269,
        "final_val_acc": 0.6764705882352942,
        "final_val_f1": 0.6621499548328816,
        "best_val_f1": 0.678030303030303,
        "best_epoch": 103,
        "total_epochs": 173,
        "training_time_seconds": 2.938091516494751
    },
    "final_test_metrics": {
        "accuracy": 0.7058823529411765,
        "precision": 0.4883720930232558,
        "recall": 0.7241379310344828,
        "f1_score": 0.5833333333333334,
        "confusion_matrix": [
            [
                51,
                22
            ],
            [
                8,
                21
            ]
        ]
    }
}