{
  "accuracy": 0.8333333333333334,
  "precision": 0.7963320463320464,
  "recall": 0.7900330656589514,
  "f1_score": 0.7930540637307555
}