{
    "args": {
        "graph_path": "graphs/politifact/12_shot_roberta_mutual_knn_6.pt",
        "model": "GAT",
        "dropout_rate": 0.5,
        "hidden_channels": 128,
        "gat_heads": 8,
        "lr": 0.0001,
        "weight_decay": 0.0001,
        "n_epochs": 300,
        "patience": 30,
        "seed": 42,
        "output_dir": "results"
    },
    "model_name": "GAT_politifact_12_shot_roberta_mutual_knn_6",
    "training_history": {
        "final_train_loss": 0.6333613991737366,
        "final_train_acc": 0.7916666666666666,
        "final_val_loss": 0.600629448890686,
        "final_val_acc": 0.6470588235294118,
        "final_val_f1": 0.622532894736842,
        "best_val_f1": 0.7578408096963638,
        "best_epoch": 142,
        "total_epochs": 197,
        "training_time_seconds": 3.3494656085968018
    },
    "final_test_metrics": {
        "accuracy": 0.8137254901960784,
        "precision": 0.7083333333333334,
        "recall": 0.5862068965517241,
        "f1_score": 0.6415094339622641,
        "confusion_matrix": [
            [
                66,
                7
            ],
            [
                12,
                17
            ]
        ]
    }
}