{
    "args": {
        "graph_path": "graphs/gossipcop/4_shot_roberta_knn_5_psl10.pt",
        "model": "GAT",
        "dropout_rate": 0.5,
        "hidden_channels": 128,
        "gat_heads": 8,
        "lr": 0.0001,
        "weight_decay": 0.0001,
        "n_epochs": 300,
        "patience": 30,
        "seed": 42,
        "output_dir": "results"
    },
    "model_name": "GAT_gossipcop_4_shot_roberta_knn_5_psl10",
    "training_history": {
        "final_train_loss": 0.5142294764518738,
        "final_train_acc": 0.75,
        "final_val_loss": 0.6526793241500854,
        "final_val_acc": 0.6272455089820359,
        "final_val_f1": 0.5498396460033289,
        "best_val_f1": 0.5851639340677602,
        "best_epoch": 131,
        "total_epochs": 171,
        "training_time_seconds": 2.9198169708251953
    },
    "final_test_metrics": {
        "accuracy": 0.7342814371257484,
        "precision": 0.582008068468876,
        "recall": 0.5897148230946272,
        "f1_score": 0.5851639340677602,
        "confusion_matrix": [
            [
                1782,
                387
            ],
            [
                323,
                180
            ]
        ]
    }
}