{
  "accuracy": 0.6216317365269461,
  "precision": 0.5943916281087334,
  "recall": 0.6531795854655378,
  "f1_score": 0.566485406511404
}