{
    "args": {
        "graph_path": "graphs/gossipcop/15_shot_combined_knn_4_smpf10.pt",
        "model": "GAT",
        "dropout_rate": 0.5,
        "hidden_channels": 128,
        "gat_heads": 8,
        "lr": 0.0001,
        "weight_decay": 0.0001,
        "n_epochs": 300,
        "patience": 30,
        "seed": 42,
        "output_dir": "results"
    },
    "model_name": "GAT_gossipcop_15_shot_combined_knn_4_smpf10",
    "training_history": {
        "final_train_loss": 0.6726347208023071,
        "final_train_acc": 0.8,
        "final_val_loss": 0.644389271736145,
        "final_val_acc": 0.6770209580838323,
        "final_val_f1": 0.5476377541101664,
        "best_val_f1": 0.5529752215590522,
        "best_epoch": 138,
        "total_epochs": 174,
        "training_time_seconds": 2.952857732772827
    },
    "final_test_metrics": {
        "accuracy": 0.6953592814371258,
        "precision": 0.264750378214826,
        "recall": 0.34791252485089463,
        "f1_score": 0.3006872852233677,
        "confusion_matrix": [
            [
                1683,
                486
            ],
            [
                328,
                175
            ]
        ]
    }
}