{
    "args": {
        "graph_path": "graphs/politifact/6_shot_roberta_mutual_knn_3_smpf10.pt",
        "model": "GAT",
        "dropout_rate": 0.5,
        "hidden_channels": 128,
        "gat_heads": 8,
        "lr": 0.0001,
        "weight_decay": 0.0001,
        "n_epochs": 300,
        "patience": 30,
        "seed": 42,
        "output_dir": "results"
    },
    "model_name": "GAT_politifact_6_shot_roberta_mutual_knn_3_smpf10",
    "training_history": {
        "final_train_loss": 0.4144700765609741,
        "final_train_acc": 0.8333333333333334,
        "final_val_loss": 0.6265732049942017,
        "final_val_acc": 0.7058823529411765,
        "final_val_f1": 0.6584821428571428,
        "best_val_f1": 0.6671328671328671,
        "best_epoch": 49,
        "total_epochs": 123,
        "training_time_seconds": 2.1549782752990723
    },
    "final_test_metrics": {
        "accuracy": 0.7941176470588235,
        "precision": 0.9,
        "recall": 0.3103448275862069,
        "f1_score": 0.46153846153846156,
        "confusion_matrix": [
            [
                72,
                1
            ],
            [
                20,
                9
            ]
        ]
    }
}