{
    "args": {
        "graph_path": "graphs/politifact/12_shot_roberta_knn_6_smpf10.pt",
        "model": "GAT",
        "dropout_rate": 0.5,
        "hidden_channels": 128,
        "gat_heads": 8,
        "lr": 0.0001,
        "weight_decay": 0.0001,
        "n_epochs": 300,
        "patience": 30,
        "seed": 42,
        "output_dir": "results"
    },
    "model_name": "GAT_politifact_12_shot_roberta_knn_6_smpf10",
    "training_history": {
        "final_train_loss": 0.53777015209198,
        "final_train_acc": 0.8333333333333334,
        "final_val_loss": 0.5768787264823914,
        "final_val_acc": 0.7941176470588235,
        "final_val_f1": 0.7323503686117705,
        "best_val_f1": 0.7516339869281046,
        "best_epoch": 82,
        "total_epochs": 164,
        "training_time_seconds": 2.8275938034057617
    },
    "final_test_metrics": {
        "accuracy": 0.8137254901960784,
        "precision": 0.7272727272727273,
        "recall": 0.5517241379310345,
        "f1_score": 0.6274509803921569,
        "confusion_matrix": [
            [
                67,
                6
            ],
            [
                13,
                16
            ]
        ]
    }
}