{
    "args": {
        "graph_path": "graphs/gossipcop/15_shot_roberta_mutual_knn_5_smpf10.pt",
        "model": "GAT",
        "dropout_rate": 0.5,
        "hidden_channels": 128,
        "gat_heads": 8,
        "lr": 0.0001,
        "weight_decay": 0.0001,
        "n_epochs": 300,
        "patience": 30,
        "seed": 42,
        "output_dir": "results"
    },
    "model_name": "GAT_gossipcop_15_shot_roberta_mutual_knn_5_smpf10",
    "training_history": {
        "final_train_loss": 0.5618434548377991,
        "final_train_acc": 0.6333333333333333,
        "final_val_loss": 0.6465796232223511,
        "final_val_acc": 0.6399700598802395,
        "final_val_f1": 0.4926032139067159,
        "best_val_f1": 0.5109866941529235,
        "best_epoch": 179,
        "total_epochs": 221,
        "training_time_seconds": 12.707480192184448
    },
    "final_test_metrics": {
        "accuracy": 0.719311377245509,
        "precision": 0.5125830519123538,
        "recall": 0.5110141364812508,
        "f1_score": 0.5109866941529235,
        "confusion_matrix": [
            [
                1833,
                336
            ],
            [
                414,
                89
            ]
        ]
    }
}