{
    "args": {
        "graph_path": "graphs/gossipcop/4_shot_bert_knn_8_smpf10.pt",
        "model": "GAT",
        "dropout_rate": 0.5,
        "hidden_channels": 128,
        "gat_heads": 8,
        "lr": 0.0001,
        "weight_decay": 0.0001,
        "n_epochs": 300,
        "patience": 30,
        "seed": 42,
        "output_dir": "results"
    },
    "model_name": "GAT_gossipcop_4_shot_bert_knn_8_smpf10",
    "training_history": {
        "final_train_loss": 0.23246730864048004,
        "final_train_acc": 1.0,
        "final_val_loss": 0.706932008266449,
        "final_val_acc": 0.5688622754491018,
        "final_val_f1": 0.5049610934991148,
        "best_val_f1": 0.5353934718251472,
        "best_epoch": 59,
        "total_epochs": 89,
        "training_time_seconds": 3.8894948959350586
    },
    "final_test_metrics": {
        "accuracy": 0.6511976047904192,
        "precision": 0.5399020141535111,
        "recall": 0.5561000066910662,
        "f1_score": 0.5353934718251472,
        "confusion_matrix": [
            [
                1537,
                632
            ],
            [
                300,
                203
            ]
        ]
    }
}