{
    "model": "MLP_politifact_12_shot_roberta",
    "dataset": "politifact",
    "embedding": "roberta",
    "k_shot": 12,
    "training_time": 0.5153963565826416,
    "best_epoch": 0,
    "final_train_accuracy": 0.7619047619047619,
    "final_train_loss": 0.6159394979476929,
    "final_val_accuracy": 0.3333333333333333,
    "final_val_loss": 0.7090875506401062,
    "final_val_f1": 0.25,
    "test_metrics": {
        "accuracy": 0.28431372549019607,
        "precision": 0.14215686274509803,
        "recall": 0.5,
        "f1_score": 0.22137404580152673,
        "confusion_matrix": [
            [
                0,
                73
            ],
            [
                0,
                29
            ]
        ]
    }
}