{
    "args": {
        "graph_path": "graphs/politifact/7_shot_combined_knn_4.pt",
        "model": "GAT",
        "dropout_rate": 0.5,
        "hidden_channels": 128,
        "gat_heads": 8,
        "lr": 0.0001,
        "weight_decay": 0.0001,
        "n_epochs": 300,
        "patience": 30,
        "seed": 42,
        "output_dir": "results"
    },
    "model_name": "GAT_politifact_7_shot_combined_knn_4",
    "training_history": {
        "final_train_loss": 0.5432161688804626,
        "final_train_acc": 0.7857142857142857,
        "final_val_loss": 0.6557450294494629,
        "final_val_acc": 0.6666666666666666,
        "final_val_f1": 0.6582577847851794,
        "best_val_f1": 0.7291404612159329,
        "best_epoch": 72,
        "total_epochs": 116,
        "training_time_seconds": 1.953962802886963
    },
    "final_test_metrics": {
        "accuracy": 0.8137254901960784,
        "precision": 0.8125,
        "recall": 0.4482758620689655,
        "f1_score": 0.5777777777777777,
        "confusion_matrix": [
            [
                70,
                3
            ],
            [
                16,
                13
            ]
        ]
    }
}