{
    "args": {
        "graph_path": "graphs/politifact/15_shot_combined_mutual_knn_3.pt",
        "model": "GAT",
        "dropout_rate": 0.5,
        "hidden_channels": 128,
        "gat_heads": 8,
        "lr": 0.0001,
        "weight_decay": 0.0001,
        "n_epochs": 300,
        "patience": 30,
        "seed": 42,
        "output_dir": "results"
    },
    "model_name": "GAT_politifact_15_shot_combined_mutual_knn_3",
    "training_history": {
        "final_train_loss": 0.7493921518325806,
        "final_train_acc": 0.5666666666666667,
        "final_val_loss": 0.6240972876548767,
        "final_val_acc": 0.7941176470588235,
        "final_val_f1": 0.7629219701162148,
        "best_val_f1": 0.7831837505904582,
        "best_epoch": 68,
        "total_epochs": 129,
        "training_time_seconds": 2.413498878479004
    },
    "final_test_metrics": {
        "accuracy": 0.8235294117647058,
        "precision": 0.6896551724137931,
        "recall": 0.6896551724137931,
        "f1_score": 0.6896551724137931,
        "confusion_matrix": [
            [
                64,
                9
            ],
            [
                9,
                20
            ]
        ]
    }
}