{
    "args": {
        "graph_path": "graphs/gossipcop/4_shot_roberta_knn_6_smpf10.pt",
        "model": "GAT",
        "dropout_rate": 0.5,
        "hidden_channels": 128,
        "gat_heads": 8,
        "lr": 0.0001,
        "weight_decay": 0.0001,
        "n_epochs": 300,
        "patience": 30,
        "seed": 42,
        "output_dir": "results"
    },
    "model_name": "GAT_gossipcop_4_shot_roberta_knn_6_smpf10",
    "training_history": {
        "final_train_loss": 0.5752699375152588,
        "final_train_acc": 0.625,
        "final_val_loss": 0.6163744926452637,
        "final_val_acc": 0.8068862275449101,
        "final_val_f1": 0.4614216338852118,
        "best_val_f1": 0.4680109291932307,
        "best_epoch": 9,
        "total_epochs": 75,
        "training_time_seconds": 1.720249891281128
    },
    "final_test_metrics": {
        "accuracy": 0.7361526946107785,
        "precision": 0.12867647058823528,
        "recall": 0.06958250497017893,
        "f1_score": 0.09032258064516129,
        "confusion_matrix": [
            [
                1932,
                237
            ],
            [
                468,
                35
            ]
        ]
    }
}