{
    "args": {
        "graph_path": "graphs/gossipcop/4_shot_roberta_knn_6_smpf10.pt",
        "model": "GAT",
        "dropout_rate": 0.5,
        "hidden_channels": 128,
        "gat_heads": 8,
        "lr": 0.0001,
        "weight_decay": 0.0001,
        "n_epochs": 300,
        "patience": 30,
        "seed": 42,
        "output_dir": "results"
    },
    "model_name": "GAT_gossipcop_4_shot_roberta_knn_6_smpf10",
    "training_history": {
        "final_train_loss": 0.6452025175094604,
        "final_train_acc": 0.75,
        "final_val_loss": 0.619286060333252,
        "final_val_acc": 0.6725299401197605,
        "final_val_f1": 0.5512702525765014,
        "best_val_f1": 0.5628403623408582,
        "best_epoch": 200,
        "total_epochs": 238,
        "training_time_seconds": 6.706645488739014
    },
    "final_test_metrics": {
        "accuracy": 0.7249251497005988,
        "precision": 0.5612987890442285,
        "recall": 0.5648639284624205,
        "f1_score": 0.5628403623408582,
        "confusion_matrix": [
            [
                1782,
                387
            ],
            [
                348,
                155
            ]
        ]
    }
}