{
    "args": {
        "graph_path": "graphs/politifact/10_shot_combined_mutual_knn_6.pt",
        "model": "GAT",
        "dropout_rate": 0.5,
        "hidden_channels": 128,
        "gat_heads": 8,
        "lr": 0.0001,
        "weight_decay": 0.0001,
        "n_epochs": 300,
        "patience": 30,
        "seed": 42,
        "output_dir": "results"
    },
    "model_name": "GAT_politifact_10_shot_combined_mutual_knn_6",
    "training_history": {
        "final_train_loss": 0.37050995230674744,
        "final_train_acc": 0.95,
        "final_val_loss": 0.5496811866760254,
        "final_val_acc": 0.7647058823529411,
        "final_val_f1": 0.7267857142857144,
        "best_val_f1": 0.7784749034749034,
        "best_epoch": 228,
        "total_epochs": 264,
        "training_time_seconds": 4.117551326751709
    },
    "final_test_metrics": {
        "accuracy": 0.8235294117647058,
        "precision": 0.7037037037037037,
        "recall": 0.6551724137931034,
        "f1_score": 0.6785714285714286,
        "confusion_matrix": [
            [
                65,
                8
            ],
            [
                10,
                19
            ]
        ]
    }
}