{
    "args": {
        "graph_path": "graphs/politifact/16_shot_roberta_mutual_knn_3.pt",
        "model": "GAT",
        "dropout_rate": 0.5,
        "hidden_channels": 128,
        "gat_heads": 8,
        "lr": 0.0001,
        "weight_decay": 0.0001,
        "n_epochs": 300,
        "patience": 30,
        "seed": 42,
        "output_dir": "results"
    },
    "model_name": "GAT_politifact_16_shot_roberta_mutual_knn_3",
    "training_history": {
        "final_train_loss": 0.6435520052909851,
        "final_train_acc": 0.65625,
        "final_val_loss": 0.5737801790237427,
        "final_val_acc": 0.7941176470588235,
        "final_val_f1": 0.7179723502304147,
        "best_val_f1": 0.7323503686117705,
        "best_epoch": 81,
        "total_epochs": 139,
        "training_time_seconds": 2.486917495727539
    },
    "final_test_metrics": {
        "accuracy": 0.7941176470588235,
        "precision": 0.6666666666666666,
        "recall": 0.5517241379310345,
        "f1_score": 0.6037735849056604,
        "confusion_matrix": [
            [
                65,
                8
            ],
            [
                13,
                16
            ]
        ]
    }
}