{
    "args": {
        "graph_path": "graphs/politifact/9_shot_bert_knn_7_smpf10.pt",
        "model": "GAT",
        "dropout_rate": 0.5,
        "hidden_channels": 128,
        "gat_heads": 8,
        "lr": 0.0001,
        "weight_decay": 0.0001,
        "n_epochs": 300,
        "patience": 30,
        "seed": 42,
        "output_dir": "results"
    },
    "model_name": "GAT_politifact_9_shot_bert_knn_7_smpf10",
    "training_history": {
        "final_train_loss": 0.20815938711166382,
        "final_train_acc": 0.9444444444444444,
        "final_val_loss": 0.661795973777771,
        "final_val_acc": 0.7450980392156863,
        "final_val_f1": 0.7243243243243244,
        "best_val_f1": 0.7546794938826729,
        "best_epoch": 30,
        "total_epochs": 74,
        "training_time_seconds": 2.0960466861724854
    },
    "final_test_metrics": {
        "accuracy": 0.7745098039215687,
        "precision": 0.7496081504702194,
        "recall": 0.8008974964572508,
        "f1_score": 0.7546794938826729,
        "confusion_matrix": [
            [
                54,
                19
            ],
            [
                4,
                25
            ]
        ]
    }
}