{
    "args": {
        "graph_path": "graphs/politifact/5_shot_combined_knn_8_smpf10.pt",
        "model": "GAT",
        "dropout_rate": 0.5,
        "hidden_channels": 128,
        "gat_heads": 8,
        "lr": 0.0001,
        "weight_decay": 0.0001,
        "n_epochs": 300,
        "patience": 30,
        "seed": 42,
        "output_dir": "results"
    },
    "model_name": "GAT_politifact_5_shot_combined_knn_8_smpf10",
    "training_history": {
        "final_train_loss": 0.49559760093688965,
        "final_train_acc": 0.8,
        "final_val_loss": 0.6274056434631348,
        "final_val_acc": 0.7156862745098039,
        "final_val_f1": 0.7004556962025317,
        "best_val_f1": 0.7855008301051467,
        "best_epoch": 78,
        "total_epochs": 167,
        "training_time_seconds": 2.9472076892852783
    },
    "final_test_metrics": {
        "accuracy": 0.8137254901960784,
        "precision": 0.6388888888888888,
        "recall": 0.7931034482758621,
        "f1_score": 0.7076923076923077,
        "confusion_matrix": [
            [
                60,
                13
            ],
            [
                6,
                23
            ]
        ]
    }
}