{
    "args": {
        "graph_path": "graphs_hetero/politifact/16_shot_roberta_hetero_dual_knn_sim5_dis5_smpf10_mv3.pt",
        "model": "HGT",
        "target_node_type": "news",
        "dropout_rate": 0.0,
        "hidden_channels": 128,
        "hgt_han_heads": 4,
        "hgt_layers": 1,
        "lr": 0.0001,
        "weight_decay": 0.0001,
        "n_epochs": 300,
        "patience": 30,
        "seed": 42,
        "output_dir_base": "results_hetero"
    },
    "model_name": "HGT_politifact_16_shot_roberta_hetero_dual_knn_sim5_dis5_smpf10_mv3",
    "training_history": {
        "final_train_loss": 0.0009470736840739846,
        "final_train_acc": 1.0,
        "final_val_loss": 0.6040815711021423,
        "final_val_acc": 0.7941176470588235,
        "final_val_f1": 0.7666412463231289,
        "best_val_f1": 0.7950892857142857,
        "best_epoch": 169,
        "total_epochs_run": 199,
        "training_time_seconds": 11.091622114181519
    },
    "final_test_metrics_on_target_node": {
        "accuracy": 0.8235294117647058,
        "precision": 0.7837953091684435,
        "recall": 0.8143599433160132,
        "f1_score": 0.7950892857142857,
        "confusion_matrix": [
            [
                61,
                12
            ],
            [
                6,
                23
            ]
        ]
    }
}