{
    "args": {
        "graph_path": "graphs/gossipcop/11_shot_combined_knn_6_smpf10.pt",
        "model": "GAT",
        "dropout_rate": 0.5,
        "hidden_channels": 128,
        "gat_heads": 8,
        "lr": 0.0001,
        "weight_decay": 0.0001,
        "n_epochs": 300,
        "patience": 30,
        "seed": 42,
        "output_dir": "results"
    },
    "model_name": "GAT_gossipcop_11_shot_combined_knn_6_smpf10",
    "training_history": {
        "final_train_loss": 0.41554003953933716,
        "final_train_acc": 0.9545454545454546,
        "final_val_loss": 0.5387726426124573,
        "final_val_acc": 0.7616017964071856,
        "final_val_f1": 0.5925876723388681,
        "best_val_f1": 0.6132465316909967,
        "best_epoch": 46,
        "total_epochs": 300,
        "training_time_seconds": 11.875622987747192
    },
    "final_test_metrics": {
        "accuracy": 0.8038922155688623,
        "precision": 0.6549486619984018,
        "recall": 0.5989970733460006,
        "f1_score": 0.6132465316909967,
        "confusion_matrix": [
            [
                2012,
                157
            ],
            [
                367,
                136
            ]
        ]
    }
}