{
    "args": {
        "graph_path": "graphs/politifact/5_shot_combined_mutual_knn_7.pt",
        "model": "GAT",
        "dropout_rate": 0.5,
        "hidden_channels": 128,
        "gat_heads": 8,
        "lr": 0.0001,
        "weight_decay": 0.0001,
        "n_epochs": 300,
        "patience": 30,
        "seed": 42,
        "output_dir": "results"
    },
    "model_name": "GAT_politifact_5_shot_combined_mutual_knn_7",
    "training_history": {
        "final_train_loss": 0.5817052125930786,
        "final_train_acc": 0.8,
        "final_val_loss": 0.6352044939994812,
        "final_val_acc": 0.6862745098039216,
        "final_val_f1": 0.667887667887668,
        "best_val_f1": 0.7088274044795784,
        "best_epoch": 146,
        "total_epochs": 176,
        "training_time_seconds": 2.6902198791503906
    },
    "final_test_metrics": {
        "accuracy": 0.7450980392156863,
        "precision": 0.5405405405405406,
        "recall": 0.6896551724137931,
        "f1_score": 0.6060606060606061,
        "confusion_matrix": [
            [
                56,
                17
            ],
            [
                9,
                20
            ]
        ]
    }
}