{
    "args": {
        "graph_path": "graphs/gossipcop/12_shot_combined_knn_5_smpf10.pt",
        "model": "GAT",
        "dropout_rate": 0.5,
        "hidden_channels": 128,
        "gat_heads": 8,
        "lr": 0.0001,
        "weight_decay": 0.0001,
        "n_epochs": 300,
        "patience": 30,
        "seed": 42,
        "output_dir": "results"
    },
    "model_name": "GAT_gossipcop_12_shot_combined_knn_5_smpf10",
    "training_history": {
        "final_train_loss": 0.44849514961242676,
        "final_train_acc": 0.9583333333333334,
        "final_val_loss": 0.6308333873748779,
        "final_val_acc": 0.6511976047904192,
        "final_val_f1": 0.5425918102704073,
        "best_val_f1": 0.5800335363485587,
        "best_epoch": 164,
        "total_epochs": 230,
        "training_time_seconds": 8.948543310165405
    },
    "final_test_metrics": {
        "accuracy": 0.7425149700598802,
        "precision": 0.5797932865973371,
        "recall": 0.5802795032479169,
        "f1_score": 0.5800335363485587,
        "confusion_matrix": [
            [
                1823,
                346
            ],
            [
                342,
                161
            ]
        ]
    }
}