{
    "model": "LSTM_gossipcop_bert_14_shot",
    "dataset": "gossipcop",
    "embedding": "bert",
    "k_shot": 14,
    "training_time": 0.6951110363006592,
    "best_epoch": 5,
    "final_train_accuracy": 0.9166666666666666,
    "final_train_loss": 0.5777541399002075,
    "final_val_accuracy": 0.75,
    "final_val_loss": 0.6578340530395508,
    "final_val_f1": 0.7333333333333334,
    "test_metrics": {
        "accuracy": 0.5494011976047904,
        "precision": 0.5255181377082738,
        "recall": 0.5414997337322309,
        "f1_score": 0.4863743652099277,
        "confusion_matrix": [
            [
                1202,
                967
            ],
            [
                237,
                266
            ]
        ]
    }
}