{
    "args": {
        "graph_path": "graphs_hetero/politifact/8_shot_bigbird_hetero_knn_5_smpf10.pt",
        "model": "HGT",
        "target_node_type": "news",
        "dropout_rate": 0.0,
        "hidden_channels": 128,
        "hgt_han_heads": 4,
        "hgt_layers": 1,
        "lr": 0.0001,
        "weight_decay": 0.0001,
        "n_epochs": 300,
        "patience": 30,
        "seed": 42,
        "output_dir_base": "results_hetero"
    },
    "model_name": "HGT_politifact_8_shot_bigbird_hetero_knn_5_smpf10",
    "training_history": {
        "final_train_loss": 0.005118018947541714,
        "final_train_acc": 1.0,
        "final_val_loss": 0.8335157036781311,
        "final_val_acc": 0.7156862745098039,
        "final_val_f1": 0.672606530160487,
        "best_val_f1": 0.6911764705882353,
        "best_epoch": 125,
        "total_epochs_run": 155,
        "training_time_seconds": 5.4329869747161865
    },
    "final_test_metrics_on_target_node": {
        "accuracy": 0.7254901960784313,
        "precision": 0.684981684981685,
        "recall": 0.7146905999055266,
        "f1_score": 0.6911764705882353,
        "confusion_matrix": [
            [
                54,
                19
            ],
            [
                9,
                20
            ]
        ]
    }
}