{
    "args": {
        "graph_path": "graphs/politifact/15_shot_roberta_knn_6.pt",
        "model": "GAT",
        "dropout_rate": 0.5,
        "hidden_channels": 128,
        "gat_heads": 8,
        "lr": 0.0001,
        "weight_decay": 0.0001,
        "n_epochs": 300,
        "patience": 30,
        "seed": 42,
        "output_dir": "results"
    },
    "model_name": "GAT_politifact_15_shot_roberta_knn_6",
    "training_history": {
        "final_train_loss": 0.6104910969734192,
        "final_train_acc": 0.6,
        "final_val_loss": 0.5333619117736816,
        "final_val_acc": 0.803921568627451,
        "final_val_f1": 0.7193175564116676,
        "best_val_f1": 0.7193175564116676,
        "best_epoch": 152,
        "total_epochs": 217,
        "training_time_seconds": 3.3144328594207764
    },
    "final_test_metrics": {
        "accuracy": 0.803921568627451,
        "precision": 0.7647058823529411,
        "recall": 0.4482758620689655,
        "f1_score": 0.5652173913043478,
        "confusion_matrix": [
            [
                69,
                4
            ],
            [
                16,
                13
            ]
        ]
    }
}