{
  "accuracy": 0.8627450980392157,
  "precision": 0.831365139348134,
  "recall": 0.831365139348134,
  "f1_score": 0.831365139348134
}