{
    "args": {
        "graph_path": "graphs/politifact/7_shot_combined_mutual_knn_8.pt",
        "model": "GAT",
        "dropout_rate": 0.5,
        "hidden_channels": 128,
        "gat_heads": 8,
        "lr": 0.0001,
        "weight_decay": 0.0001,
        "n_epochs": 300,
        "patience": 30,
        "seed": 42,
        "output_dir": "results"
    },
    "model_name": "GAT_politifact_7_shot_combined_mutual_knn_8",
    "training_history": {
        "final_train_loss": 0.6172452569007874,
        "final_train_acc": 0.7142857142857143,
        "final_val_loss": 0.6934803128242493,
        "final_val_acc": 0.4411764705882353,
        "final_val_f1": 0.43679163034001744,
        "best_val_f1": 0.5363636363636364,
        "best_epoch": 4,
        "total_epochs": 34,
        "training_time_seconds": 1.4779300689697266
    },
    "final_test_metrics": {
        "accuracy": 0.6862745098039216,
        "precision": 0.4,
        "recall": 0.20689655172413793,
        "f1_score": 0.2727272727272727,
        "confusion_matrix": [
            [
                64,
                9
            ],
            [
                23,
                6
            ]
        ]
    }
}