{
    "args": {
        "graph_path": "graphs/politifact/4_shot_combined_knn_5_smpf10.pt",
        "model": "GAT",
        "dropout_rate": 0.5,
        "hidden_channels": 128,
        "gat_heads": 8,
        "lr": 0.0001,
        "weight_decay": 0.0001,
        "n_epochs": 300,
        "patience": 30,
        "seed": 42,
        "output_dir": "results"
    },
    "model_name": "GAT_politifact_4_shot_combined_knn_5_smpf10",
    "training_history": {
        "final_train_loss": 0.3941180109977722,
        "final_train_acc": 1.0,
        "final_val_loss": 0.5476664900779724,
        "final_val_acc": 0.7549019607843137,
        "final_val_f1": 0.7299586995658159,
        "best_val_f1": 0.7875,
        "best_epoch": 177,
        "total_epochs": 207,
        "training_time_seconds": 5.0962278842926025
    },
    "final_test_metrics": {
        "accuracy": 0.8235294117647058,
        "precision": 0.7823716492503408,
        "recall": 0.7935758148323099,
        "f1_score": 0.7875,
        "confusion_matrix": [
            [
                63,
                10
            ],
            [
                8,
                21
            ]
        ]
    }
}