{
    "args": {
        "graph_path": "graphs/politifact/4_shot_combined_knn_5_smpf10.pt",
        "model": "GAT",
        "dropout_rate": 0.5,
        "hidden_channels": 128,
        "gat_heads": 8,
        "lr": 0.0001,
        "weight_decay": 0.0001,
        "n_epochs": 300,
        "patience": 30,
        "seed": 42,
        "output_dir": "results"
    },
    "model_name": "GAT_politifact_4_shot_combined_knn_5_smpf10",
    "training_history": {
        "final_train_loss": 0.40578410029411316,
        "final_train_acc": 1.0,
        "final_val_loss": 0.5579441785812378,
        "final_val_acc": 0.7549019607843137,
        "final_val_f1": 0.733347275959427,
        "best_val_f1": 0.7778287286484007,
        "best_epoch": 227,
        "total_epochs": 263,
        "training_time_seconds": 4.042070150375366
    },
    "final_test_metrics": {
        "accuracy": 0.8137254901960784,
        "precision": 0.65625,
        "recall": 0.7241379310344828,
        "f1_score": 0.6885245901639344,
        "confusion_matrix": [
            [
                62,
                11
            ],
            [
                8,
                21
            ]
        ]
    }
}