{
    "args": {
        "graph_path": "graphs/gossipcop/13_shot_bert_knn_5_smpf10.pt",
        "model": "GAT",
        "dropout_rate": 0.5,
        "hidden_channels": 128,
        "gat_heads": 8,
        "lr": 0.0001,
        "weight_decay": 0.0001,
        "n_epochs": 300,
        "patience": 30,
        "seed": 42,
        "output_dir": "results"
    },
    "model_name": "GAT_gossipcop_13_shot_bert_knn_5_smpf10",
    "training_history": {
        "final_train_loss": 0.3603144884109497,
        "final_train_acc": 0.8461538461538461,
        "final_val_loss": 0.6694873571395874,
        "final_val_acc": 0.6672904191616766,
        "final_val_f1": 0.553928650232152,
        "best_val_f1": 0.571597954618764,
        "best_epoch": 59,
        "total_epochs": 93,
        "training_time_seconds": 2.853804588317871
    },
    "final_test_metrics": {
        "accuracy": 0.7159431137724551,
        "precision": 0.5680564877750574,
        "recall": 0.5791828100094684,
        "f1_score": 0.571597954618764,
        "confusion_matrix": [
            [
                1732,
                437
            ],
            [
                322,
                181
            ]
        ]
    }
}