{
    "args": {
        "graph_path": "graphs/politifact/4_shot_combined_knn_5.pt",
        "model": "GAT",
        "dropout_rate": 0.5,
        "hidden_channels": 128,
        "gat_heads": 8,
        "lr": 0.0001,
        "weight_decay": 0.0001,
        "n_epochs": 300,
        "patience": 30,
        "seed": 42,
        "output_dir": "results"
    },
    "model_name": "GAT_politifact_4_shot_combined_knn_5",
    "training_history": {
        "final_train_loss": 0.4639841616153717,
        "final_train_acc": 1.0,
        "final_val_loss": 0.6013444066047668,
        "final_val_acc": 0.7156862745098039,
        "final_val_f1": 0.7031014754591991,
        "best_val_f1": 0.7455301455301455,
        "best_epoch": 169,
        "total_epochs": 233,
        "training_time_seconds": 3.6163406372070312
    },
    "final_test_metrics": {
        "accuracy": 0.7647058823529411,
        "precision": 0.5555555555555556,
        "recall": 0.8620689655172413,
        "f1_score": 0.6756756756756757,
        "confusion_matrix": [
            [
                53,
                20
            ],
            [
                4,
                25
            ]
        ]
    }
}