{
    "args": {
        "graph_path": "graphs/politifact/16_shot_combined_mutual_knn_4_smpf10.pt",
        "model": "GAT",
        "dropout_rate": 0.5,
        "hidden_channels": 128,
        "gat_heads": 8,
        "lr": 0.0001,
        "weight_decay": 0.0001,
        "n_epochs": 300,
        "patience": 30,
        "seed": 42,
        "output_dir": "results"
    },
    "model_name": "GAT_politifact_16_shot_combined_mutual_knn_4_smpf10",
    "training_history": {
        "final_train_loss": 0.7053772211074829,
        "final_train_acc": 0.71875,
        "final_val_loss": 0.6454291939735413,
        "final_val_acc": 0.7156862745098039,
        "final_val_f1": 0.6906828401129352,
        "best_val_f1": 0.7716919025674787,
        "best_epoch": 62,
        "total_epochs": 96,
        "training_time_seconds": 1.8932909965515137
    },
    "final_test_metrics": {
        "accuracy": 0.8333333333333334,
        "precision": 0.8,
        "recall": 0.5517241379310345,
        "f1_score": 0.6530612244897959,
        "confusion_matrix": [
            [
                69,
                4
            ],
            [
                13,
                16
            ]
        ]
    }
}