{
    "args": {
        "graph_path": "graphs/politifact/7_shot_combined_mutual_knn_7_smpf10.pt",
        "model": "GAT",
        "dropout_rate": 0.5,
        "hidden_channels": 128,
        "gat_heads": 8,
        "lr": 0.0001,
        "weight_decay": 0.0001,
        "n_epochs": 300,
        "patience": 30,
        "seed": 42,
        "output_dir": "results"
    },
    "model_name": "GAT_politifact_7_shot_combined_mutual_knn_7_smpf10",
    "training_history": {
        "final_train_loss": 0.43356189131736755,
        "final_train_acc": 0.9285714285714286,
        "final_val_loss": 0.6125276684761047,
        "final_val_acc": 0.6666666666666666,
        "final_val_f1": 0.655952380952381,
        "best_val_f1": 0.7629219701162148,
        "best_epoch": 152,
        "total_epochs": 182,
        "training_time_seconds": 2.85214900970459
    },
    "final_test_metrics": {
        "accuracy": 0.7941176470588235,
        "precision": 0.6111111111111112,
        "recall": 0.7586206896551724,
        "f1_score": 0.676923076923077,
        "confusion_matrix": [
            [
                59,
                14
            ],
            [
                7,
                22
            ]
        ]
    }
}