{
    "args": {
        "graph_path": "graphs/politifact/6_shot_roberta_mutual_knn_7.pt",
        "model": "GAT",
        "dropout_rate": 0.5,
        "hidden_channels": 128,
        "gat_heads": 8,
        "lr": 0.0001,
        "weight_decay": 0.0001,
        "n_epochs": 300,
        "patience": 30,
        "seed": 42,
        "output_dir": "results"
    },
    "model_name": "GAT_politifact_6_shot_roberta_mutual_knn_7",
    "training_history": {
        "final_train_loss": 0.47758010029792786,
        "final_train_acc": 0.75,
        "final_val_loss": 0.6441291570663452,
        "final_val_acc": 0.5980392156862745,
        "final_val_f1": 0.5765063291139241,
        "best_val_f1": 0.6820779220779221,
        "best_epoch": 43,
        "total_epochs": 109,
        "training_time_seconds": 2.1945693492889404
    },
    "final_test_metrics": {
        "accuracy": 0.7647058823529411,
        "precision": 0.6190476190476191,
        "recall": 0.4482758620689655,
        "f1_score": 0.52,
        "confusion_matrix": [
            [
                65,
                8
            ],
            [
                16,
                13
            ]
        ]
    }
}