{
    "args": {
        "graph_path": "graphs/gossipcop/8_shot_combined_knn_8_smpf10.pt",
        "model": "GAT",
        "dropout_rate": 0.5,
        "hidden_channels": 128,
        "gat_heads": 8,
        "lr": 0.0001,
        "weight_decay": 0.0001,
        "n_epochs": 300,
        "patience": 30,
        "seed": 42,
        "output_dir": "results"
    },
    "model_name": "GAT_gossipcop_8_shot_combined_knn_8_smpf10",
    "training_history": {
        "final_train_loss": 0.59872967004776,
        "final_train_acc": 0.625,
        "final_val_loss": 0.6165013313293457,
        "final_val_acc": 0.7859281437125748,
        "final_val_f1": 0.5298437307739633,
        "best_val_f1": 0.5652823492424888,
        "best_epoch": 80,
        "total_epochs": 137,
        "training_time_seconds": 2.8155667781829834
    },
    "final_test_metrics": {
        "accuracy": 0.7342814371257484,
        "precision": 0.294234592445328,
        "recall": 0.294234592445328,
        "f1_score": 0.294234592445328,
        "confusion_matrix": [
            [
                1814,
                355
            ],
            [
                355,
                148
            ]
        ]
    }
}