{
    "args": {
        "graph_path": "graphs/gossipcop/8_shot_combined_knn_8_smpf10.pt",
        "model": "GAT",
        "dropout_rate": 0.5,
        "hidden_channels": 128,
        "gat_heads": 8,
        "lr": 0.0001,
        "weight_decay": 0.0001,
        "n_epochs": 300,
        "patience": 30,
        "seed": 42,
        "output_dir": "results"
    },
    "model_name": "GAT_gossipcop_8_shot_combined_knn_8_smpf10",
    "training_history": {
        "final_train_loss": 0.5265610218048096,
        "final_train_acc": 1.0,
        "final_val_loss": 0.6224340796470642,
        "final_val_acc": 0.6934880239520959,
        "final_val_f1": 0.5601927189567468,
        "best_val_f1": 0.591658149225568,
        "best_epoch": 105,
        "total_epochs": 184,
        "training_time_seconds": 5.431870460510254
    },
    "final_test_metrics": {
        "accuracy": 0.7672155688622755,
        "precision": 0.6001648348726784,
        "recall": 0.5863317100623553,
        "f1_score": 0.591658149225568,
        "confusion_matrix": [
            [
                1901,
                268
            ],
            [
                354,
                149
            ]
        ]
    }
}