{
    "args": {
        "graph_path": "graphs/politifact/3_shot_roberta_knn_8_smpf10.pt",
        "model": "GAT",
        "dropout_rate": 0.5,
        "hidden_channels": 128,
        "gat_heads": 8,
        "lr": 0.0001,
        "weight_decay": 0.0001,
        "n_epochs": 300,
        "patience": 30,
        "seed": 42,
        "output_dir": "results"
    },
    "model_name": "GAT_politifact_3_shot_roberta_knn_8_smpf10",
    "training_history": {
        "final_train_loss": 0.261542409658432,
        "final_train_acc": 1.0,
        "final_val_loss": 0.5331763625144958,
        "final_val_acc": 0.7352941176470589,
        "final_val_f1": 0.6842829301845694,
        "best_val_f1": 0.6987732848705135,
        "best_epoch": 120,
        "total_epochs": 198,
        "training_time_seconds": 7.418332576751709
    },
    "final_test_metrics": {
        "accuracy": 0.7450980392156863,
        "precision": 0.6930171277997365,
        "recall": 0.7076051015588096,
        "f1_score": 0.6987732848705135,
        "confusion_matrix": [
            [
                58,
                15
            ],
            [
                11,
                18
            ]
        ]
    }
}