{
    "args": {
        "graph_path": "graphs/politifact/3_shot_roberta_knn_8_smpf10.pt",
        "model": "GAT",
        "dropout_rate": 0.5,
        "hidden_channels": 128,
        "gat_heads": 8,
        "lr": 0.0001,
        "weight_decay": 0.0001,
        "n_epochs": 300,
        "patience": 30,
        "seed": 42,
        "output_dir": "results"
    },
    "model_name": "GAT_politifact_3_shot_roberta_knn_8_smpf10",
    "training_history": {
        "final_train_loss": 0.7179754376411438,
        "final_train_acc": 0.8333333333333334,
        "final_val_loss": 0.5856093764305115,
        "final_val_acc": 0.7254901960784313,
        "final_val_f1": 0.4811046511627907,
        "best_val_f1": 0.5443948142499183,
        "best_epoch": 3,
        "total_epochs": 77,
        "training_time_seconds": 1.914233684539795
    },
    "final_test_metrics": {
        "accuracy": 0.5980392156862745,
        "precision": 0.34210526315789475,
        "recall": 0.4482758620689655,
        "f1_score": 0.3880597014925373,
        "confusion_matrix": [
            [
                48,
                25
            ],
            [
                16,
                13
            ]
        ]
    }
}