{
    "args": {
        "graph_path": "graphs/politifact/3_shot_combined_knn_8_smpf10.pt",
        "model": "GAT",
        "dropout_rate": 0.5,
        "hidden_channels": 128,
        "gat_heads": 8,
        "lr": 0.0001,
        "weight_decay": 0.0001,
        "n_epochs": 300,
        "patience": 30,
        "seed": 42,
        "output_dir": "results"
    },
    "model_name": "GAT_politifact_3_shot_combined_knn_8_smpf10",
    "training_history": {
        "final_train_loss": 0.22497932612895966,
        "final_train_acc": 1.0,
        "final_val_loss": 0.5345619916915894,
        "final_val_acc": 0.7254901960784313,
        "final_val_f1": 0.7064144736842105,
        "best_val_f1": 0.7573529411764706,
        "best_epoch": 137,
        "total_epochs": 300,
        "training_time_seconds": 7.844241380691528
    },
    "final_test_metrics": {
        "accuracy": 0.7843137254901961,
        "precision": 0.7472527472527473,
        "recall": 0.7869626830420406,
        "f1_score": 0.7573529411764706,
        "confusion_matrix": [
            [
                57,
                16
            ],
            [
                6,
                23
            ]
        ]
    }
}