{
    "args": {
        "graph_path": "graphs/gossipcop/6_shot_combined_mutual_knn_5_smpf10.pt",
        "model": "GAT",
        "dropout_rate": 0.5,
        "hidden_channels": 128,
        "gat_heads": 8,
        "lr": 0.0001,
        "weight_decay": 0.0001,
        "n_epochs": 300,
        "patience": 30,
        "seed": 42,
        "output_dir": "results"
    },
    "model_name": "GAT_gossipcop_6_shot_combined_mutual_knn_5_smpf10",
    "training_history": {
        "final_train_loss": 0.5769872665405273,
        "final_train_acc": 0.5833333333333334,
        "final_val_loss": 0.6510874032974243,
        "final_val_acc": 0.7009730538922155,
        "final_val_f1": 0.5699142559396643,
        "best_val_f1": 0.5862027286325109,
        "best_epoch": 146,
        "total_epochs": 214,
        "training_time_seconds": 3.5731489658355713
    },
    "final_test_metrics": {
        "accuracy": 0.7544910179640718,
        "precision": 0.33548387096774196,
        "recall": 0.3101391650099404,
        "f1_score": 0.32231404958677684,
        "confusion_matrix": [
            [
                1860,
                309
            ],
            [
                347,
                156
            ]
        ]
    }
}