{
  "accuracy": 0.718937125748503,
  "precision": 0.5831703307252916,
  "recall": 0.6016418776414817,
  "f1_score": 0.5883377347571339
}