{
    "args": {
        "graph_path": "graphs_hetero/politifact/9_shot_bigbird_hetero_knn_5_smpf10.pt",
        "model": "HAN",
        "target_node_type": "news",
        "dropout_rate": 0.0,
        "hidden_channels": 128,
        "hgt_han_heads": 4,
        "hgt_layers": 1,
        "lr": 0.0001,
        "weight_decay": 0.0001,
        "n_epochs": 300,
        "patience": 30,
        "seed": 42,
        "output_dir_base": "results_hetero"
    },
    "model_name": "HAN_politifact_9_shot_bigbird_hetero_knn_5_smpf10",
    "training_history": {
        "final_train_loss": 0.08152197301387787,
        "final_train_acc": 1.0,
        "final_val_loss": 0.6147865056991577,
        "final_val_acc": 0.6764705882352942,
        "final_val_f1": 0.6332933870792026,
        "best_val_f1": 0.673773987206823,
        "best_epoch": 225,
        "total_epochs_run": 255,
        "training_time_seconds": 6.166805028915405
    },
    "final_test_metrics_on_target_node": {
        "accuracy": 0.7058823529411765,
        "precision": 0.6701319472211116,
        "recall": 0.7009919697685404,
        "f1_score": 0.673773987206823,
        "confusion_matrix": [
            [
                52,
                21
            ],
            [
                9,
                20
            ]
        ]
    }
}