{
    "args": {
        "graph_path": "graphs/politifact/7_shot_roberta_mutual_knn_7_smpf10.pt",
        "model": "GAT",
        "dropout_rate": 0.5,
        "hidden_channels": 128,
        "gat_heads": 8,
        "lr": 0.0001,
        "weight_decay": 0.0001,
        "n_epochs": 300,
        "patience": 30,
        "seed": 42,
        "output_dir": "results"
    },
    "model_name": "GAT_politifact_7_shot_roberta_mutual_knn_7_smpf10",
    "training_history": {
        "final_train_loss": 0.5864594578742981,
        "final_train_acc": 0.5714285714285714,
        "final_val_loss": 0.6271834969520569,
        "final_val_acc": 0.7156862745098039,
        "final_val_f1": 0.6777426734938446,
        "best_val_f1": 0.7003205128205128,
        "best_epoch": 67,
        "total_epochs": 97,
        "training_time_seconds": 1.9652771949768066
    },
    "final_test_metrics": {
        "accuracy": 0.7843137254901961,
        "precision": 0.6842105263157895,
        "recall": 0.4482758620689655,
        "f1_score": 0.5416666666666666,
        "confusion_matrix": [
            [
                67,
                6
            ],
            [
                16,
                13
            ]
        ]
    }
}