{
  "accuracy": 0.6470588235294118,
  "f1": 0.5968379446640316,
  "precision": 0.595010395010395,
  "recall": 0.6079357581483231,
  "confusion_matrix": [
    [
      51,
      22
    ],
    [
      14,
      15
    ]
  ]
}