{
  "accuracy": 0.6176470588235294,
  "f1": 0.61133365901319,
  "precision": 0.6607142857142857,
  "recall": 0.6913084553613604,
  "confusion_matrix": [
    [
      38,
      35
    ],
    [
      4,
      25
    ]
  ]
}