{
    "args": {
        "graph_path": "graphs/gossipcop/8_shot_bert_knn_8_smpf10.pt",
        "model": "GAT",
        "dropout_rate": 0.5,
        "hidden_channels": 128,
        "gat_heads": 8,
        "lr": 0.0001,
        "weight_decay": 0.0001,
        "n_epochs": 300,
        "patience": 30,
        "seed": 42,
        "output_dir": "results"
    },
    "model_name": "GAT_gossipcop_8_shot_bert_knn_8_smpf10",
    "training_history": {
        "final_train_loss": 0.2520831227302551,
        "final_train_acc": 1.0,
        "final_val_loss": 0.780852198600769,
        "final_val_acc": 0.5991766467065869,
        "final_val_f1": 0.5231350278574161,
        "best_val_f1": 0.5532112797562985,
        "best_epoch": 73,
        "total_epochs": 103,
        "training_time_seconds": 4.403766632080078
    },
    "final_test_metrics": {
        "accuracy": 0.6687874251497006,
        "precision": 0.5544940393311321,
        "recall": 0.5753331555159591,
        "f1_score": 0.5532112797562985,
        "confusion_matrix": [
            [
                1573,
                596
            ],
            [
                289,
                214
            ]
        ]
    }
}