{
    "args": {
        "graph_path": "graphs/gossipcop/9_shot_roberta_knn_7_smpf10.pt",
        "model": "GAT",
        "dropout_rate": 0.5,
        "hidden_channels": 128,
        "gat_heads": 8,
        "lr": 0.0001,
        "weight_decay": 0.0001,
        "n_epochs": 300,
        "patience": 30,
        "seed": 42,
        "output_dir": "results"
    },
    "model_name": "GAT_gossipcop_9_shot_roberta_knn_7_smpf10",
    "training_history": {
        "final_train_loss": 0.38841167092323303,
        "final_train_acc": 1.0,
        "final_val_loss": 0.6242121458053589,
        "final_val_acc": 0.6744011976047904,
        "final_val_f1": 0.5554892669886762,
        "best_val_f1": 0.5586482857728008,
        "best_epoch": 269,
        "total_epochs": 300,
        "training_time_seconds": 6.190307378768921
    },
    "final_test_metrics": {
        "accuracy": 0.6942365269461078,
        "precision": 0.5562640660165041,
        "recall": 0.5703936821670255,
        "f1_score": 0.5586482857728008,
        "confusion_matrix": [
            [
                1668,
                501
            ],
            [
                316,
                187
            ]
        ]
    }
}