{
    "args": {
        "graph_path": "graphs_hetero/gossipcop/10_shot_roberta_hetero_knn_5_smpf10.pt",
        "model": "HAN",
        "target_node_type": "news",
        "dropout_rate": 0.0,
        "hidden_channels": 128,
        "hgt_han_heads": 4,
        "hgt_layers": 1,
        "lr": 0.0001,
        "weight_decay": 0.0001,
        "n_epochs": 300,
        "patience": 30,
        "seed": 42,
        "output_dir_base": "results_hetero"
    },
    "model_name": "HAN_gossipcop_10_shot_roberta_hetero_knn_5_smpf10",
    "training_history": {
        "final_train_loss": 0.21493995189666748,
        "final_train_acc": 1.0,
        "final_val_loss": 0.5684612989425659,
        "final_val_acc": 0.7301646706586826,
        "final_val_f1": 0.6023184904339254,
        "best_val_f1": 0.6171843404804782,
        "best_epoch": 56,
        "total_epochs_run": 300,
        "training_time_seconds": 5.890351295471191
    },
    "final_test_metrics_on_target_node": {
        "accuracy": 0.7930389221556886,
        "precision": 0.6396732543710134,
        "recall": 0.606055231542969,
        "f1_score": 0.6171843404804782,
        "confusion_matrix": [
            [
                1965,
                204
            ],
            [
                349,
                154
            ]
        ]
    }
}