{
    "args": {
        "graph_path": "graphs_hetero/gossipcop/10_shot_roberta_hetero_knn_5_smpf10.pt",
        "model": "HAN",
        "target_node_type": "news",
        "dropout_rate": 0.0,
        "hidden_channels": 128,
        "hgt_han_heads": 4,
        "hgt_layers": 1,
        "lr": 0.0001,
        "weight_decay": 0.0001,
        "n_epochs": 300,
        "patience": 30,
        "seed": 42,
        "output_dir_base": "results_hetero"
    },
    "model_name": "HAN_gossipcop_10_shot_roberta_hetero_knn_5_smpf10",
    "training_history": {
        "final_train_loss": 0.21284544467926025,
        "final_train_acc": 1.0,
        "final_val_loss": 0.5675798058509827,
        "final_val_acc": 0.7301646706586826,
        "final_val_f1": 0.6023184904339254,
        "best_val_f1": 0.6114439455086303,
        "best_epoch": 72,
        "total_epochs_run": 300,
        "training_time_seconds": 4.664719820022583
    },
    "final_test_metrics_on_target_node": {
        "accuracy": 0.7702095808383234,
        "precision": 0.6156301905970051,
        "recall": 0.6080272628864893,
        "f1_score": 0.6114439455086303,
        "confusion_matrix": [
            [
                1883,
                286
            ],
            [
                328,
                175
            ]
        ]
    }
}