{
    "args": {
        "graph_path": "graphs/politifact/7_shot_roberta_knn_3.pt",
        "model": "GAT",
        "dropout_rate": 0.5,
        "hidden_channels": 128,
        "gat_heads": 8,
        "lr": 0.0001,
        "weight_decay": 0.0001,
        "n_epochs": 300,
        "patience": 30,
        "seed": 42,
        "output_dir": "results"
    },
    "model_name": "GAT_politifact_7_shot_roberta_knn_3",
    "training_history": {
        "final_train_loss": 1.1013833284378052,
        "final_train_acc": 0.42857142857142855,
        "final_val_loss": 0.617680549621582,
        "final_val_acc": 0.7647058823529411,
        "final_val_f1": 0.6402116402116402,
        "best_val_f1": 0.6671328671328671,
        "best_epoch": 34,
        "total_epochs": 93,
        "training_time_seconds": 1.955355167388916
    },
    "final_test_metrics": {
        "accuracy": 0.7941176470588235,
        "precision": 0.9,
        "recall": 0.3103448275862069,
        "f1_score": 0.46153846153846156,
        "confusion_matrix": [
            [
                72,
                1
            ],
            [
                20,
                9
            ]
        ]
    }
}