{
    "args": {
        "graph_path": "graphs_hetero/politifact/5_shot_roberta_hetero_knn_5_smpf10.pt",
        "model": "HGT",
        "target_node_type": "news",
        "dropout_rate": 0.0,
        "hidden_channels": 128,
        "hgt_han_heads": 4,
        "hgt_layers": 1,
        "lr": 0.0001,
        "weight_decay": 0.0001,
        "n_epochs": 300,
        "patience": 30,
        "seed": 42,
        "output_dir_base": "results_hetero"
    },
    "model_name": "HGT_politifact_5_shot_roberta_hetero_knn_5_smpf10",
    "training_history": {
        "final_train_loss": 0.007882793433964252,
        "final_train_acc": 1.0,
        "final_val_loss": 0.5059606432914734,
        "final_val_acc": 0.7156862745098039,
        "final_val_f1": 0.6906828401129352,
        "best_val_f1": 0.7364341085271318,
        "best_epoch": 77,
        "total_epochs_run": 181,
        "training_time_seconds": 5.2385783195495605
    },
    "final_test_metrics_on_target_node": {
        "accuracy": 0.7549019607843137,
        "precision": 0.7360248447204969,
        "recall": 0.7871988663202645,
        "f1_score": 0.7364341085271318,
        "confusion_matrix": [
            [
                52,
                21
            ],
            [
                4,
                25
            ]
        ]
    }
}