{
    "args": {
        "graph_path": "graphs/politifact/10_shot_roberta_knn_8.pt",
        "model": "GAT",
        "dropout_rate": 0.5,
        "hidden_channels": 128,
        "gat_heads": 8,
        "lr": 0.0001,
        "weight_decay": 0.0001,
        "n_epochs": 300,
        "patience": 30,
        "seed": 42,
        "output_dir": "results"
    },
    "model_name": "GAT_politifact_10_shot_roberta_knn_8",
    "training_history": {
        "final_train_loss": 0.3310610055923462,
        "final_train_acc": 0.95,
        "final_val_loss": 0.5432910323143005,
        "final_val_acc": 0.7450980392156863,
        "final_val_f1": 0.7301587301587301,
        "best_val_f1": 0.7575193798449613,
        "best_epoch": 263,
        "total_epochs": 300,
        "training_time_seconds": 4.610913276672363
    },
    "final_test_metrics": {
        "accuracy": 0.7745098039215687,
        "precision": 0.5652173913043478,
        "recall": 0.896551724137931,
        "f1_score": 0.6933333333333334,
        "confusion_matrix": [
            [
                53,
                20
            ],
            [
                3,
                26
            ]
        ]
    }
}