{
    "args": {
        "graph_path": "graphs/politifact/10_shot_roberta_mutual_knn_3_smpf10.pt",
        "model": "GAT",
        "dropout_rate": 0.5,
        "hidden_channels": 128,
        "gat_heads": 8,
        "lr": 0.0001,
        "weight_decay": 0.0001,
        "n_epochs": 300,
        "patience": 30,
        "seed": 42,
        "output_dir": "results"
    },
    "model_name": "GAT_politifact_10_shot_roberta_mutual_knn_3_smpf10",
    "training_history": {
        "final_train_loss": 0.7732189297676086,
        "final_train_acc": 0.7,
        "final_val_loss": 0.5858624577522278,
        "final_val_acc": 0.7549019607843137,
        "final_val_f1": 0.6888346552776083,
        "best_val_f1": 0.7040178571428571,
        "best_epoch": 73,
        "total_epochs": 132,
        "training_time_seconds": 2.430515766143799
    },
    "final_test_metrics": {
        "accuracy": 0.7450980392156863,
        "precision": 0.5428571428571428,
        "recall": 0.6551724137931034,
        "f1_score": 0.59375,
        "confusion_matrix": [
            [
                57,
                16
            ],
            [
                10,
                19
            ]
        ]
    }
}