{
  "accuracy": 0.687125748502994,
  "precision": 0.5803971209159032,
  "recall": 0.6125881868768944,
  "f1_score": 0.581998748499247
}