{
    "args": {
        "graph_path": "graphs/politifact/14_shot_roberta_mutual_knn_3.pt",
        "model": "GAT",
        "dropout_rate": 0.5,
        "hidden_channels": 128,
        "gat_heads": 8,
        "lr": 0.0001,
        "weight_decay": 0.0001,
        "n_epochs": 300,
        "patience": 30,
        "seed": 42,
        "output_dir": "results"
    },
    "model_name": "GAT_politifact_14_shot_roberta_mutual_knn_3",
    "training_history": {
        "final_train_loss": 0.6823588013648987,
        "final_train_acc": 0.6785714285714286,
        "final_val_loss": 0.5199099779129028,
        "final_val_acc": 0.7941176470588235,
        "final_val_f1": 0.744360902255639,
        "best_val_f1": 0.754442279032443,
        "best_epoch": 272,
        "total_epochs": 300,
        "training_time_seconds": 4.0340142250061035
    },
    "final_test_metrics": {
        "accuracy": 0.7941176470588235,
        "precision": 0.625,
        "recall": 0.6896551724137931,
        "f1_score": 0.6557377049180327,
        "confusion_matrix": [
            [
                61,
                12
            ],
            [
                9,
                20
            ]
        ]
    }
}