{
    "args": {
        "graph_path": "graphs_hetero/politifact/9_shot_roberta_hetero_knn_5_smpf10.pt",
        "model": "HAN",
        "target_node_type": "news",
        "dropout_rate": 0.0,
        "hidden_channels": 128,
        "hgt_han_heads": 4,
        "hgt_layers": 1,
        "lr": 0.0001,
        "weight_decay": 0.0001,
        "n_epochs": 300,
        "patience": 30,
        "seed": 42,
        "output_dir_base": "results_hetero"
    },
    "model_name": "HAN_politifact_9_shot_roberta_hetero_knn_5_smpf10",
    "training_history": {
        "final_train_loss": 0.20218688249588013,
        "final_train_acc": 1.0,
        "final_val_loss": 0.4641243815422058,
        "final_val_acc": 0.8333333333333334,
        "final_val_f1": 0.8080796900940785,
        "best_val_f1": 0.8609722853248523,
        "best_epoch": 84,
        "total_epochs_run": 300,
        "training_time_seconds": 8.959921836853027
    },
    "final_test_metrics_on_target_node": {
        "accuracy": 0.8823529411764706,
        "precision": 0.849802371541502,
        "recall": 0.8762399622106755,
        "f1_score": 0.8609722853248523,
        "confusion_matrix": [
            [
                65,
                8
            ],
            [
                4,
                25
            ]
        ]
    }
}