{
    "args": {
        "graph_path": "graphs/gossipcop/4_shot_roberta_mutual_knn_6_smpf10.pt",
        "model": "GAT",
        "dropout_rate": 0.5,
        "hidden_channels": 128,
        "gat_heads": 8,
        "lr": 0.0001,
        "weight_decay": 0.0001,
        "n_epochs": 300,
        "patience": 30,
        "seed": 42,
        "output_dir": "results"
    },
    "model_name": "GAT_gossipcop_4_shot_roberta_mutual_knn_6_smpf10",
    "training_history": {
        "final_train_loss": 0.7635597586631775,
        "final_train_acc": 0.625,
        "final_val_loss": 0.6269140839576721,
        "final_val_acc": 0.8110029940119761,
        "final_val_f1": 0.461155869697605,
        "best_val_f1": 0.5013286073571671,
        "best_epoch": 21,
        "total_epochs": 83,
        "training_time_seconds": 5.219468116760254
    },
    "final_test_metrics": {
        "accuracy": 0.6650449101796407,
        "precision": 0.5029829882591554,
        "recall": 0.503548098224851,
        "f1_score": 0.5013286073571671,
        "confusion_matrix": [
            [
                1654,
                515
            ],
            [
                380,
                123
            ]
        ]
    }
}