{
    "args": {
        "graph_path": "graphs/gossipcop/15_shot_roberta_knn_4_smpf10.pt",
        "model": "GAT",
        "dropout_rate": 0.5,
        "hidden_channels": 128,
        "gat_heads": 8,
        "lr": 0.0001,
        "weight_decay": 0.0001,
        "n_epochs": 300,
        "patience": 30,
        "seed": 42,
        "output_dir": "results"
    },
    "model_name": "GAT_gossipcop_15_shot_roberta_knn_4_smpf10",
    "training_history": {
        "final_train_loss": 0.6036866307258606,
        "final_train_acc": 0.7333333333333333,
        "final_val_loss": 0.6194934248924255,
        "final_val_acc": 0.7062125748502994,
        "final_val_f1": 0.49204707074390963,
        "best_val_f1": 0.4948667719852554,
        "best_epoch": 137,
        "total_epochs": 175,
        "training_time_seconds": 2.8910064697265625
    },
    "final_test_metrics": {
        "accuracy": 0.7312874251497006,
        "precision": 0.18475073313782991,
        "recall": 0.12524850894632206,
        "f1_score": 0.14928909952606634,
        "confusion_matrix": [
            [
                1891,
                278
            ],
            [
                440,
                63
            ]
        ]
    }
}