{
    "args": {
        "graph_path": "graphs/politifact/4_shot_roberta_mutual_knn_6_smpf10.pt",
        "model": "GAT",
        "dropout_rate": 0.5,
        "hidden_channels": 128,
        "gat_heads": 8,
        "lr": 0.0001,
        "weight_decay": 0.0001,
        "n_epochs": 300,
        "patience": 30,
        "seed": 42,
        "output_dir": "results"
    },
    "model_name": "GAT_politifact_4_shot_roberta_mutual_knn_6_smpf10",
    "training_history": {
        "final_train_loss": 0.48240676522254944,
        "final_train_acc": 0.75,
        "final_val_loss": 0.5971461534500122,
        "final_val_acc": 0.7352941176470589,
        "final_val_f1": 0.6999673167011657,
        "best_val_f1": 0.712934819317798,
        "best_epoch": 72,
        "total_epochs": 150,
        "training_time_seconds": 2.7079498767852783
    },
    "final_test_metrics": {
        "accuracy": 0.7549019607843137,
        "precision": 0.5588235294117647,
        "recall": 0.6551724137931034,
        "f1_score": 0.6031746031746031,
        "confusion_matrix": [
            [
                58,
                15
            ],
            [
                10,
                19
            ]
        ]
    }
}