{
    "args": {
        "graph_path": "graphs/politifact/6_shot_roberta_knn_5_smpf10.pt",
        "model": "GAT",
        "dropout_rate": 0.5,
        "hidden_channels": 128,
        "gat_heads": 8,
        "lr": 0.0001,
        "weight_decay": 0.0001,
        "n_epochs": 300,
        "patience": 30,
        "seed": 42,
        "output_dir": "results"
    },
    "model_name": "GAT_politifact_6_shot_roberta_knn_5_smpf10",
    "training_history": {
        "final_train_loss": 0.29359161853790283,
        "final_train_acc": 1.0,
        "final_val_loss": 0.5775035619735718,
        "final_val_acc": 0.7254901960784313,
        "final_val_f1": 0.7064144736842105,
        "best_val_f1": 0.7481481481481482,
        "best_epoch": 70,
        "total_epochs": 198,
        "training_time_seconds": 6.870206594467163
    },
    "final_test_metrics": {
        "accuracy": 0.803921568627451,
        "precision": 0.7620779220779221,
        "recall": 0.7383089277279169,
        "f1_score": 0.7481481481481482,
        "confusion_matrix": [
            [
                65,
                8
            ],
            [
                12,
                17
            ]
        ]
    }
}