{
    "args": {
        "graph_path": "graphs/gossipcop/12_shot_roberta_knn_6_smpf10.pt",
        "model": "GAT",
        "dropout_rate": 0.5,
        "hidden_channels": 128,
        "gat_heads": 8,
        "lr": 0.0001,
        "weight_decay": 0.0001,
        "n_epochs": 300,
        "patience": 30,
        "seed": 42,
        "output_dir": "results"
    },
    "model_name": "GAT_gossipcop_12_shot_roberta_knn_6_smpf10",
    "training_history": {
        "final_train_loss": 0.4963783025741577,
        "final_train_acc": 0.6666666666666666,
        "final_val_loss": 0.653443455696106,
        "final_val_acc": 0.6455838323353293,
        "final_val_f1": 0.5063650709331581,
        "best_val_f1": 0.5112743154177561,
        "best_epoch": 179,
        "total_epochs": 209,
        "training_time_seconds": 4.6159608364105225
    },
    "final_test_metrics": {
        "accuracy": 0.6815119760479041,
        "precision": 0.511454002079002,
        "recall": 0.5129275064229653,
        "f1_score": 0.5112743154177561,
        "confusion_matrix": [
            [
                1699,
                470
            ],
            [
                381,
                122
            ]
        ]
    }
}