{
  "accuracy": 0.3627450980392157,
  "f1": 0.35222276502198335,
  "precision": 0.5203488372093024,
  "recall": 0.5132262635805385,
  "confusion_matrix": [
    [
      12,
      61
    ],
    [
      4,
      25
    ]
  ]
}