{
    "args": {
        "graph_path": "graphs/politifact/14_shot_roberta_mutual_knn_7_smpf10.pt",
        "model": "GAT",
        "dropout_rate": 0.5,
        "hidden_channels": 128,
        "gat_heads": 8,
        "lr": 0.0001,
        "weight_decay": 0.0001,
        "n_epochs": 300,
        "patience": 30,
        "seed": 42,
        "output_dir": "results"
    },
    "model_name": "GAT_politifact_14_shot_roberta_mutual_knn_7_smpf10",
    "training_history": {
        "final_train_loss": 0.6272917985916138,
        "final_train_acc": 0.7857142857142857,
        "final_val_loss": 0.5552292466163635,
        "final_val_acc": 0.7745098039215687,
        "final_val_f1": 0.7310558294164852,
        "best_val_f1": 0.7733333333333333,
        "best_epoch": 97,
        "total_epochs": 209,
        "training_time_seconds": 3.337346076965332
    },
    "final_test_metrics": {
        "accuracy": 0.8235294117647058,
        "precision": 0.72,
        "recall": 0.6206896551724138,
        "f1_score": 0.6666666666666666,
        "confusion_matrix": [
            [
                66,
                7
            ],
            [
                11,
                18
            ]
        ]
    }
}