{
    "args": {
        "graph_path": "graphs/politifact/10_shot_combined_mutual_knn_8.pt",
        "model": "GAT",
        "dropout_rate": 0.5,
        "hidden_channels": 128,
        "gat_heads": 8,
        "lr": 0.0001,
        "weight_decay": 0.0001,
        "n_epochs": 300,
        "patience": 30,
        "seed": 42,
        "output_dir": "results"
    },
    "model_name": "GAT_politifact_10_shot_combined_mutual_knn_8",
    "training_history": {
        "final_train_loss": 0.4619057774543762,
        "final_train_acc": 0.95,
        "final_val_loss": 0.557385265827179,
        "final_val_acc": 0.7843137254901961,
        "final_val_f1": 0.7607675906183369,
        "best_val_f1": 0.7914584279872785,
        "best_epoch": 153,
        "total_epochs": 253,
        "training_time_seconds": 3.6547861099243164
    },
    "final_test_metrics": {
        "accuracy": 0.8235294117647058,
        "precision": 0.6666666666666666,
        "recall": 0.7586206896551724,
        "f1_score": 0.7096774193548387,
        "confusion_matrix": [
            [
                62,
                11
            ],
            [
                7,
                22
            ]
        ]
    }
}