{
    "args": {
        "graph_path": "graphs/gossipcop/12_shot_roberta_mutual_knn_5_smpf10.pt",
        "model": "GAT",
        "dropout_rate": 0.5,
        "hidden_channels": 128,
        "gat_heads": 8,
        "lr": 0.0001,
        "weight_decay": 0.0001,
        "n_epochs": 300,
        "patience": 30,
        "seed": 42,
        "output_dir": "results"
    },
    "model_name": "GAT_gossipcop_12_shot_roberta_mutual_knn_5_smpf10",
    "training_history": {
        "final_train_loss": 0.5021567940711975,
        "final_train_acc": 0.7916666666666666,
        "final_val_loss": 0.6308934092521667,
        "final_val_acc": 0.6938622754491018,
        "final_val_f1": 0.5014361366282358,
        "best_val_f1": 0.5068083822041747,
        "best_epoch": 162,
        "total_epochs": 198,
        "training_time_seconds": 8.587172746658325
    },
    "final_test_metrics": {
        "accuracy": 0.7383982035928144,
        "precision": 0.512484598652287,
        "recall": 0.509027439787279,
        "f1_score": 0.5068083822041747,
        "confusion_matrix": [
            [
                1902,
                267
            ],
            [
                432,
                71
            ]
        ]
    }
}