{
  "accuracy": 0.38211077844311375,
  "f1": 0.40028722438465075,
  "precision": 0.7753291875279952,
  "recall": 0.38211077844311375,
  "num_samples": 2672,
  "num_generation_errors": 0,
  "run_info": {
    "model_type": "gemma",
    "model_hf_id": "google/gemma-7b-it",
    "dataset_name": "gossipcop",
    "k_shot": 16,
    "internal_seed": 42,
    "max_new_tokens": 10,
    "batch_size": 4,
    "max_example_length": 500,
    "effective_device_type": "cuda",
    "execution_time_seconds": 2513.7771122455597
  },
  "macro_precision": 0.561103592519685,
  "macro_recall": 0.5728354630171942,
  "macro_f1_score": 0.3804821498662723,
  "confusion_matrix": [
    [
      579,
      1590
    ],
    [
      61,
      442
    ]
  ],
  "calculation_info": "Metrics (re)calculated from predictions.json by calculate_and_update_metrics.py"
}