{
    "args": {
        "graph_path": "graphs/politifact/9_shot_combined_mutual_knn_5_smpf10.pt",
        "model": "GAT",
        "dropout_rate": 0.5,
        "hidden_channels": 128,
        "gat_heads": 8,
        "lr": 0.0001,
        "weight_decay": 0.0001,
        "n_epochs": 300,
        "patience": 30,
        "seed": 42,
        "output_dir": "results"
    },
    "model_name": "GAT_politifact_9_shot_combined_mutual_knn_5_smpf10",
    "training_history": {
        "final_train_loss": 0.509080171585083,
        "final_train_acc": 0.6666666666666666,
        "final_val_loss": 0.5900641679763794,
        "final_val_acc": 0.7941176470588235,
        "final_val_f1": 0.7666412463231289,
        "best_val_f1": 0.8012151782643586,
        "best_epoch": 176,
        "total_epochs": 218,
        "training_time_seconds": 3.5441417694091797
    },
    "final_test_metrics": {
        "accuracy": 0.8333333333333334,
        "precision": 0.6875,
        "recall": 0.7586206896551724,
        "f1_score": 0.7213114754098361,
        "confusion_matrix": [
            [
                63,
                10
            ],
            [
                7,
                22
            ]
        ]
    }
}