{
    "args": {
        "graph_path": "graphs/politifact/9_shot_distilbert_knn_8_smpf10.pt",
        "model": "GAT",
        "dropout_rate": 0.5,
        "hidden_channels": 128,
        "gat_heads": 8,
        "lr": 0.0001,
        "weight_decay": 0.0001,
        "n_epochs": 300,
        "patience": 30,
        "seed": 42,
        "output_dir": "results"
    },
    "model_name": "GAT_politifact_9_shot_distilbert_knn_8_smpf10",
    "training_history": {
        "final_train_loss": 0.35293519496917725,
        "final_train_acc": 0.7777777777777778,
        "final_val_loss": 0.6367084980010986,
        "final_val_acc": 0.7156862745098039,
        "final_val_f1": 0.6906828401129352,
        "best_val_f1": 0.6994949494949495,
        "best_epoch": 51,
        "total_epochs": 81,
        "training_time_seconds": 2.1776065826416016
    },
    "final_test_metrics": {
        "accuracy": 0.7254901960784313,
        "precision": 0.696491919590067,
        "recall": 0.73547472838923,
        "f1_score": 0.6994949494949495,
        "confusion_matrix": [
            [
                52,
                21
            ],
            [
                7,
                22
            ]
        ]
    }
}