{
    "args": {
        "graph_path": "graphs/politifact/4_shot_combined_mutual_knn_6.pt",
        "model": "GAT",
        "dropout_rate": 0.5,
        "hidden_channels": 128,
        "gat_heads": 8,
        "lr": 0.0001,
        "weight_decay": 0.0001,
        "n_epochs": 300,
        "patience": 30,
        "seed": 42,
        "output_dir": "results"
    },
    "model_name": "GAT_politifact_4_shot_combined_mutual_knn_6",
    "training_history": {
        "final_train_loss": 0.3913019597530365,
        "final_train_acc": 1.0,
        "final_val_loss": 0.5407705307006836,
        "final_val_acc": 0.7352941176470589,
        "final_val_f1": 0.6899696048632218,
        "best_val_f1": 0.7312252964426877,
        "best_epoch": 296,
        "total_epochs": 300,
        "training_time_seconds": 4.3332884311676025
    },
    "final_test_metrics": {
        "accuracy": 0.7647058823529411,
        "precision": 0.5675675675675675,
        "recall": 0.7241379310344828,
        "f1_score": 0.6363636363636364,
        "confusion_matrix": [
            [
                57,
                16
            ],
            [
                8,
                21
            ]
        ]
    }
}