{
    "args": {
        "graph_path": "graphs/politifact/8_shot_combined_knn_6_smpf10.pt",
        "model": "GAT",
        "dropout_rate": 0.5,
        "hidden_channels": 128,
        "gat_heads": 8,
        "lr": 0.0001,
        "weight_decay": 0.0001,
        "n_epochs": 300,
        "patience": 30,
        "seed": 42,
        "output_dir": "results"
    },
    "model_name": "GAT_politifact_8_shot_combined_knn_6_smpf10",
    "training_history": {
        "final_train_loss": 0.3810841143131256,
        "final_train_acc": 0.9375,
        "final_val_loss": 0.5501206517219543,
        "final_val_acc": 0.8137254901960784,
        "final_val_f1": 0.7855008301051467,
        "best_val_f1": 0.8246016278803163,
        "best_epoch": 281,
        "total_epochs": 300,
        "training_time_seconds": 4.199617147445679
    },
    "final_test_metrics": {
        "accuracy": 0.8529411764705882,
        "precision": 0.71875,
        "recall": 0.7931034482758621,
        "f1_score": 0.7540983606557377,
        "confusion_matrix": [
            [
                64,
                9
            ],
            [
                6,
                23
            ]
        ]
    }
}