{
    "args": {
        "graph_path": "graphs/politifact/8_shot_roberta_topk_mean_10_1p00.pt",
        "model": "GAT",
        "dropout_rate": 0.5,
        "hidden_channels": 128,
        "gat_heads": 8,
        "lr": 0.0001,
        "weight_decay": 0.0001,
        "n_epochs": 300,
        "patience": 30,
        "seed": 42,
        "output_dir": "results"
    },
    "model_name": "GAT_politifact_8_shot_roberta_topk_mean_10_1p00",
    "training_history": {
        "final_train_loss": 0.32158514857292175,
        "final_train_acc": 0.9375,
        "final_val_loss": 0.5108983516693115,
        "final_val_acc": 0.803921568627451,
        "final_val_f1": 0.7794117647058824,
        "best_val_f1": 0.8014705882352942,
        "best_epoch": 234,
        "total_epochs": 300,
        "training_time_seconds": 4.609524488449097
    },
    "final_test_metrics": {
        "accuracy": 0.8235294117647058,
        "precision": 0.6410256410256411,
        "recall": 0.8620689655172413,
        "f1_score": 0.7352941176470589,
        "confusion_matrix": [
            [
                59,
                14
            ],
            [
                4,
                25
            ]
        ]
    }
}