{
    "args": {
        "graph_path": "graphs/gossipcop/8_shot_combined_mutual_knn_8_smpf10.pt",
        "model": "GAT",
        "dropout_rate": 0.5,
        "hidden_channels": 128,
        "gat_heads": 8,
        "lr": 0.0001,
        "weight_decay": 0.0001,
        "n_epochs": 300,
        "patience": 30,
        "seed": 42,
        "output_dir": "results"
    },
    "model_name": "GAT_gossipcop_8_shot_combined_mutual_knn_8_smpf10",
    "training_history": {
        "final_train_loss": 0.5128548741340637,
        "final_train_acc": 0.75,
        "final_val_loss": 0.6410148739814758,
        "final_val_acc": 0.7286676646706587,
        "final_val_f1": 0.5784625983476657,
        "best_val_f1": 0.591658149225568,
        "best_epoch": 150,
        "total_epochs": 180,
        "training_time_seconds": 3.048870086669922
    },
    "final_test_metrics": {
        "accuracy": 0.7672155688622755,
        "precision": 0.35731414868105515,
        "recall": 0.2962226640159046,
        "f1_score": 0.3239130434782609,
        "confusion_matrix": [
            [
                1901,
                268
            ],
            [
                354,
                149
            ]
        ]
    }
}