{
    "args": {
        "graph_path": "graphs/politifact/7_shot_roberta_knn_6_smpf10.pt",
        "model": "GAT",
        "dropout_rate": 0.5,
        "hidden_channels": 128,
        "gat_heads": 8,
        "lr": 0.0001,
        "weight_decay": 0.0001,
        "n_epochs": 300,
        "patience": 30,
        "seed": 42,
        "output_dir": "results"
    },
    "model_name": "GAT_politifact_7_shot_roberta_knn_6_smpf10",
    "training_history": {
        "final_train_loss": 0.4959539771080017,
        "final_train_acc": 0.7142857142857143,
        "final_val_loss": 0.6007253527641296,
        "final_val_acc": 0.7058823529411765,
        "final_val_f1": 0.6854440789473684,
        "best_val_f1": 0.7291404612159329,
        "best_epoch": 41,
        "total_epochs": 140,
        "training_time_seconds": 4.689971446990967
    },
    "final_test_metrics": {
        "accuracy": 0.8137254901960784,
        "precision": 0.8132267441860466,
        "recall": 0.7035899858290033,
        "f1_score": 0.7291404612159329,
        "confusion_matrix": [
            [
                70,
                3
            ],
            [
                16,
                13
            ]
        ]
    }
}