{
    "args": {
        "graph_path": "graphs/politifact/7_shot_roberta_knn_6_smpf10.pt",
        "model": "GAT",
        "dropout_rate": 0.5,
        "hidden_channels": 128,
        "gat_heads": 8,
        "lr": 0.0001,
        "weight_decay": 0.0001,
        "n_epochs": 300,
        "patience": 30,
        "seed": 42,
        "output_dir": "results"
    },
    "model_name": "GAT_politifact_7_shot_roberta_knn_6_smpf10",
    "training_history": {
        "final_train_loss": 0.6267381906509399,
        "final_train_acc": 0.7857142857142857,
        "final_val_loss": 0.610093355178833,
        "final_val_acc": 0.7156862745098039,
        "final_val_f1": 0.41714285714285715,
        "best_val_f1": 0.41714285714285715,
        "best_epoch": 2,
        "total_epochs": 46,
        "training_time_seconds": 1.4265570640563965
    },
    "final_test_metrics": {
        "accuracy": 0.7156862745098039,
        "precision": 0.0,
        "recall": 0.0,
        "f1_score": 0.0,
        "confusion_matrix": [
            [
                73,
                0
            ],
            [
                29,
                0
            ]
        ]
    }
}