{
    "args": {
        "graph_path": "graphs/politifact/9_shot_roberta_knn_4.pt",
        "model": "GAT",
        "dropout_rate": 0.5,
        "hidden_channels": 128,
        "gat_heads": 8,
        "lr": 0.0001,
        "weight_decay": 0.0001,
        "n_epochs": 300,
        "patience": 30,
        "seed": 42,
        "output_dir": "results"
    },
    "model_name": "GAT_politifact_9_shot_roberta_knn_4",
    "training_history": {
        "final_train_loss": 0.4307113289833069,
        "final_train_acc": 0.8888888888888888,
        "final_val_loss": 0.5107519030570984,
        "final_val_acc": 0.7745098039215687,
        "final_val_f1": 0.6611295681063123,
        "best_val_f1": 0.7137278828553997,
        "best_epoch": 228,
        "total_epochs": 300,
        "training_time_seconds": 4.1471099853515625
    },
    "final_test_metrics": {
        "accuracy": 0.7745098039215687,
        "precision": 0.6153846153846154,
        "recall": 0.5517241379310345,
        "f1_score": 0.5818181818181818,
        "confusion_matrix": [
            [
                63,
                10
            ],
            [
                13,
                16
            ]
        ]
    }
}