{
    "args": {
        "graph_path": "graphs/politifact/5_shot_combined_knn_7.pt",
        "model": "GAT",
        "dropout_rate": 0.5,
        "hidden_channels": 128,
        "gat_heads": 8,
        "lr": 0.0001,
        "weight_decay": 0.0001,
        "n_epochs": 300,
        "patience": 30,
        "seed": 42,
        "output_dir": "results"
    },
    "model_name": "GAT_politifact_5_shot_combined_knn_7",
    "training_history": {
        "final_train_loss": 0.635050892829895,
        "final_train_acc": 0.5,
        "final_val_loss": 0.644963264465332,
        "final_val_acc": 0.696078431372549,
        "final_val_f1": 0.650027670171555,
        "best_val_f1": 0.6794852611102797,
        "best_epoch": 65,
        "total_epochs": 95,
        "training_time_seconds": 2.0262343883514404
    },
    "final_test_metrics": {
        "accuracy": 0.7941176470588235,
        "precision": 0.8333333333333334,
        "recall": 0.3448275862068966,
        "f1_score": 0.4878048780487805,
        "confusion_matrix": [
            [
                71,
                2
            ],
            [
                19,
                10
            ]
        ]
    }
}