{
    "args": {
        "graph_path": "graphs/gossipcop/13_shot_roberta_knn_5_psl10.pt",
        "model": "GAT",
        "dropout_rate": 0.5,
        "hidden_channels": 128,
        "gat_heads": 8,
        "lr": 0.0001,
        "weight_decay": 0.0001,
        "n_epochs": 300,
        "patience": 30,
        "seed": 42,
        "output_dir": "results"
    },
    "model_name": "GAT_gossipcop_13_shot_roberta_knn_5_psl10",
    "training_history": {
        "final_train_loss": 0.512260913848877,
        "final_train_acc": 0.7692307692307693,
        "final_val_loss": 0.6501792669296265,
        "final_val_acc": 0.6324850299401198,
        "final_val_f1": 0.4987943117185566,
        "best_val_f1": 0.5038209590738933,
        "best_epoch": 191,
        "total_epochs": 221,
        "training_time_seconds": 3.504457950592041
    },
    "final_test_metrics": {
        "accuracy": 0.6964820359281437,
        "precision": 0.5038181631816319,
        "recall": 0.5038239901302192,
        "f1_score": 0.5038209590738933,
        "confusion_matrix": [
            [
                1763,
                406
            ],
            [
                405,
                98
            ]
        ]
    }
}