{
    "args": {
        "graph_path": "graphs/politifact/8_shot_roberta_mutual_knn_6_smpf10.pt",
        "model": "GAT",
        "dropout_rate": 0.5,
        "hidden_channels": 128,
        "gat_heads": 8,
        "lr": 0.0001,
        "weight_decay": 0.0001,
        "n_epochs": 300,
        "patience": 30,
        "seed": 42,
        "output_dir": "results"
    },
    "model_name": "GAT_politifact_8_shot_roberta_mutual_knn_6_smpf10",
    "training_history": {
        "final_train_loss": 0.4880702793598175,
        "final_train_acc": 0.6875,
        "final_val_loss": 0.56946861743927,
        "final_val_acc": 0.7352941176470589,
        "final_val_f1": 0.6899696048632218,
        "best_val_f1": 0.722962962962963,
        "best_epoch": 177,
        "total_epochs": 213,
        "training_time_seconds": 3.2066893577575684
    },
    "final_test_metrics": {
        "accuracy": 0.7843137254901961,
        "precision": 0.64,
        "recall": 0.5517241379310345,
        "f1_score": 0.5925925925925926,
        "confusion_matrix": [
            [
                64,
                9
            ],
            [
                13,
                16
            ]
        ]
    }
}