{
    "args": {
        "graph_path": "graphs/gossipcop/3_shot_combined_mutual_knn_5_smpf10.pt",
        "model": "GAT",
        "dropout_rate": 0.5,
        "hidden_channels": 128,
        "gat_heads": 8,
        "lr": 0.0001,
        "weight_decay": 0.0001,
        "n_epochs": 300,
        "patience": 30,
        "seed": 42,
        "output_dir": "results"
    },
    "model_name": "GAT_gossipcop_3_shot_combined_mutual_knn_5_smpf10",
    "training_history": {
        "final_train_loss": 0.6002171635627747,
        "final_train_acc": 0.6666666666666666,
        "final_val_loss": 0.6958808898925781,
        "final_val_acc": 0.4839071856287425,
        "final_val_f1": 0.46647399220566166,
        "best_val_f1": 0.5827129639539579,
        "best_epoch": 89,
        "total_epochs": 175,
        "training_time_seconds": 2.831132650375366
    },
    "final_test_metrics": {
        "accuracy": 0.7526197604790419,
        "precision": 0.3297413793103448,
        "recall": 0.30417495029821073,
        "f1_score": 0.3164426059979317,
        "confusion_matrix": [
            [
                1858,
                311
            ],
            [
                350,
                153
            ]
        ]
    }
}