{
    "args": {
        "graph_path": "graphs/politifact/7_shot_bert_knn_5_smpf10.pt",
        "model": "GAT",
        "dropout_rate": 0.5,
        "hidden_channels": 128,
        "gat_heads": 8,
        "lr": 0.0001,
        "weight_decay": 0.0001,
        "n_epochs": 300,
        "patience": 30,
        "seed": 42,
        "output_dir": "results"
    },
    "model_name": "GAT_politifact_7_shot_bert_knn_5_smpf10",
    "training_history": {
        "final_train_loss": 0.10240532457828522,
        "final_train_acc": 1.0,
        "final_val_loss": 0.6750327944755554,
        "final_val_acc": 0.7549019607843137,
        "final_val_f1": 0.7364341085271318,
        "best_val_f1": 0.739237140811944,
        "best_epoch": 75,
        "total_epochs": 123,
        "training_time_seconds": 5.454827785491943
    },
    "final_test_metrics": {
        "accuracy": 0.7549019607843137,
        "precision": 0.7430555555555556,
        "recall": 0.7975909305621163,
        "f1_score": 0.739237140811944,
        "confusion_matrix": [
            [
                51,
                22
            ],
            [
                3,
                26
            ]
        ]
    }
}