{
  "accuracy": 0.7395209580838323,
  "f1": 0.5983801415302963,
  "precision": 0.5939708164911807,
  "recall": 0.6051583537044216,
  "confusion_matrix": [
    [
      1780,
      389
    ],
    [
      307,
      196
    ]
  ]
}