{
  "best_val_accuracy": 0.5,
  "test_metrics": {
    "accuracy": 0.5,
    "precision": 0.25,
    "recall": 0.5,
    "f1": 0.3333333333333333
  },
  "training_time": 0.22850871086120605,
  "epochs_trained": 11
}