{
    "args": {
        "graph_path": "graphs_hetero/politifact/12_shot_bert_hetero_knn_5_smpf10.pt",
        "model": "HAN",
        "target_node_type": "news",
        "dropout_rate": 0.0,
        "hidden_channels": 128,
        "hgt_han_heads": 4,
        "hgt_layers": 1,
        "lr": 0.0001,
        "weight_decay": 0.0001,
        "n_epochs": 300,
        "patience": 30,
        "seed": 42,
        "output_dir_base": "results_hetero"
    },
    "model_name": "HAN_politifact_12_shot_bert_hetero_knn_5_smpf10",
    "training_history": {
        "final_train_loss": 0.21142412722110748,
        "final_train_acc": 1.0,
        "final_val_loss": 0.6684086918830872,
        "final_val_acc": 0.696078431372549,
        "final_val_f1": 0.6851538384944738,
        "best_val_f1": 0.6984627512810406,
        "best_epoch": 53,
        "total_epochs_run": 87,
        "training_time_seconds": 2.771404504776001
    },
    "final_test_metrics_on_target_node": {
        "accuracy": 0.7058823529411765,
        "precision": 0.7345029239766081,
        "recall": 0.7841284837033538,
        "f1_score": 0.6984627512810406,
        "confusion_matrix": [
            [
                44,
                29
            ],
            [
                1,
                28
            ]
        ]
    }
}