{
  "accuracy": 0.4019607843137255,
  "f1": 0.39384885267238207,
  "precision": 0.6053028498848931,
  "recall": 0.4019607843137255
}