{
  "accuracy": 0.4019607843137255,
  "f1": 0.40144300144300143,
  "precision": 0.5101214574898785,
  "recall": 0.509447331128956,
  "confusion_matrix": [
    [
      19,
      54
    ],
    [
      7,
      22
    ]
  ]
}