{
    "args": {
        "graph_path": "graphs/politifact/8_shot_roberta_knn_6_smpf10.pt",
        "model": "GAT",
        "dropout_rate": 0.5,
        "hidden_channels": 128,
        "gat_heads": 8,
        "lr": 0.0001,
        "weight_decay": 0.0001,
        "n_epochs": 300,
        "patience": 30,
        "seed": 42,
        "output_dir": "results"
    },
    "model_name": "GAT_politifact_8_shot_roberta_knn_6_smpf10",
    "training_history": {
        "final_train_loss": 0.32675012946128845,
        "final_train_acc": 0.9375,
        "final_val_loss": 0.5252664089202881,
        "final_val_acc": 0.7745098039215687,
        "final_val_f1": 0.7546794938826729,
        "best_val_f1": 0.7573529411764706,
        "best_epoch": 213,
        "total_epochs": 257,
        "training_time_seconds": 5.14672327041626
    },
    "final_test_metrics": {
        "accuracy": 0.7843137254901961,
        "precision": 0.7472527472527473,
        "recall": 0.7869626830420406,
        "f1_score": 0.7573529411764706,
        "confusion_matrix": [
            [
                57,
                16
            ],
            [
                6,
                23
            ]
        ]
    }
}