{
  "accuracy": 0.8235294117647058,
  "precision": 0.7837953091684435,
  "recall": 0.8143599433160132,
  "f1_score": 0.7950892857142857
}