{
    "args": {
        "graph_path": "graphs/politifact/11_shot_roberta_knn_6.pt",
        "model": "GAT",
        "dropout_rate": 0.5,
        "hidden_channels": 128,
        "gat_heads": 8,
        "lr": 0.0001,
        "weight_decay": 0.0001,
        "n_epochs": 300,
        "patience": 30,
        "seed": 42,
        "output_dir": "results"
    },
    "model_name": "GAT_politifact_11_shot_roberta_knn_6",
    "training_history": {
        "final_train_loss": 0.4975811243057251,
        "final_train_acc": 0.7727272727272727,
        "final_val_loss": 0.5438802242279053,
        "final_val_acc": 0.7843137254901961,
        "final_val_f1": 0.7085714285714286,
        "best_val_f1": 0.7254901960784315,
        "best_epoch": 153,
        "total_epochs": 219,
        "training_time_seconds": 3.2495620250701904
    },
    "final_test_metrics": {
        "accuracy": 0.7941176470588235,
        "precision": 0.6818181818181818,
        "recall": 0.5172413793103449,
        "f1_score": 0.5882352941176471,
        "confusion_matrix": [
            [
                66,
                7
            ],
            [
                14,
                15
            ]
        ]
    }
}