{
  "accuracy": 0.8431372549019608,
  "precision": 0.8050065876152832,
  "recall": 0.8280585734529995,
  "f1_score": 0.8146297137664698
}