{
    "args": {
        "graph_path": "graphs/politifact/12_shot_combined_mutual_knn_3.pt",
        "model": "GAT",
        "dropout_rate": 0.5,
        "hidden_channels": 128,
        "gat_heads": 8,
        "lr": 0.0001,
        "weight_decay": 0.0001,
        "n_epochs": 300,
        "patience": 30,
        "seed": 42,
        "output_dir": "results"
    },
    "model_name": "GAT_politifact_12_shot_combined_mutual_knn_3",
    "training_history": {
        "final_train_loss": 0.7128238081932068,
        "final_train_acc": 0.5833333333333334,
        "final_val_loss": 0.6895357966423035,
        "final_val_acc": 0.47058823529411764,
        "final_val_f1": 0.4703846153846154,
        "best_val_f1": 0.5231168831168831,
        "best_epoch": 3,
        "total_epochs": 33,
        "training_time_seconds": 1.3091084957122803
    },
    "final_test_metrics": {
        "accuracy": 0.6470588235294118,
        "precision": 0.3333333333333333,
        "recall": 0.2413793103448276,
        "f1_score": 0.28,
        "confusion_matrix": [
            [
                59,
                14
            ],
            [
                22,
                7
            ]
        ]
    }
}