{
  "accuracy": 0.7941616766467066,
  "precision": 0.6578497350814017,
  "recall": 0.6479765941006794,
  "f1_score": 0.6525068406213261
}