{
    "args": {
        "graph_path": "graphs_hetero/politifact/6_shot_bigbird_hetero_knn_5_smpf10.pt",
        "model": "HAN",
        "target_node_type": "news",
        "dropout_rate": 0.0,
        "hidden_channels": 128,
        "hgt_han_heads": 4,
        "hgt_layers": 1,
        "lr": 0.0001,
        "weight_decay": 0.0001,
        "n_epochs": 300,
        "patience": 30,
        "seed": 42,
        "output_dir_base": "results_hetero"
    },
    "model_name": "HAN_politifact_6_shot_bigbird_hetero_knn_5_smpf10",
    "training_history": {
        "final_train_loss": 0.5999063849449158,
        "final_train_acc": 0.6666666666666666,
        "final_val_loss": 0.7598745226860046,
        "final_val_acc": 0.3333333333333333,
        "final_val_f1": 0.30667732906837264,
        "best_val_f1": 0.5337936399883303,
        "best_epoch": 3,
        "total_epochs_run": 33,
        "training_time_seconds": 1.7924935817718506
    },
    "final_test_metrics_on_target_node": {
        "accuracy": 0.5392156862745098,
        "precision": 0.5899193548387096,
        "recall": 0.6053377420878602,
        "f1_score": 0.5337936399883303,
        "confusion_matrix": [
            [
                33,
                40
            ],
            [
                7,
                22
            ]
        ]
    }
}