{
    "args": {
        "graph_path": "graphs/gossipcop/13_shot_bert_knn_8_smpf10.pt",
        "model": "GAT",
        "dropout_rate": 0.5,
        "hidden_channels": 128,
        "gat_heads": 8,
        "lr": 0.0001,
        "weight_decay": 0.0001,
        "n_epochs": 300,
        "patience": 30,
        "seed": 42,
        "output_dir": "results"
    },
    "model_name": "GAT_gossipcop_13_shot_bert_knn_8_smpf10",
    "training_history": {
        "final_train_loss": 0.183415487408638,
        "final_train_acc": 1.0,
        "final_val_loss": 0.801448404788971,
        "final_val_acc": 0.657185628742515,
        "final_val_f1": 0.5500135314812854,
        "best_val_f1": 0.5735886694594056,
        "best_epoch": 138,
        "total_epochs": 170,
        "training_time_seconds": 7.348080396652222
    },
    "final_test_metrics": {
        "accuracy": 0.718562874251497,
        "precision": 0.5700004208784288,
        "recall": 0.580796456851331,
        "f1_score": 0.5735886694594056,
        "confusion_matrix": [
            [
                1739,
                430
            ],
            [
                322,
                181
            ]
        ]
    }
}