{
    "args": {
        "graph_path": "graphs/politifact/9_shot_combined_mutual_knn_6.pt",
        "model": "GAT",
        "dropout_rate": 0.5,
        "hidden_channels": 128,
        "gat_heads": 8,
        "lr": 0.0001,
        "weight_decay": 0.0001,
        "n_epochs": 300,
        "patience": 30,
        "seed": 42,
        "output_dir": "results"
    },
    "model_name": "GAT_politifact_9_shot_combined_mutual_knn_6",
    "training_history": {
        "final_train_loss": 0.37880265712738037,
        "final_train_acc": 0.9444444444444444,
        "final_val_loss": 0.5631799697875977,
        "final_val_acc": 0.7843137254901961,
        "final_val_f1": 0.7536231884057971,
        "best_val_f1": 0.7578408096963638,
        "best_epoch": 104,
        "total_epochs": 264,
        "training_time_seconds": 3.5813441276550293
    },
    "final_test_metrics": {
        "accuracy": 0.8137254901960784,
        "precision": 0.7083333333333334,
        "recall": 0.5862068965517241,
        "f1_score": 0.6415094339622641,
        "confusion_matrix": [
            [
                66,
                7
            ],
            [
                12,
                17
            ]
        ]
    }
}