{
  "accuracy": 0.30392156862745096,
  "f1": 0.2666329113924051,
  "precision": 0.4739583333333333,
  "recall": 0.49291450165328293,
  "confusion_matrix": [
    [
      4,
      69
    ],
    [
      2,
      27
    ]
  ]
}