{
  "accuracy": 0.30392156862745096,
  "f1": 0.1952980888557955,
  "precision": 0.5570874183006536,
  "recall": 0.30392156862745096
}