{
    "args": {
        "graph_path": "graphs_hetero/gossipcop/13_shot_roberta_hetero_dual_knn_sim5_dis5_smpf10.pt",
        "model": "HAN",
        "target_node_type": "news",
        "dropout_rate": 0.0,
        "hidden_channels": 128,
        "hgt_han_heads": 4,
        "hgt_layers": 1,
        "lr": 0.0001,
        "weight_decay": 0.0001,
        "n_epochs": 300,
        "patience": 30,
        "seed": 42,
        "output_dir_base": "results_hetero"
    },
    "model_name": "HAN_gossipcop_13_shot_roberta_hetero_dual_knn_sim5_dis5_smpf10",
    "training_history": {
        "final_train_loss": 0.23357875645160675,
        "final_train_acc": 1.0,
        "final_val_loss": 0.5825759768486023,
        "final_val_acc": 0.7050898203592815,
        "final_val_f1": 0.597385680904686,
        "best_val_f1": 0.6132494016552881,
        "best_epoch": 114,
        "total_epochs_run": 300,
        "training_time_seconds": 8.425085306167603
    },
    "final_test_metrics_on_target_node": {
        "accuracy": 0.7679640718562875,
        "precision": 0.6155198691604622,
        "recall": 0.6112252258693116,
        "f1_score": 0.6132494016552881,
        "confusion_matrix": [
            [
                1871,
                298
            ],
            [
                322,
                181
            ]
        ]
    }
}