{
    "args": {
        "graph_path": "graphs_hetero/politifact/13_shot_roberta_hetero_knn_5_psl10.pt",
        "model": "HAN",
        "target_node_type": "news",
        "dropout_rate": 0.0,
        "hidden_channels": 128,
        "hgt_han_heads": 4,
        "hgt_layers": 1,
        "lr": 0.0001,
        "weight_decay": 0.0001,
        "n_epochs": 300,
        "patience": 30,
        "seed": 42,
        "output_dir_base": "results_hetero"
    },
    "model_name": "HAN_politifact_13_shot_roberta_hetero_knn_5_psl10",
    "training_history": {
        "final_train_loss": 0.20879843831062317,
        "final_train_acc": 1.0,
        "final_val_loss": 0.45084962248802185,
        "final_val_acc": 0.8431372549019608,
        "final_val_f1": 0.8146297137664698,
        "best_val_f1": 0.8277608915906788,
        "best_epoch": 120,
        "total_epochs_run": 300,
        "training_time_seconds": 5.681490182876587
    },
    "final_test_metrics_on_target_node": {
        "accuracy": 0.8529411764705882,
        "precision": 0.8161764705882353,
        "recall": 0.8452999527633444,
        "f1_score": 0.8277608915906788,
        "confusion_matrix": [
            [
                63,
                10
            ],
            [
                5,
                24
            ]
        ]
    }
}