{
    "args": {
        "graph_path": "graphs/politifact/7_shot_bert_knn_8_smpf10.pt",
        "model": "GAT",
        "dropout_rate": 0.5,
        "hidden_channels": 128,
        "gat_heads": 8,
        "lr": 0.0001,
        "weight_decay": 0.0001,
        "n_epochs": 300,
        "patience": 30,
        "seed": 42,
        "output_dir": "results"
    },
    "model_name": "GAT_politifact_7_shot_bert_knn_8_smpf10",
    "training_history": {
        "final_train_loss": 0.23588459193706512,
        "final_train_acc": 0.9285714285714286,
        "final_val_loss": 0.6044654846191406,
        "final_val_acc": 0.7254901960784313,
        "final_val_f1": 0.7031185031185031,
        "best_val_f1": 0.7424242424242424,
        "best_epoch": 47,
        "total_epochs": 81,
        "training_time_seconds": 2.06947660446167
    },
    "final_test_metrics": {
        "accuracy": 0.7647058823529411,
        "precision": 0.7366968860859282,
        "recall": 0.783656117146906,
        "f1_score": 0.7424242424242424,
        "confusion_matrix": [
            [
                54,
                19
            ],
            [
                5,
                24
            ]
        ]
    }
}