{
    "args": {
        "graph_path": "graphs_hetero/gossipcop/15_shot_roberta_hetero_knn_5_smpf10.pt",
        "model": "HGT",
        "target_node_type": "news",
        "dropout_rate": 0.0,
        "hidden_channels": 128,
        "hgt_han_heads": 4,
        "hgt_layers": 1,
        "lr": 0.0001,
        "weight_decay": 0.0001,
        "n_epochs": 300,
        "patience": 30,
        "seed": 42,
        "output_dir_base": "results_hetero"
    },
    "model_name": "HGT_gossipcop_15_shot_roberta_hetero_knn_5_smpf10",
    "training_history": {
        "final_train_loss": 0.0065320516005158424,
        "final_train_acc": 1.0,
        "final_val_loss": 0.8413404822349548,
        "final_val_acc": 0.6511976047904192,
        "final_val_f1": 0.5641710425086123,
        "best_val_f1": 0.5672356486958481,
        "best_epoch": 187,
        "total_epochs_run": 217,
        "training_time_seconds": 7.582515001296997
    },
    "final_test_metrics_on_target_node": {
        "accuracy": 0.655688622754491,
        "precision": 0.5740148673789174,
        "recall": 0.611548780163647,
        "f1_score": 0.5672356486958481,
        "confusion_matrix": [
            [
                1480,
                689
            ],
            [
                231,
                272
            ]
        ]
    }
}