{
    "args": {
        "graph_path": "graphs_hetero/gossipcop/15_shot_roberta_hetero_knn_5_smpf10.pt",
        "model": "HGT",
        "target_node_type": "news",
        "dropout_rate": 0.0,
        "hidden_channels": 128,
        "hgt_han_heads": 4,
        "hgt_layers": 1,
        "lr": 0.0001,
        "weight_decay": 0.0001,
        "n_epochs": 300,
        "patience": 30,
        "seed": 42,
        "output_dir_base": "results_hetero"
    },
    "model_name": "HGT_gossipcop_15_shot_roberta_hetero_knn_5_smpf10",
    "training_history": {
        "final_train_loss": 0.006280964240431786,
        "final_train_acc": 1.0,
        "final_val_loss": 0.8524953722953796,
        "final_val_acc": 0.6515718562874252,
        "final_val_f1": 0.5633575400333813,
        "best_val_f1": 0.5667828408061444,
        "best_epoch": 173,
        "total_epochs_run": 203,
        "training_time_seconds": 7.343328952789307
    },
    "final_test_metrics_on_target_node": {
        "accuracy": 0.656062874251497,
        "precision": 0.573322946230896,
        "recall": 0.6102522715252973,
        "f1_score": 0.5667828408061444,
        "confusion_matrix": [
            [
                1483,
                686
            ],
            [
                233,
                270
            ]
        ]
    }
}