{
    "args": {
        "graph_path": "graphs/politifact/10_shot_combined_knn_6.pt",
        "model": "GAT",
        "dropout_rate": 0.5,
        "hidden_channels": 128,
        "gat_heads": 8,
        "lr": 0.0001,
        "weight_decay": 0.0001,
        "n_epochs": 300,
        "patience": 30,
        "seed": 42,
        "output_dir": "results"
    },
    "model_name": "GAT_politifact_10_shot_combined_knn_6",
    "training_history": {
        "final_train_loss": 0.40761494636535645,
        "final_train_acc": 1.0,
        "final_val_loss": 0.520799994468689,
        "final_val_acc": 0.8333333333333334,
        "final_val_f1": 0.7930540637307555,
        "best_val_f1": 0.8111111111111111,
        "best_epoch": 246,
        "total_epochs": 300,
        "training_time_seconds": 3.945018768310547
    },
    "final_test_metrics": {
        "accuracy": 0.8431372549019608,
        "precision": 0.7096774193548387,
        "recall": 0.7586206896551724,
        "f1_score": 0.7333333333333333,
        "confusion_matrix": [
            [
                64,
                9
            ],
            [
                7,
                22
            ]
        ]
    }
}