{
    "args": {
        "graph_path": "graphs/politifact/14_shot_bert_knn_6_smpf10.pt",
        "model": "GAT",
        "dropout_rate": 0.5,
        "hidden_channels": 128,
        "gat_heads": 8,
        "lr": 0.0001,
        "weight_decay": 0.0001,
        "n_epochs": 300,
        "patience": 30,
        "seed": 42,
        "output_dir": "results"
    },
    "model_name": "GAT_politifact_14_shot_bert_knn_6_smpf10",
    "training_history": {
        "final_train_loss": 0.24313710629940033,
        "final_train_acc": 0.8928571428571429,
        "final_val_loss": 0.7386093735694885,
        "final_val_acc": 0.7254901960784313,
        "final_val_f1": 0.7094017094017094,
        "best_val_f1": 0.7326612903225806,
        "best_epoch": 53,
        "total_epochs": 92,
        "training_time_seconds": 3.9213249683380127
    },
    "final_test_metrics": {
        "accuracy": 0.7450980392156863,
        "precision": 0.7450980392156863,
        "recall": 0.8011336797354747,
        "f1_score": 0.7326612903225806,
        "confusion_matrix": [
            [
                49,
                24
            ],
            [
                2,
                27
            ]
        ]
    }
}