{
    "args": {
        "graph_path": "graphs_hetero/politifact/11_shot_bert_hetero_knn_5_smpf10.pt",
        "model": "HGT",
        "target_node_type": "news",
        "dropout_rate": 0.0,
        "hidden_channels": 128,
        "hgt_han_heads": 4,
        "hgt_layers": 1,
        "lr": 0.0001,
        "weight_decay": 0.0001,
        "n_epochs": 300,
        "patience": 30,
        "seed": 42,
        "output_dir_base": "results_hetero"
    },
    "model_name": "HGT_politifact_11_shot_bert_hetero_knn_5_smpf10",
    "training_history": {
        "final_train_loss": 0.00530502013862133,
        "final_train_acc": 1.0,
        "final_val_loss": 1.6128981113433838,
        "final_val_acc": 0.7254901960784313,
        "final_val_f1": 0.714514194322271,
        "best_val_f1": 0.7257791496564772,
        "best_epoch": 92,
        "total_epochs_run": 122,
        "training_time_seconds": 5.069276571273804
    },
    "final_test_metrics_on_target_node": {
        "accuracy": 0.7352941176470589,
        "precision": 0.7488425925925926,
        "recall": 0.8046764289088333,
        "f1_score": 0.7257791496564772,
        "confusion_matrix": [
            [
                47,
                26
            ],
            [
                1,
                28
            ]
        ]
    }
}