{
    "args": {
        "graph_path": "graphs/gossipcop/7_shot_roberta_knn_7_smpf10.pt",
        "model": "GAT",
        "dropout_rate": 0.5,
        "hidden_channels": 128,
        "gat_heads": 8,
        "lr": 0.0001,
        "weight_decay": 0.0001,
        "n_epochs": 300,
        "patience": 30,
        "seed": 42,
        "output_dir": "results"
    },
    "model_name": "GAT_gossipcop_7_shot_roberta_knn_7_smpf10",
    "training_history": {
        "final_train_loss": 0.6699539422988892,
        "final_train_acc": 0.5,
        "final_val_loss": 0.6050430536270142,
        "final_val_acc": 0.811751497005988,
        "final_val_f1": 0.4480479239826482,
        "best_val_f1": 0.4495344400582686,
        "best_epoch": 2,
        "total_epochs": 42,
        "training_time_seconds": 1.4065027236938477
    },
    "final_test_metrics": {
        "accuracy": 0.8102544910179641,
        "precision": 0.16666666666666666,
        "recall": 0.0019880715705765406,
        "f1_score": 0.003929273084479371,
        "confusion_matrix": [
            [
                2164,
                5
            ],
            [
                502,
                1
            ]
        ]
    }
}