{
    "args": {
        "graph_path": "graphs/gossipcop/7_shot_roberta_knn_7_smpf10.pt",
        "model": "GAT",
        "dropout_rate": 0.5,
        "hidden_channels": 128,
        "gat_heads": 8,
        "lr": 0.0001,
        "weight_decay": 0.0001,
        "n_epochs": 300,
        "patience": 30,
        "seed": 42,
        "output_dir": "results"
    },
    "model_name": "GAT_gossipcop_7_shot_roberta_knn_7_smpf10",
    "training_history": {
        "final_train_loss": 0.7901532053947449,
        "final_train_acc": 0.5,
        "final_val_loss": 0.6155032515525818,
        "final_val_acc": 0.811751497005988,
        "final_val_f1": 0.4480479239826482,
        "best_val_f1": 0.4497236978940904,
        "best_epoch": 1,
        "total_epochs": 39,
        "training_time_seconds": 1.4788086414337158
    },
    "final_test_metrics": {
        "accuracy": 0.7892964071856288,
        "precision": 0.4400186669594817,
        "recall": 0.48998631539486,
        "f1_score": 0.4497236978940904,
        "confusion_matrix": [
            [
                2104,
                65
            ],
            [
                498,
                5
            ]
        ]
    }
}