{
    "args": {
        "graph_path": "graphs/gossipcop/15_shot_roberta_knn_6_smpf10.pt",
        "model": "GAT",
        "dropout_rate": 0.5,
        "hidden_channels": 128,
        "gat_heads": 8,
        "lr": 0.0001,
        "weight_decay": 0.0001,
        "n_epochs": 300,
        "patience": 30,
        "seed": 42,
        "output_dir": "results"
    },
    "model_name": "GAT_gossipcop_15_shot_roberta_knn_6_smpf10",
    "training_history": {
        "final_train_loss": 0.6453520655632019,
        "final_train_acc": 0.7333333333333333,
        "final_val_loss": 0.6176908016204834,
        "final_val_acc": 0.7440119760479041,
        "final_val_f1": 0.4876927268629656,
        "best_val_f1": 0.5011887636857668,
        "best_epoch": 51,
        "total_epochs": 95,
        "training_time_seconds": 2.559802293777466
    },
    "final_test_metrics": {
        "accuracy": 0.7761976047904192,
        "precision": 0.5295428118106044,
        "recall": 0.5124586735007199,
        "f1_score": 0.5011887636857668,
        "confusion_matrix": [
            [
                2029,
                140
            ],
            [
                458,
                45
            ]
        ]
    }
}