{
    "args": {
        "graph_path": "graphs/gossipcop/12_shot_distilbert_knn_7_smpf10.pt",
        "model": "GAT",
        "dropout_rate": 0.5,
        "hidden_channels": 128,
        "gat_heads": 8,
        "lr": 0.0001,
        "weight_decay": 0.0001,
        "n_epochs": 300,
        "patience": 30,
        "seed": 42,
        "output_dir": "results"
    },
    "model_name": "GAT_gossipcop_12_shot_distilbert_knn_7_smpf10",
    "training_history": {
        "final_train_loss": 0.4127553403377533,
        "final_train_acc": 0.9166666666666666,
        "final_val_loss": 0.6532606482505798,
        "final_val_acc": 0.6467065868263473,
        "final_val_f1": 0.5532706374085684,
        "best_val_f1": 0.5572444148468042,
        "best_epoch": 44,
        "total_epochs": 74,
        "training_time_seconds": 4.246235370635986
    },
    "final_test_metrics": {
        "accuracy": 0.7234281437125748,
        "precision": 0.5561538191272574,
        "recall": 0.5585972408976294,
        "f1_score": 0.5572444148468042,
        "confusion_matrix": [
            [
                1785,
                384
            ],
            [
                355,
                148
            ]
        ]
    }
}