{
    "args": {
        "graph_path": "graphs/gossipcop/10_shot_combined_knn_6_smpf10.pt",
        "model": "GAT",
        "dropout_rate": 0.5,
        "hidden_channels": 128,
        "gat_heads": 8,
        "lr": 0.0001,
        "weight_decay": 0.0001,
        "n_epochs": 300,
        "patience": 30,
        "seed": 42,
        "output_dir": "results"
    },
    "model_name": "GAT_gossipcop_10_shot_combined_knn_6_smpf10",
    "training_history": {
        "final_train_loss": 0.5051983594894409,
        "final_train_acc": 0.9,
        "final_val_loss": 0.659173309803009,
        "final_val_acc": 0.6860029940119761,
        "final_val_f1": 0.5737961418973552,
        "best_val_f1": 0.589078343737821,
        "best_epoch": 97,
        "total_epochs": 131,
        "training_time_seconds": 2.412510633468628
    },
    "final_test_metrics": {
        "accuracy": 0.7702095808383234,
        "precision": 0.3594936708860759,
        "recall": 0.2823061630218688,
        "f1_score": 0.31625835189309576,
        "confusion_matrix": [
            [
                1916,
                253
            ],
            [
                361,
                142
            ]
        ]
    }
}