{
    "args": {
        "graph_path": "graphs_hetero/gossipcop/4_shot_roberta_hetero_dual_knn_sim5_dis5_psl10.pt",
        "model": "HGT",
        "target_node_type": "news",
        "dropout_rate": 0.0,
        "hidden_channels": 128,
        "hgt_han_heads": 4,
        "hgt_layers": 1,
        "lr": 0.0001,
        "weight_decay": 0.0001,
        "n_epochs": 300,
        "patience": 30,
        "seed": 42,
        "output_dir_base": "results_hetero"
    },
    "model_name": "HGT_gossipcop_4_shot_roberta_hetero_dual_knn_sim5_dis5_psl10",
    "training_history": {
        "final_train_loss": 0.004858006257563829,
        "final_train_acc": 1.0,
        "final_val_loss": 0.5497010350227356,
        "final_val_acc": 0.7316616766467066,
        "final_val_f1": 0.627079984092994,
        "best_val_f1": 0.6455770177165354,
        "best_epoch": 107,
        "total_epochs_run": 195,
        "training_time_seconds": 7.7649054527282715
    },
    "final_test_metrics_on_target_node": {
        "accuracy": 0.7417664670658682,
        "precision": 0.6349514233419247,
        "recall": 0.6821294455489286,
        "f1_score": 0.6455770177165354,
        "confusion_matrix": [
            [
                1687,
                482
            ],
            [
                208,
                295
            ]
        ]
    }
}