{
    "args": {
        "graph_path": "graphs/politifact/3_shot_combined_mutual_knn_7.pt",
        "model": "GAT",
        "dropout_rate": 0.5,
        "hidden_channels": 128,
        "gat_heads": 8,
        "lr": 0.0001,
        "weight_decay": 0.0001,
        "n_epochs": 300,
        "patience": 30,
        "seed": 42,
        "output_dir": "results"
    },
    "model_name": "GAT_politifact_3_shot_combined_mutual_knn_7",
    "training_history": {
        "final_train_loss": 0.38086578249931335,
        "final_train_acc": 1.0,
        "final_val_loss": 0.5882846713066101,
        "final_val_acc": 0.7156862745098039,
        "final_val_f1": 0.697515083341855,
        "best_val_f1": 0.7153488372093023,
        "best_epoch": 148,
        "total_epochs": 253,
        "training_time_seconds": 4.012952566146851
    },
    "final_test_metrics": {
        "accuracy": 0.7352941176470589,
        "precision": 0.5217391304347826,
        "recall": 0.8275862068965517,
        "f1_score": 0.64,
        "confusion_matrix": [
            [
                51,
                22
            ],
            [
                5,
                24
            ]
        ]
    }
}