{
    "args": {
        "graph_path": "graphs/politifact/15_shot_distilbert_knn_8_smpf10.pt",
        "model": "GAT",
        "dropout_rate": 0.5,
        "hidden_channels": 128,
        "gat_heads": 8,
        "lr": 0.0001,
        "weight_decay": 0.0001,
        "n_epochs": 300,
        "patience": 30,
        "seed": 42,
        "output_dir": "results"
    },
    "model_name": "GAT_politifact_15_shot_distilbert_knn_8_smpf10",
    "training_history": {
        "final_train_loss": 0.40267521142959595,
        "final_train_acc": 0.8666666666666667,
        "final_val_loss": 0.7307167053222656,
        "final_val_acc": 0.6568627450980392,
        "final_val_f1": 0.6470588235294118,
        "best_val_f1": 0.712015058036181,
        "best_epoch": 62,
        "total_epochs": 92,
        "training_time_seconds": 2.899225950241089
    },
    "final_test_metrics": {
        "accuracy": 0.7352941176470589,
        "precision": 0.7096394984326019,
        "recall": 0.7527161076995749,
        "f1_score": 0.712015058036181,
        "confusion_matrix": [
            [
                52,
                21
            ],
            [
                6,
                23
            ]
        ]
    }
}