{
    "args": {
        "graph_path": "graphs/politifact/14_shot_roberta_knn_5.pt",
        "model": "GAT",
        "dropout_rate": 0.5,
        "hidden_channels": 128,
        "gat_heads": 8,
        "lr": 0.0001,
        "weight_decay": 0.0001,
        "n_epochs": 300,
        "patience": 30,
        "seed": 42,
        "output_dir": "results"
    },
    "model_name": "GAT_politifact_14_shot_roberta_knn_5",
    "training_history": {
        "final_train_loss": 0.457468718290329,
        "final_train_acc": 0.8571428571428571,
        "final_val_loss": 0.5176827907562256,
        "final_val_acc": 0.7843137254901961,
        "final_val_f1": 0.6912493120528344,
        "best_val_f1": 0.722962962962963,
        "best_epoch": 248,
        "total_epochs": 300,
        "training_time_seconds": 4.539799928665161
    },
    "final_test_metrics": {
        "accuracy": 0.7843137254901961,
        "precision": 0.64,
        "recall": 0.5517241379310345,
        "f1_score": 0.5925925925925926,
        "confusion_matrix": [
            [
                64,
                9
            ],
            [
                13,
                16
            ]
        ]
    }
}