{
    "args": {
        "graph_path": "graphs/politifact/12_shot_combined_knn_6_smpf10.pt",
        "model": "GAT",
        "dropout_rate": 0.5,
        "hidden_channels": 128,
        "gat_heads": 8,
        "lr": 0.0001,
        "weight_decay": 0.0001,
        "n_epochs": 300,
        "patience": 30,
        "seed": 42,
        "output_dir": "results"
    },
    "model_name": "GAT_politifact_12_shot_combined_knn_6_smpf10",
    "training_history": {
        "final_train_loss": 0.5417689085006714,
        "final_train_acc": 0.7916666666666666,
        "final_val_loss": 0.6501526236534119,
        "final_val_acc": 0.7352941176470589,
        "final_val_f1": 0.712015058036181,
        "best_val_f1": 0.7323503686117705,
        "best_epoch": 65,
        "total_epochs": 95,
        "training_time_seconds": 1.919379711151123
    },
    "final_test_metrics": {
        "accuracy": 0.7941176470588235,
        "precision": 0.6666666666666666,
        "recall": 0.5517241379310345,
        "f1_score": 0.6037735849056604,
        "confusion_matrix": [
            [
                65,
                8
            ],
            [
                13,
                16
            ]
        ]
    }
}