{
    "args": {
        "graph_path": "graphs/politifact/12_shot_combined_knn_6_smpf10.pt",
        "model": "GAT",
        "dropout_rate": 0.5,
        "hidden_channels": 128,
        "gat_heads": 8,
        "lr": 0.0001,
        "weight_decay": 0.0001,
        "n_epochs": 300,
        "patience": 30,
        "seed": 42,
        "output_dir": "results"
    },
    "model_name": "GAT_politifact_12_shot_combined_knn_6_smpf10",
    "training_history": {
        "final_train_loss": 0.3334483206272125,
        "final_train_acc": 0.9166666666666666,
        "final_val_loss": 0.4857882261276245,
        "final_val_acc": 0.7647058823529411,
        "final_val_f1": 0.7352941176470589,
        "best_val_f1": 0.7615584415584415,
        "best_epoch": 22,
        "total_epochs": 294,
        "training_time_seconds": 8.202320337295532
    },
    "final_test_metrics": {
        "accuracy": 0.8235294117647058,
        "precision": 0.800705467372134,
        "recall": 0.7416154936230515,
        "f1_score": 0.7615584415584415,
        "confusion_matrix": [
            [
                68,
                5
            ],
            [
                13,
                16
            ]
        ]
    }
}