{
    "args": {
        "graph_path": "graphs/politifact/5_shot_combined_knn_3_smpf10.pt",
        "model": "GAT",
        "dropout_rate": 0.5,
        "hidden_channels": 128,
        "gat_heads": 8,
        "lr": 0.0001,
        "weight_decay": 0.0001,
        "n_epochs": 300,
        "patience": 30,
        "seed": 42,
        "output_dir": "results"
    },
    "model_name": "GAT_politifact_5_shot_combined_knn_3_smpf10",
    "training_history": {
        "final_train_loss": 0.7017251253128052,
        "final_train_acc": 0.6,
        "final_val_loss": 0.6750482320785522,
        "final_val_acc": 0.5980392156862745,
        "final_val_f1": 0.5802469135802468,
        "best_val_f1": 0.6436058700209644,
        "best_epoch": 40,
        "total_epochs": 70,
        "training_time_seconds": 1.888181209564209
    },
    "final_test_metrics": {
        "accuracy": 0.7549019607843137,
        "precision": 0.625,
        "recall": 0.3448275862068966,
        "f1_score": 0.4444444444444444,
        "confusion_matrix": [
            [
                67,
                6
            ],
            [
                19,
                10
            ]
        ]
    }
}