{
    "args": {
        "graph_path": "graphs_hetero/politifact/14_shot_roberta_hetero_knn_5_psl10.pt",
        "model": "HGT",
        "target_node_type": "news",
        "dropout_rate": 0.0,
        "hidden_channels": 128,
        "hgt_han_heads": 4,
        "hgt_layers": 1,
        "lr": 0.0001,
        "weight_decay": 0.0001,
        "n_epochs": 300,
        "patience": 30,
        "seed": 42,
        "output_dir_base": "results_hetero"
    },
    "model_name": "HGT_politifact_14_shot_roberta_hetero_knn_5_psl10",
    "training_history": {
        "final_train_loss": 0.009767470881342888,
        "final_train_acc": 1.0,
        "final_val_loss": 0.48226284980773926,
        "final_val_acc": 0.7745098039215687,
        "final_val_f1": 0.7444166031158078,
        "best_val_f1": 0.7666412463231289,
        "best_epoch": 113,
        "total_epochs_run": 177,
        "training_time_seconds": 5.304355621337891
    },
    "final_test_metrics_on_target_node": {
        "accuracy": 0.7941176470588235,
        "precision": 0.7557565789473684,
        "recall": 0.7938119981105338,
        "f1_score": 0.7666412463231289,
        "confusion_matrix": [
            [
                58,
                15
            ],
            [
                6,
                23
            ]
        ]
    }
}