{
    "args": {
        "graph_path": "graphs/gossipcop/13_shot_distilbert_knn_5_smpf10.pt",
        "model": "GAT",
        "dropout_rate": 0.5,
        "hidden_channels": 128,
        "gat_heads": 8,
        "lr": 0.0001,
        "weight_decay": 0.0001,
        "n_epochs": 300,
        "patience": 30,
        "seed": 42,
        "output_dir": "results"
    },
    "model_name": "GAT_gossipcop_13_shot_distilbert_knn_5_smpf10",
    "training_history": {
        "final_train_loss": 0.47337305545806885,
        "final_train_acc": 0.9230769230769231,
        "final_val_loss": 0.7485065460205078,
        "final_val_acc": 0.5482784431137725,
        "final_val_f1": 0.4970186253065553,
        "best_val_f1": 0.5382895065255258,
        "best_epoch": 39,
        "total_epochs": 69,
        "training_time_seconds": 4.03878378868103
    },
    "final_test_metrics": {
        "accuracy": 0.7069610778443114,
        "precision": 0.5372439430973297,
        "recall": 0.5400556550049633,
        "f1_score": 0.5382895065255258,
        "confusion_matrix": [
            [
                1752,
                417
            ],
            [
                366,
                137
            ]
        ]
    }
}