{
    "args": {
        "graph_path": "graphs_hetero/gossipcop/4_shot_bert_hetero_knn_5_smpf10.pt",
        "model": "HGT",
        "target_node_type": "news",
        "dropout_rate": 0.0,
        "hidden_channels": 128,
        "hgt_han_heads": 4,
        "hgt_layers": 1,
        "lr": 0.0001,
        "weight_decay": 0.0001,
        "n_epochs": 300,
        "patience": 30,
        "seed": 42,
        "output_dir_base": "results_hetero"
    },
    "model_name": "HGT_gossipcop_4_shot_bert_hetero_knn_5_smpf10",
    "training_history": {
        "final_train_loss": 0.5862907767295837,
        "final_train_acc": 1.0,
        "final_val_loss": 0.6933197975158691,
        "final_val_acc": 0.5022455089820359,
        "final_val_f1": 0.4741138204644803,
        "best_val_f1": 0.5002713701575322,
        "best_epoch": 6,
        "total_epochs_run": 36,
        "training_time_seconds": 2.7406253814697266
    },
    "final_test_metrics_on_target_node": {
        "accuracy": 0.6029191616766467,
        "precision": 0.515994401989754,
        "recall": 0.5240722561816744,
        "f1_score": 0.5002713701575322,
        "confusion_matrix": [
            [
                1411,
                758
            ],
            [
                303,
                200
            ]
        ]
    }
}