{
    "args": {
        "graph_path": "graphs_hetero/gossipcop/3_shot_bert_hetero_knn_5_smpf10.pt",
        "model": "HGT",
        "target_node_type": "news",
        "dropout_rate": 0.0,
        "hidden_channels": 128,
        "hgt_han_heads": 4,
        "hgt_layers": 1,
        "lr": 0.0001,
        "weight_decay": 0.0001,
        "n_epochs": 300,
        "patience": 30,
        "seed": 42,
        "output_dir_base": "results_hetero"
    },
    "model_name": "HGT_gossipcop_3_shot_bert_hetero_knn_5_smpf10",
    "training_history": {
        "final_train_loss": 0.017779875546693802,
        "final_train_acc": 1.0,
        "final_val_loss": 1.199721336364746,
        "final_val_acc": 0.47043413173652693,
        "final_val_f1": 0.44527902206380654,
        "best_val_f1": 0.5084561965811967,
        "best_epoch": 32,
        "total_epochs_run": 104,
        "training_time_seconds": 4.373621702194214
    },
    "final_test_metrics_on_target_node": {
        "accuracy": 0.5875748502994012,
        "precision": 0.532856419383311,
        "recall": 0.5520331216939947,
        "f1_score": 0.5084561965811967,
        "confusion_matrix": [
            [
                1321,
                848
            ],
            [
                254,
                249
            ]
        ]
    }
}