{
    "args": {
        "graph_path": "graphs/politifact/14_shot_bert_knn_5_smpf10.pt",
        "model": "GAT",
        "dropout_rate": 0.5,
        "hidden_channels": 128,
        "gat_heads": 8,
        "lr": 0.0001,
        "weight_decay": 0.0001,
        "n_epochs": 300,
        "patience": 30,
        "seed": 42,
        "output_dir": "results"
    },
    "model_name": "GAT_politifact_14_shot_bert_knn_5_smpf10",
    "training_history": {
        "final_train_loss": 0.3358953893184662,
        "final_train_acc": 0.8214285714285714,
        "final_val_loss": 0.5847504138946533,
        "final_val_acc": 0.7352941176470589,
        "final_val_f1": 0.7183761120768994,
        "best_val_f1": 0.7515620036005506,
        "best_epoch": 32,
        "total_epochs": 62,
        "training_time_seconds": 3.029071092605591
    },
    "final_test_metrics": {
        "accuracy": 0.7745098039215687,
        "precision": 0.7440476190476191,
        "recall": 0.7905054322153992,
        "f1_score": 0.7515620036005506,
        "confusion_matrix": [
            [
                55,
                18
            ],
            [
                5,
                24
            ]
        ]
    }
}