{
    "args": {
        "graph_path": "graphs/politifact/8_shot_roberta_mutual_knn_7_smpf10.pt",
        "model": "GAT",
        "dropout_rate": 0.5,
        "hidden_channels": 128,
        "gat_heads": 8,
        "lr": 0.0001,
        "weight_decay": 0.0001,
        "n_epochs": 300,
        "patience": 30,
        "seed": 42,
        "output_dir": "results"
    },
    "model_name": "GAT_politifact_8_shot_roberta_mutual_knn_7_smpf10",
    "training_history": {
        "final_train_loss": 0.5788172483444214,
        "final_train_acc": 0.625,
        "final_val_loss": 0.6485514640808105,
        "final_val_acc": 0.5686274509803921,
        "final_val_f1": 0.5644409937888198,
        "best_val_f1": 0.7137278828553997,
        "best_epoch": 113,
        "total_epochs": 143,
        "training_time_seconds": 2.664219856262207
    },
    "final_test_metrics": {
        "accuracy": 0.7745098039215687,
        "precision": 0.6153846153846154,
        "recall": 0.5517241379310345,
        "f1_score": 0.5818181818181818,
        "confusion_matrix": [
            [
                63,
                10
            ],
            [
                13,
                16
            ]
        ]
    }
}