{
    "args": {
        "graph_path": "graphs/gossipcop/11_shot_combined_mutual_knn_5_smpf10.pt",
        "model": "GAT",
        "dropout_rate": 0.5,
        "hidden_channels": 128,
        "gat_heads": 8,
        "lr": 0.0001,
        "weight_decay": 0.0001,
        "n_epochs": 300,
        "patience": 30,
        "seed": 42,
        "output_dir": "results"
    },
    "model_name": "GAT_gossipcop_11_shot_combined_mutual_knn_5_smpf10",
    "training_history": {
        "final_train_loss": 0.8575313687324524,
        "final_train_acc": 0.5454545454545454,
        "final_val_loss": 0.68556147813797,
        "final_val_acc": 0.5830838323353293,
        "final_val_f1": 0.5230467498173335,
        "best_val_f1": 0.5756074873523971,
        "best_epoch": 59,
        "total_epochs": 89,
        "training_time_seconds": 1.996856927871704
    },
    "final_test_metrics": {
        "accuracy": 0.749625748502994,
        "precision": 0.31877729257641924,
        "recall": 0.29025844930417494,
        "f1_score": 0.30385015608740895,
        "confusion_matrix": [
            [
                1857,
                312
            ],
            [
                357,
                146
            ]
        ]
    }
}