{
    "args": {
        "graph_path": "graphs/politifact/8_shot_bert_knn_6_smpf10.pt",
        "model": "GAT",
        "dropout_rate": 0.5,
        "hidden_channels": 128,
        "gat_heads": 8,
        "lr": 0.0001,
        "weight_decay": 0.0001,
        "n_epochs": 300,
        "patience": 30,
        "seed": 42,
        "output_dir": "results"
    },
    "model_name": "GAT_politifact_8_shot_bert_knn_6_smpf10",
    "training_history": {
        "final_train_loss": 0.1707376092672348,
        "final_train_acc": 1.0,
        "final_val_loss": 0.6735062003135681,
        "final_val_acc": 0.696078431372549,
        "final_val_f1": 0.6797974683544303,
        "best_val_f1": 0.7352941176470589,
        "best_epoch": 39,
        "total_epochs": 75,
        "training_time_seconds": 2.1223092079162598
    },
    "final_test_metrics": {
        "accuracy": 0.7647058823529411,
        "precision": 0.7264957264957265,
        "recall": 0.7628719886632026,
        "f1_score": 0.7352941176470589,
        "confusion_matrix": [
            [
                56,
                17
            ],
            [
                7,
                22
            ]
        ]
    }
}