{
    "args": {
        "graph_path": "graphs/gossipcop/3_shot_roberta_mutual_knn_8_smpf10.pt",
        "model": "GAT",
        "dropout_rate": 0.5,
        "hidden_channels": 128,
        "gat_heads": 8,
        "lr": 0.0001,
        "weight_decay": 0.0001,
        "n_epochs": 300,
        "patience": 30,
        "seed": 42,
        "output_dir": "results"
    },
    "model_name": "GAT_gossipcop_3_shot_roberta_mutual_knn_8_smpf10",
    "training_history": {
        "final_train_loss": 0.545110285282135,
        "final_train_acc": 0.8333333333333334,
        "final_val_loss": 0.657705545425415,
        "final_val_acc": 0.6066616766467066,
        "final_val_f1": 0.5333625895070258,
        "best_val_f1": 0.5706466458253493,
        "best_epoch": 254,
        "total_epochs": 284,
        "training_time_seconds": 4.048290729522705
    },
    "final_test_metrics": {
        "accuracy": 0.6860029940119761,
        "precision": 0.568969430992736,
        "recall": 0.5935722685555638,
        "f1_score": 0.5706466458253493,
        "confusion_matrix": [
            [
                1609,
                560
            ],
            [
                279,
                224
            ]
        ]
    }
}