{
  "accuracy": 0.7156862745098039,
  "f1": 0.41714285714285715,
  "precision": 0.35784313725490197,
  "recall": 0.5,
  "confusion_matrix": [
    [
      73,
      0
    ],
    [
      29,
      0
    ]
  ]
}