{
    "args": {
        "graph_path": "graphs/gossipcop/14_shot_bert_knn_7_smpf10.pt",
        "model": "GAT",
        "dropout_rate": 0.5,
        "hidden_channels": 128,
        "gat_heads": 8,
        "lr": 0.0001,
        "weight_decay": 0.0001,
        "n_epochs": 300,
        "patience": 30,
        "seed": 42,
        "output_dir": "results"
    },
    "model_name": "GAT_gossipcop_14_shot_bert_knn_7_smpf10",
    "training_history": {
        "final_train_loss": 0.31968411803245544,
        "final_train_acc": 0.9642857142857143,
        "final_val_loss": 0.6773117184638977,
        "final_val_acc": 0.6504491017964071,
        "final_val_f1": 0.5348591706800662,
        "best_val_f1": 0.5472854511970534,
        "best_epoch": 59,
        "total_epochs": 89,
        "training_time_seconds": 2.6016836166381836
    },
    "final_test_metrics": {
        "accuracy": 0.7245508982035929,
        "precision": 0.5475094243622656,
        "recall": 0.547072566903787,
        "f1_score": 0.5472854511970534,
        "confusion_matrix": [
            [
                1804,
                365
            ],
            [
                371,
                132
            ]
        ]
    }
}