{
    "args": {
        "graph_path": "graphs/politifact/15_shot_combined_mutual_knn_8_smpf10.pt",
        "model": "GAT",
        "dropout_rate": 0.5,
        "hidden_channels": 128,
        "gat_heads": 8,
        "lr": 0.0001,
        "weight_decay": 0.0001,
        "n_epochs": 300,
        "patience": 30,
        "seed": 42,
        "output_dir": "results"
    },
    "model_name": "GAT_politifact_15_shot_combined_mutual_knn_8_smpf10",
    "training_history": {
        "final_train_loss": 0.5104033350944519,
        "final_train_acc": 0.8666666666666667,
        "final_val_loss": 0.5903108716011047,
        "final_val_acc": 0.7352941176470589,
        "final_val_f1": 0.712015058036181,
        "best_val_f1": 0.7950892857142857,
        "best_epoch": 141,
        "total_epochs": 186,
        "training_time_seconds": 3.106632709503174
    },
    "final_test_metrics": {
        "accuracy": 0.8235294117647058,
        "precision": 0.6571428571428571,
        "recall": 0.7931034482758621,
        "f1_score": 0.71875,
        "confusion_matrix": [
            [
                61,
                12
            ],
            [
                6,
                23
            ]
        ]
    }
}