{
  "accuracy": 0.7630988023952096,
  "f1": 0.4925643146505907,
  "precision": 0.5073966487965725,
  "recall": 0.5036269244835276,
  "confusion_matrix": [
    [
      1995,
      174
    ],
    [
      459,
      44
    ]
  ]
}