{
    "args": {
        "graph_path": "graphs_hetero/gossipcop/6_shot_roberta_hetero_dual_knn_sim5_dis5_smpf10_mv3.pt",
        "model": "HAN",
        "target_node_type": "news",
        "dropout_rate": 0.0,
        "hidden_channels": 128,
        "hgt_han_heads": 4,
        "hgt_layers": 1,
        "lr": 0.0001,
        "weight_decay": 0.0001,
        "n_epochs": 300,
        "patience": 30,
        "seed": 42,
        "output_dir_base": "results_hetero"
    },
    "model_name": "HAN_gossipcop_6_shot_roberta_hetero_dual_knn_sim5_dis5_smpf10_mv3",
    "training_history": {
        "final_train_loss": 0.17566977441310883,
        "final_train_acc": 1.0,
        "final_val_loss": 0.570519745349884,
        "final_val_acc": 0.7320359281437125,
        "final_val_f1": 0.5934639811780066,
        "best_val_f1": 0.5990092808604424,
        "best_epoch": 99,
        "total_epochs_run": 300,
        "training_time_seconds": 10.906319856643677
    },
    "final_test_metrics_on_target_node": {
        "accuracy": 0.7735778443113772,
        "precision": 0.6097428684472541,
        "recall": 0.5925411111019452,
        "f1_score": 0.5990092808604424,
        "confusion_matrix": [
            [
                1915,
                254
            ],
            [
                351,
                152
            ]
        ]
    }
}