{
    "args": {
        "graph_path": "graphs/gossipcop/14_shot_combined_knn_5_smpf10.pt",
        "model": "GAT",
        "dropout_rate": 0.5,
        "hidden_channels": 128,
        "gat_heads": 8,
        "lr": 0.0001,
        "weight_decay": 0.0001,
        "n_epochs": 300,
        "patience": 30,
        "seed": 42,
        "output_dir": "results"
    },
    "model_name": "GAT_gossipcop_14_shot_combined_knn_5_smpf10",
    "training_history": {
        "final_train_loss": 0.5632171034812927,
        "final_train_acc": 0.7142857142857143,
        "final_val_loss": 0.6651932001113892,
        "final_val_acc": 0.6167664670658682,
        "final_val_f1": 0.5044682700666474,
        "best_val_f1": 0.5194443558397541,
        "best_epoch": 61,
        "total_epochs": 93,
        "training_time_seconds": 4.499701023101807
    },
    "final_test_metrics": {
        "accuracy": 0.7024700598802395,
        "precision": 0.5192343437231913,
        "recall": 0.5197285626948315,
        "f1_score": 0.5194443558397541,
        "confusion_matrix": [
            [
                1763,
                406
            ],
            [
                389,
                114
            ]
        ]
    }
}