{
    "args": {
        "graph_path": "graphs_hetero/politifact/14_shot_bert_hetero_knn_5_smpf10.pt",
        "model": "HAN",
        "target_node_type": "news",
        "dropout_rate": 0.0,
        "hidden_channels": 128,
        "hgt_han_heads": 4,
        "hgt_layers": 1,
        "lr": 0.0001,
        "weight_decay": 0.0001,
        "n_epochs": 300,
        "patience": 30,
        "seed": 42,
        "output_dir_base": "results_hetero"
    },
    "model_name": "HAN_politifact_14_shot_bert_hetero_knn_5_smpf10",
    "training_history": {
        "final_train_loss": 0.13378731906414032,
        "final_train_acc": 1.0,
        "final_val_loss": 0.8758723139762878,
        "final_val_acc": 0.696078431372549,
        "final_val_f1": 0.6873949579831933,
        "best_val_f1": 0.6964285714285714,
        "best_epoch": 111,
        "total_epochs_run": 141,
        "training_time_seconds": 4.757889270782471
    },
    "final_test_metrics_on_target_node": {
        "accuracy": 0.7058823529411765,
        "precision": 0.7241779497098646,
        "recall": 0.7737364194615022,
        "f1_score": 0.6964285714285714,
        "confusion_matrix": [
            [
                45,
                28
            ],
            [
                2,
                27
            ]
        ]
    }
}