{
  "accuracy": 0.6538173652694611,
  "precision": 0.5699946257572797,
  "recall": 0.605051571621447,
  "f1_score": 0.5632054106259703
}