{
    "args": {
        "graph_path": "graphs/politifact/5_shot_combined_knn_4.pt",
        "model": "GAT",
        "dropout_rate": 0.5,
        "hidden_channels": 128,
        "gat_heads": 8,
        "lr": 0.0001,
        "weight_decay": 0.0001,
        "n_epochs": 300,
        "patience": 30,
        "seed": 42,
        "output_dir": "results"
    },
    "model_name": "GAT_politifact_5_shot_combined_knn_4",
    "training_history": {
        "final_train_loss": 0.38775956630706787,
        "final_train_acc": 1.0,
        "final_val_loss": 0.6570772528648376,
        "final_val_acc": 0.6274509803921569,
        "final_val_f1": 0.6222222222222222,
        "best_val_f1": 0.6955223880597015,
        "best_epoch": 159,
        "total_epochs": 194,
        "training_time_seconds": 3.3451733589172363
    },
    "final_test_metrics": {
        "accuracy": 0.7254901960784313,
        "precision": 0.5121951219512195,
        "recall": 0.7241379310344828,
        "f1_score": 0.6,
        "confusion_matrix": [
            [
                53,
                20
            ],
            [
                8,
                21
            ]
        ]
    }
}