{
    "args": {
        "graph_path": "graphs/politifact/15_shot_roberta_mutual_knn_5_smpf10.pt",
        "model": "GAT",
        "dropout_rate": 0.5,
        "hidden_channels": 128,
        "gat_heads": 8,
        "lr": 0.0001,
        "weight_decay": 0.0001,
        "n_epochs": 300,
        "patience": 30,
        "seed": 42,
        "output_dir": "results"
    },
    "model_name": "GAT_politifact_15_shot_roberta_mutual_knn_5_smpf10",
    "training_history": {
        "final_train_loss": 0.4705124497413635,
        "final_train_acc": 0.8,
        "final_val_loss": 0.5371721386909485,
        "final_val_acc": 0.7843137254901961,
        "final_val_f1": 0.7573529411764706,
        "best_val_f1": 0.8211572180011689,
        "best_epoch": 240,
        "total_epochs": 300,
        "training_time_seconds": 4.013887882232666
    },
    "final_test_metrics": {
        "accuracy": 0.8529411764705882,
        "precision": 0.7333333333333333,
        "recall": 0.7586206896551724,
        "f1_score": 0.7457627118644068,
        "confusion_matrix": [
            [
                65,
                8
            ],
            [
                7,
                22
            ]
        ]
    }
}