{
  "accuracy": 0.8529411764705882,
  "precision": 0.8254048582995952,
  "recall": 0.8037316957959377,
  "f1_score": 0.813300793166565
}