{
    "args": {
        "graph_path": "graphs/gossipcop/5_shot_bert_knn_6_smpf10.pt",
        "model": "GAT",
        "dropout_rate": 0.5,
        "hidden_channels": 128,
        "gat_heads": 8,
        "lr": 0.0001,
        "weight_decay": 0.0001,
        "n_epochs": 300,
        "patience": 30,
        "seed": 42,
        "output_dir": "results"
    },
    "model_name": "GAT_gossipcop_5_shot_bert_knn_6_smpf10",
    "training_history": {
        "final_train_loss": 0.3520064949989319,
        "final_train_acc": 0.9,
        "final_val_loss": 0.6636577844619751,
        "final_val_acc": 0.6205089820359282,
        "final_val_f1": 0.52422955759485,
        "best_val_f1": 0.5468954722012871,
        "best_epoch": 43,
        "total_epochs": 73,
        "training_time_seconds": 2.369823694229126
    },
    "final_test_metrics": {
        "accuracy": 0.7372754491017964,
        "precision": 0.5502495661388662,
        "recall": 0.5449845876332599,
        "f1_score": 0.5468954722012871,
        "confusion_matrix": [
            [
                1851,
                318
            ],
            [
                384,
                119
            ]
        ]
    }
}