{
  "accuracy": 0.811751497005988,
  "f1": 0.4480479239826482,
  "precision": 0.405875748502994,
  "recall": 0.5,
  "confusion_matrix": [
    [
      2169,
      0
    ],
    [
      503,
      0
    ]
  ]
}