{
  "accuracy": 0.7297904191616766,
  "f1": 0.5167989644604344,
  "precision": 0.5202637269780913,
  "recall": 0.516705209040822,
  "confusion_matrix": [
    [
      1862,
      307
    ],
    [
      415,
      88
    ]
  ]
}