{
  "accuracy": 0.7297904191616766,
  "f1": 0.7168236338698311,
  "precision": 0.7057427222904469,
  "recall": 0.7297904191616766
}