{
    "args": {
        "graph_path": "graphs/gossipcop/10_shot_roberta_mutual_knn_5_smpf10.pt",
        "model": "GAT",
        "dropout_rate": 0.5,
        "hidden_channels": 128,
        "gat_heads": 8,
        "lr": 0.0001,
        "weight_decay": 0.0001,
        "n_epochs": 300,
        "patience": 30,
        "seed": 42,
        "output_dir": "results"
    },
    "model_name": "GAT_gossipcop_10_shot_roberta_mutual_knn_5_smpf10",
    "training_history": {
        "final_train_loss": 0.5683258771896362,
        "final_train_acc": 0.55,
        "final_val_loss": 0.6177392601966858,
        "final_val_acc": 0.6860029940119761,
        "final_val_f1": 0.5239416084124726,
        "best_val_f1": 0.5288611044321552,
        "best_epoch": 231,
        "total_epochs": 300,
        "training_time_seconds": 16.474743366241455
    },
    "final_test_metrics": {
        "accuracy": 0.6747754491017964,
        "precision": 0.5291523600406726,
        "recall": 0.5362646619132599,
        "f1_score": 0.5288611044321552,
        "confusion_matrix": [
            [
                1645,
                524
            ],
            [
                345,
                158
            ]
        ]
    }
}