{
    "args": {
        "graph_path": "graphs/politifact/12_shot_roberta_mutual_knn_7.pt",
        "model": "GAT",
        "dropout_rate": 0.5,
        "hidden_channels": 128,
        "gat_heads": 8,
        "lr": 0.0001,
        "weight_decay": 0.0001,
        "n_epochs": 300,
        "patience": 30,
        "seed": 42,
        "output_dir": "results"
    },
    "model_name": "GAT_politifact_12_shot_roberta_mutual_knn_7",
    "training_history": {
        "final_train_loss": 0.5973916053771973,
        "final_train_acc": 0.7916666666666666,
        "final_val_loss": 0.5737982392311096,
        "final_val_acc": 0.7450980392156863,
        "final_val_f1": 0.7088274044795784,
        "best_val_f1": 0.7833312507809571,
        "best_epoch": 161,
        "total_epochs": 197,
        "training_time_seconds": 3.1238107681274414
    },
    "final_test_metrics": {
        "accuracy": 0.8333333333333334,
        "precision": 0.75,
        "recall": 0.6206896551724138,
        "f1_score": 0.6792452830188679,
        "confusion_matrix": [
            [
                67,
                6
            ],
            [
                11,
                18
            ]
        ]
    }
}