{
    "args": {
        "graph_path": "graphs_hetero/gossipcop/16_shot_roberta_hetero_dual_knn_sim5_dis5_smpf10_mv3.pt",
        "model": "HGT",
        "target_node_type": "news",
        "dropout_rate": 0.0,
        "hidden_channels": 128,
        "hgt_han_heads": 4,
        "hgt_layers": 1,
        "lr": 0.0001,
        "weight_decay": 0.0001,
        "n_epochs": 300,
        "patience": 30,
        "seed": 42,
        "output_dir_base": "results_hetero"
    },
    "model_name": "HGT_gossipcop_16_shot_roberta_hetero_dual_knn_sim5_dis5_smpf10_mv3",
    "training_history": {
        "final_train_loss": 0.0013479869812726974,
        "final_train_acc": 1.0,
        "final_val_loss": 1.1448696851730347,
        "final_val_acc": 0.6526946107784432,
        "final_val_f1": 0.5517491720537406,
        "best_val_f1": 0.5582806822726344,
        "best_epoch": 164,
        "total_epochs_run": 194,
        "training_time_seconds": 16.111465215682983
    },
    "final_test_metrics_on_target_node": {
        "accuracy": 0.6598053892215568,
        "precision": 0.5622677049246556,
        "recall": 0.5904155518708862,
        "f1_score": 0.5582806822726344,
        "confusion_matrix": [
            [
                1522,
                647
            ],
            [
                262,
                241
            ]
        ]
    }
}