{
    "args": {
        "graph_path": "graphs/politifact/3_shot_roberta_mutual_knn_8_smpf10.pt",
        "model": "GAT",
        "dropout_rate": 0.5,
        "hidden_channels": 128,
        "gat_heads": 8,
        "lr": 0.0001,
        "weight_decay": 0.0001,
        "n_epochs": 300,
        "patience": 30,
        "seed": 42,
        "output_dir": "results"
    },
    "model_name": "GAT_politifact_3_shot_roberta_mutual_knn_8_smpf10",
    "training_history": {
        "final_train_loss": 0.6104013323783875,
        "final_train_acc": 0.6666666666666666,
        "final_val_loss": 0.5421428084373474,
        "final_val_acc": 0.7647058823529411,
        "final_val_f1": 0.7109116674539442,
        "best_val_f1": 0.720014321518081,
        "best_epoch": 108,
        "total_epochs": 182,
        "training_time_seconds": 3.0437099933624268
    },
    "final_test_metrics": {
        "accuracy": 0.7745098039215687,
        "precision": 0.6071428571428571,
        "recall": 0.5862068965517241,
        "f1_score": 0.5964912280701754,
        "confusion_matrix": [
            [
                62,
                11
            ],
            [
                12,
                17
            ]
        ]
    }
}