{
  "accuracy": 0.9117647058823529,
  "precision": 0.8888888888888888,
  "recall": 0.8967879074161549,
  "f1_score": 0.8926943308007014
}