{
    "args": {
        "graph_path": "graphs/politifact/10_shot_roberta_mutual_knn_8.pt",
        "model": "GAT",
        "dropout_rate": 0.5,
        "hidden_channels": 128,
        "gat_heads": 8,
        "lr": 0.0001,
        "weight_decay": 0.0001,
        "n_epochs": 300,
        "patience": 30,
        "seed": 42,
        "output_dir": "results"
    },
    "model_name": "GAT_politifact_10_shot_roberta_mutual_knn_8",
    "training_history": {
        "final_train_loss": 0.34512677788734436,
        "final_train_acc": 0.9,
        "final_val_loss": 0.5754246711730957,
        "final_val_acc": 0.7745098039215687,
        "final_val_f1": 0.7359000337723742,
        "best_val_f1": 0.7635143380109823,
        "best_epoch": 75,
        "total_epochs": 151,
        "training_time_seconds": 2.6499414443969727
    },
    "final_test_metrics": {
        "accuracy": 0.8137254901960784,
        "precision": 0.6923076923076923,
        "recall": 0.6206896551724138,
        "f1_score": 0.6545454545454545,
        "confusion_matrix": [
            [
                65,
                8
            ],
            [
                11,
                18
            ]
        ]
    }
}