{
  "accuracy": 0.8529411764705882,
  "precision": 0.8161764705882353,
  "recall": 0.8452999527633444,
  "f1_score": 0.8277608915906788
}