{
    "args": {
        "graph_path": "graphs/gossipcop/8_shot_distilbert_knn_6_smpf10.pt",
        "model": "GAT",
        "dropout_rate": 0.5,
        "hidden_channels": 128,
        "gat_heads": 8,
        "lr": 0.0001,
        "weight_decay": 0.0001,
        "n_epochs": 300,
        "patience": 30,
        "seed": 42,
        "output_dir": "results"
    },
    "model_name": "GAT_gossipcop_8_shot_distilbert_knn_6_smpf10",
    "training_history": {
        "final_train_loss": 0.4115133285522461,
        "final_train_acc": 0.9375,
        "final_val_loss": 0.6956659555435181,
        "final_val_acc": 0.5553892215568862,
        "final_val_f1": 0.4882216375174122,
        "best_val_f1": 0.5291743606454494,
        "best_epoch": 20,
        "total_epochs": 56,
        "training_time_seconds": 3.629460334777832
    },
    "final_test_metrics": {
        "accuracy": 0.6994760479041916,
        "precision": 0.5283963839368538,
        "recall": 0.5308641466095085,
        "f1_score": 0.5291743606454494,
        "confusion_matrix": [
            [
                1738,
                431
            ],
            [
                372,
                131
            ]
        ]
    }
}