{
    "args": {
        "graph_path": "graphs/politifact/7_shot_roberta_mutual_knn_5_smpf10.pt",
        "model": "GAT",
        "dropout_rate": 0.5,
        "hidden_channels": 128,
        "gat_heads": 8,
        "lr": 0.0001,
        "weight_decay": 0.0001,
        "n_epochs": 300,
        "patience": 30,
        "seed": 42,
        "output_dir": "results"
    },
    "model_name": "GAT_politifact_7_shot_roberta_mutual_knn_5_smpf10",
    "training_history": {
        "final_train_loss": 0.7997716069221497,
        "final_train_acc": 0.8571428571428571,
        "final_val_loss": 0.5286186933517456,
        "final_val_acc": 0.7843137254901961,
        "final_val_f1": 0.7573529411764706,
        "best_val_f1": 0.7573529411764706,
        "best_epoch": 298,
        "total_epochs": 300,
        "training_time_seconds": 4.5888283252716064
    },
    "final_test_metrics": {
        "accuracy": 0.7843137254901961,
        "precision": 0.5897435897435898,
        "recall": 0.7931034482758621,
        "f1_score": 0.6764705882352942,
        "confusion_matrix": [
            [
                57,
                16
            ],
            [
                6,
                23
            ]
        ]
    }
}