{
    "args": {
        "graph_path": "graphs/politifact/13_shot_combined_knn_5.pt",
        "model": "GAT",
        "dropout_rate": 0.5,
        "hidden_channels": 128,
        "gat_heads": 8,
        "lr": 0.0001,
        "weight_decay": 0.0001,
        "n_epochs": 300,
        "patience": 30,
        "seed": 42,
        "output_dir": "results"
    },
    "model_name": "GAT_politifact_13_shot_combined_knn_5",
    "training_history": {
        "final_train_loss": 0.42801588773727417,
        "final_train_acc": 0.9615384615384616,
        "final_val_loss": 0.5360775589942932,
        "final_val_acc": 0.8137254901960784,
        "final_val_f1": 0.7734658094681472,
        "best_val_f1": 0.7734658094681472,
        "best_epoch": 291,
        "total_epochs": 300,
        "training_time_seconds": 3.920947313308716
    },
    "final_test_metrics": {
        "accuracy": 0.8137254901960784,
        "precision": 0.6666666666666666,
        "recall": 0.6896551724137931,
        "f1_score": 0.6779661016949152,
        "confusion_matrix": [
            [
                63,
                10
            ],
            [
                9,
                20
            ]
        ]
    }
}