{
    "args": {
        "graph_path": "graphs/politifact/7_shot_roberta_knn_7_smpf10.pt",
        "model": "GAT",
        "dropout_rate": 0.5,
        "hidden_channels": 128,
        "gat_heads": 8,
        "lr": 0.0001,
        "weight_decay": 0.0001,
        "n_epochs": 300,
        "patience": 30,
        "seed": 42,
        "output_dir": "results"
    },
    "model_name": "GAT_politifact_7_shot_roberta_knn_7_smpf10",
    "training_history": {
        "final_train_loss": 0.4522996246814728,
        "final_train_acc": 0.8571428571428571,
        "final_val_loss": 0.6370518803596497,
        "final_val_acc": 0.6274509803921569,
        "final_val_f1": 0.6015625,
        "best_val_f1": 0.735064935064935,
        "best_epoch": 32,
        "total_epochs": 81,
        "training_time_seconds": 3.9471945762634277
    },
    "final_test_metrics": {
        "accuracy": 0.803921568627451,
        "precision": 0.7707231040564374,
        "recall": 0.7175247992442135,
        "f1_score": 0.735064935064935,
        "confusion_matrix": [
            [
                67,
                6
            ],
            [
                14,
                15
            ]
        ]
    }
}