{
    "args": {
        "graph_path": "graphs/politifact/4_shot_combined_knn_7.pt",
        "model": "GAT",
        "dropout_rate": 0.5,
        "hidden_channels": 128,
        "gat_heads": 8,
        "lr": 0.0001,
        "weight_decay": 0.0001,
        "n_epochs": 300,
        "patience": 30,
        "seed": 42,
        "output_dir": "results"
    },
    "model_name": "GAT_politifact_4_shot_combined_knn_7",
    "training_history": {
        "final_train_loss": 0.3578155040740967,
        "final_train_acc": 1.0,
        "final_val_loss": 0.5851246118545532,
        "final_val_acc": 0.7352941176470589,
        "final_val_f1": 0.7183761120768994,
        "best_val_f1": 0.745115856428896,
        "best_epoch": 113,
        "total_epochs": 224,
        "training_time_seconds": 3.303145408630371
    },
    "final_test_metrics": {
        "accuracy": 0.7843137254901961,
        "precision": 0.6060606060606061,
        "recall": 0.6896551724137931,
        "f1_score": 0.6451612903225806,
        "confusion_matrix": [
            [
                60,
                13
            ],
            [
                9,
                20
            ]
        ]
    }
}