{
  "accuracy": 0.7904191616766467,
  "precision": 0.6607665349090149,
  "recall": 0.6670497989472112,
  "f1_score": 0.6637471056075707
}