{
    "args": {
        "graph_path": "graphs/politifact/11_shot_combined_knn_3_smpf10.pt",
        "model": "GAT",
        "dropout_rate": 0.5,
        "hidden_channels": 128,
        "gat_heads": 8,
        "lr": 0.0001,
        "weight_decay": 0.0001,
        "n_epochs": 300,
        "patience": 30,
        "seed": 42,
        "output_dir": "results"
    },
    "model_name": "GAT_politifact_11_shot_combined_knn_3_smpf10",
    "training_history": {
        "final_train_loss": 0.48743173480033875,
        "final_train_acc": 0.9090909090909091,
        "final_val_loss": 0.5926216840744019,
        "final_val_acc": 0.7352941176470589,
        "final_val_f1": 0.7083553955310812,
        "best_val_f1": 0.7687074829931972,
        "best_epoch": 144,
        "total_epochs": 221,
        "training_time_seconds": 3.4926254749298096
    },
    "final_test_metrics": {
        "accuracy": 0.8137254901960784,
        "precision": 0.6785714285714286,
        "recall": 0.6551724137931034,
        "f1_score": 0.6666666666666666,
        "confusion_matrix": [
            [
                64,
                9
            ],
            [
                10,
                19
            ]
        ]
    }
}