{
    "args": {
        "graph_path": "graphs/politifact/12_shot_combined_mutual_knn_4.pt",
        "model": "GAT",
        "dropout_rate": 0.5,
        "hidden_channels": 128,
        "gat_heads": 8,
        "lr": 0.0001,
        "weight_decay": 0.0001,
        "n_epochs": 300,
        "patience": 30,
        "seed": 42,
        "output_dir": "results"
    },
    "model_name": "GAT_politifact_12_shot_combined_mutual_knn_4",
    "training_history": {
        "final_train_loss": 0.6416673064231873,
        "final_train_acc": 0.7083333333333334,
        "final_val_loss": 0.6897335648536682,
        "final_val_acc": 0.46078431372549017,
        "final_val_f1": 0.4607324810150918,
        "best_val_f1": 0.5202821869488536,
        "best_epoch": 3,
        "total_epochs": 33,
        "training_time_seconds": 1.4121356010437012
    },
    "final_test_metrics": {
        "accuracy": 0.6862745098039216,
        "precision": 0.38461538461538464,
        "recall": 0.1724137931034483,
        "f1_score": 0.23809523809523808,
        "confusion_matrix": [
            [
                65,
                8
            ],
            [
                24,
                5
            ]
        ]
    }
}