{
    "args": {
        "graph_path": "graphs/politifact/16_shot_distilbert_knn_7_smpf10.pt",
        "model": "GAT",
        "dropout_rate": 0.5,
        "hidden_channels": 128,
        "gat_heads": 8,
        "lr": 0.0001,
        "weight_decay": 0.0001,
        "n_epochs": 300,
        "patience": 30,
        "seed": 42,
        "output_dir": "results"
    },
    "model_name": "GAT_politifact_16_shot_distilbert_knn_7_smpf10",
    "training_history": {
        "final_train_loss": 0.5540952086448669,
        "final_train_acc": 0.78125,
        "final_val_loss": 0.6615830063819885,
        "final_val_acc": 0.6862745098039216,
        "final_val_f1": 0.667887667887668,
        "best_val_f1": 0.7177642501383509,
        "best_epoch": 18,
        "total_epochs": 63,
        "training_time_seconds": 2.263787269592285
    },
    "final_test_metrics": {
        "accuracy": 0.7549019607843137,
        "precision": 0.7095959595959596,
        "recall": 0.7352385451110062,
        "f1_score": 0.7177642501383509,
        "confusion_matrix": [
            [
                57,
                16
            ],
            [
                9,
                20
            ]
        ]
    }
}