{
  "accuracy": 0.7683383233532934,
  "precision": 0.6544365721997301,
  "recall": 0.6946788609055671,
  "f1_score": 0.6671999484894429
}