{
    "args": {
        "graph_path": "graphs/gossipcop/3_shot_combined_knn_3_smpf10.pt",
        "model": "GAT",
        "dropout_rate": 0.5,
        "hidden_channels": 128,
        "gat_heads": 8,
        "lr": 0.0001,
        "weight_decay": 0.0001,
        "n_epochs": 300,
        "patience": 30,
        "seed": 42,
        "output_dir": "results"
    },
    "model_name": "GAT_gossipcop_3_shot_combined_knn_3_smpf10",
    "training_history": {
        "final_train_loss": 0.5281299948692322,
        "final_train_acc": 0.6666666666666666,
        "final_val_loss": 0.679905354976654,
        "final_val_acc": 0.6081586826347305,
        "final_val_f1": 0.5550671911865394,
        "best_val_f1": 0.6142114636027272,
        "best_epoch": 71,
        "total_epochs": 103,
        "training_time_seconds": 2.068209409713745
    },
    "final_test_metrics": {
        "accuracy": 0.7324101796407185,
        "precision": 0.3463768115942029,
        "recall": 0.47514910536779326,
        "f1_score": 0.40067057837384745,
        "confusion_matrix": [
            [
                1718,
                451
            ],
            [
                264,
                239
            ]
        ]
    }
}