{
    "args": {
        "graph_path": "graphs/politifact/11_shot_roberta_mutual_knn_4_smpf10.pt",
        "model": "GAT",
        "dropout_rate": 0.5,
        "hidden_channels": 128,
        "gat_heads": 8,
        "lr": 0.0001,
        "weight_decay": 0.0001,
        "n_epochs": 300,
        "patience": 30,
        "seed": 42,
        "output_dir": "results"
    },
    "model_name": "GAT_politifact_11_shot_roberta_mutual_knn_4_smpf10",
    "training_history": {
        "final_train_loss": 1.0425347089767456,
        "final_train_acc": 0.5454545454545454,
        "final_val_loss": 0.6132093071937561,
        "final_val_acc": 0.7549019607843137,
        "final_val_f1": 0.7076693798005274,
        "best_val_f1": 0.7275641025641026,
        "best_epoch": 83,
        "total_epochs": 113,
        "training_time_seconds": 2.1548876762390137
    },
    "final_test_metrics": {
        "accuracy": 0.803921568627451,
        "precision": 0.7368421052631579,
        "recall": 0.4827586206896552,
        "f1_score": 0.5833333333333334,
        "confusion_matrix": [
            [
                68,
                5
            ],
            [
                15,
                14
            ]
        ]
    }
}