{
  "accuracy": 0.7941176470588235,
  "precision": 0.7695924764890283,
  "recall": 0.8249881908360888,
  "f1_score": 0.7760117118059187
}