{
    "args": {
        "graph_path": "graphs_hetero/gossipcop/6_shot_roberta_hetero_dual_knn_sim5_dis5_psl10.pt",
        "model": "HGT",
        "target_node_type": "news",
        "dropout_rate": 0.0,
        "hidden_channels": 128,
        "hgt_han_heads": 4,
        "hgt_layers": 1,
        "lr": 0.0001,
        "weight_decay": 0.0001,
        "n_epochs": 300,
        "patience": 30,
        "seed": 42,
        "output_dir_base": "results_hetero"
    },
    "model_name": "HGT_gossipcop_6_shot_roberta_hetero_dual_knn_sim5_dis5_psl10",
    "training_history": {
        "final_train_loss": 0.003319784998893738,
        "final_train_acc": 1.0,
        "final_val_loss": 0.6790414452552795,
        "final_val_acc": 0.6744011976047904,
        "final_val_f1": 0.5746428093072685,
        "best_val_f1": 0.5812886855510725,
        "best_epoch": 141,
        "total_epochs_run": 171,
        "training_time_seconds": 9.758134603500366
    },
    "final_test_metrics_on_target_node": {
        "accuracy": 0.686751497005988,
        "precision": 0.5797402726691607,
        "recall": 0.6115941510916062,
        "f1_score": 0.5812886855510725,
        "confusion_matrix": [
            [
                1588,
                581
            ],
            [
                256,
                247
            ]
        ]
    }
}