{
    "args": {
        "graph_path": "graphs_hetero/gossipcop/8_shot_distilbert_hetero_knn_5_smpf10.pt",
        "model": "HAN",
        "target_node_type": "news",
        "dropout_rate": 0.0,
        "hidden_channels": 128,
        "hgt_han_heads": 4,
        "hgt_layers": 1,
        "lr": 0.0001,
        "weight_decay": 0.0001,
        "n_epochs": 300,
        "patience": 30,
        "seed": 42,
        "output_dir_base": "results_hetero"
    },
    "model_name": "HAN_gossipcop_8_shot_distilbert_hetero_knn_5_smpf10",
    "training_history": {
        "final_train_loss": 0.43519967794418335,
        "final_train_acc": 1.0,
        "final_val_loss": 0.6904309988021851,
        "final_val_acc": 0.5520209580838323,
        "final_val_f1": 0.4835364302894223,
        "best_val_f1": 0.4979470643225724,
        "best_epoch": 3,
        "total_epochs_run": 77,
        "training_time_seconds": 2.68228816986084
    },
    "final_test_metrics_on_target_node": {
        "accuracy": 0.7267964071856288,
        "precision": 0.5004589961463325,
        "recall": 0.5003542598718432,
        "f1_score": 0.4979470643225724,
        "confusion_matrix": [
            [
                1873,
                296
            ],
            [
                434,
                69
            ]
        ]
    }
}