{
  "accuracy": 0.7647058823529411,
  "precision": 0.7493230174081238,
  "recall": 0.8044402456306093,
  "f1_score": 0.7483552631578947
}