{
    "args": {
        "graph_path": "graphs_hetero/gossipcop/3_shot_bigbird_hetero_knn_5_smpf10.pt",
        "model": "HGT",
        "target_node_type": "news",
        "dropout_rate": 0.0,
        "hidden_channels": 128,
        "hgt_han_heads": 4,
        "hgt_layers": 1,
        "lr": 0.0001,
        "weight_decay": 0.0001,
        "n_epochs": 300,
        "patience": 30,
        "seed": 42,
        "output_dir_base": "results_hetero"
    },
    "model_name": "HGT_gossipcop_3_shot_bigbird_hetero_knn_5_smpf10",
    "training_history": {
        "final_train_loss": 0.001524886698462069,
        "final_train_acc": 1.0,
        "final_val_loss": 1.00926673412323,
        "final_val_acc": 0.6455838323353293,
        "final_val_f1": 0.5562273686189524,
        "best_val_f1": 0.5575626551475802,
        "best_epoch": 154,
        "total_epochs_run": 184,
        "training_time_seconds": 7.00008749961853
    },
    "final_test_metrics_on_target_node": {
        "accuracy": 0.6410928143712575,
        "precision": 0.5686956272893773,
        "recall": 0.6056125212762155,
        "f1_score": 0.5575626551475802,
        "confusion_matrix": [
            [
                1437,
                732
            ],
            [
                227,
                276
            ]
        ]
    }
}