{
    "args": {
        "graph_path": "graphs/politifact/8_shot_combined_knn_5_smpf10.pt",
        "model": "GAT",
        "dropout_rate": 0.5,
        "hidden_channels": 128,
        "gat_heads": 8,
        "lr": 0.0001,
        "weight_decay": 0.0001,
        "n_epochs": 300,
        "patience": 30,
        "seed": 42,
        "output_dir": "results"
    },
    "model_name": "GAT_politifact_8_shot_combined_knn_5_smpf10",
    "training_history": {
        "final_train_loss": 0.3144296705722809,
        "final_train_acc": 0.9375,
        "final_val_loss": 0.4871296286582947,
        "final_val_acc": 0.803921568627451,
        "final_val_f1": 0.7723214285714286,
        "best_val_f1": 0.7818304626815265,
        "best_epoch": 227,
        "total_epochs": 300,
        "training_time_seconds": 7.886890411376953
    },
    "final_test_metrics": {
        "accuracy": 0.8137254901960784,
        "precision": 0.7720588235294118,
        "recall": 0.7971185640056684,
        "f1_score": 0.7818304626815265,
        "confusion_matrix": [
            [
                61,
                12
            ],
            [
                7,
                22
            ]
        ]
    }
}