{
    "args": {
        "graph_path": "graphs/gossipcop/6_shot_combined_mutual_knn_3_smpf10.pt",
        "model": "GAT",
        "dropout_rate": 0.5,
        "hidden_channels": 128,
        "gat_heads": 8,
        "lr": 0.0001,
        "weight_decay": 0.0001,
        "n_epochs": 300,
        "patience": 30,
        "seed": 42,
        "output_dir": "results"
    },
    "model_name": "GAT_gossipcop_6_shot_combined_mutual_knn_3_smpf10",
    "training_history": {
        "final_train_loss": 0.7891334891319275,
        "final_train_acc": 0.6666666666666666,
        "final_val_loss": 0.7333729863166809,
        "final_val_acc": 0.1904940119760479,
        "final_val_f1": 0.16148377057921026,
        "best_val_f1": 0.5014537821659022,
        "best_epoch": 6,
        "total_epochs": 36,
        "training_time_seconds": 1.2696423530578613
    },
    "final_test_metrics": {
        "accuracy": 0.6227544910179641,
        "precision": 0.20329024676850763,
        "recall": 0.34393638170974156,
        "f1_score": 0.2555391432791728,
        "confusion_matrix": [
            [
                1491,
                678
            ],
            [
                330,
                173
            ]
        ]
    }
}