{
    "model": "MLP_politifact_4_shot_bert",
    "dataset": "politifact",
    "embedding": "bert",
    "k_shot": 4,
    "training_time": 0.5555005073547363,
    "best_epoch": 3,
    "final_train_accuracy": 1.0,
    "final_train_loss": 0.1270650327205658,
    "final_val_accuracy": 1.0,
    "final_val_loss": 0.19937214255332947,
    "final_val_f1": 1.0,
    "test_metrics": {
        "accuracy": 0.7058823529411765,
        "precision": 0.6208112874779541,
        "recall": 0.5970713273500237,
        "f1_score": 0.6025974025974026,
        "confusion_matrix": [
            [
                62,
                11
            ],
            [
                19,
                10
            ]
        ]
    }
}