{
    "args": {
        "graph_path": "graphs/politifact/3_shot_roberta_knn_4.pt",
        "model": "GAT",
        "dropout_rate": 0.5,
        "hidden_channels": 128,
        "gat_heads": 8,
        "lr": 0.0001,
        "weight_decay": 0.0001,
        "n_epochs": 300,
        "patience": 30,
        "seed": 42,
        "output_dir": "results"
    },
    "model_name": "GAT_politifact_3_shot_roberta_knn_4",
    "training_history": {
        "final_train_loss": 1.2505625486373901,
        "final_train_acc": 0.3333333333333333,
        "final_val_loss": 0.5868148803710938,
        "final_val_acc": 0.7156862745098039,
        "final_val_f1": 0.41714285714285715,
        "best_val_f1": 0.41714285714285715,
        "best_epoch": 1,
        "total_epochs": 81,
        "training_time_seconds": 1.8561670780181885
    },
    "final_test_metrics": {
        "accuracy": 0.7156862745098039,
        "precision": 0.0,
        "recall": 0.0,
        "f1_score": 0.0,
        "confusion_matrix": [
            [
                73,
                0
            ],
            [
                29,
                0
            ]
        ]
    }
}