{
    "args": {
        "graph_path": "graphs/politifact/7_shot_combined_mutual_knn_5_smpf10.pt",
        "model": "GAT",
        "dropout_rate": 0.5,
        "hidden_channels": 128,
        "gat_heads": 8,
        "lr": 0.0001,
        "weight_decay": 0.0001,
        "n_epochs": 300,
        "patience": 30,
        "seed": 42,
        "output_dir": "results"
    },
    "model_name": "GAT_politifact_7_shot_combined_mutual_knn_5_smpf10",
    "training_history": {
        "final_train_loss": 0.5349469184875488,
        "final_train_acc": 0.8571428571428571,
        "final_val_loss": 0.610223114490509,
        "final_val_acc": 0.7058823529411765,
        "final_val_f1": 0.681912681912682,
        "best_val_f1": 0.7590930562116203,
        "best_epoch": 140,
        "total_epochs": 216,
        "training_time_seconds": 3.3804898262023926
    },
    "final_test_metrics": {
        "accuracy": 0.803921568627451,
        "precision": 0.6551724137931034,
        "recall": 0.6551724137931034,
        "f1_score": 0.6551724137931034,
        "confusion_matrix": [
            [
                63,
                10
            ],
            [
                10,
                19
            ]
        ]
    }
}