{
    "args": {
        "graph_path": "graphs/gossipcop/4_shot_combined_mutual_knn_4_smpf10.pt",
        "model": "GAT",
        "dropout_rate": 0.5,
        "hidden_channels": 128,
        "gat_heads": 8,
        "lr": 0.0001,
        "weight_decay": 0.0001,
        "n_epochs": 300,
        "patience": 30,
        "seed": 42,
        "output_dir": "results"
    },
    "model_name": "GAT_gossipcop_4_shot_combined_mutual_knn_4_smpf10",
    "training_history": {
        "final_train_loss": 0.675304651260376,
        "final_train_acc": 0.5,
        "final_val_loss": 0.7093759179115295,
        "final_val_acc": 0.34206586826347307,
        "final_val_f1": 0.3420566528337342,
        "best_val_f1": 0.5854265659180831,
        "best_epoch": 53,
        "total_epochs": 83,
        "training_time_seconds": 1.8635520935058594
    },
    "final_test_metrics": {
        "accuracy": 0.7324101796407185,
        "precision": 0.3166089965397924,
        "recall": 0.36381709741550694,
        "f1_score": 0.3385753931544866,
        "confusion_matrix": [
            [
                1774,
                395
            ],
            [
                320,
                183
            ]
        ]
    }
}