{
    "args": {
        "graph_path": "graphs_hetero/gossipcop/8_shot_distilbert_hetero_knn_5_smpf10.pt",
        "model": "HGT",
        "target_node_type": "news",
        "dropout_rate": 0.0,
        "hidden_channels": 128,
        "hgt_han_heads": 4,
        "hgt_layers": 1,
        "lr": 0.0001,
        "weight_decay": 0.0001,
        "n_epochs": 300,
        "patience": 30,
        "seed": 42,
        "output_dir_base": "results_hetero"
    },
    "model_name": "HGT_gossipcop_8_shot_distilbert_hetero_knn_5_smpf10",
    "training_history": {
        "final_train_loss": 0.022507930174469948,
        "final_train_acc": 1.0,
        "final_val_loss": 0.9772484302520752,
        "final_val_acc": 0.5778443113772455,
        "final_val_f1": 0.5131544516571721,
        "best_val_f1": 0.5421042675123797,
        "best_epoch": 76,
        "total_epochs_run": 124,
        "training_time_seconds": 6.036093473434448
    },
    "final_test_metrics_on_target_node": {
        "accuracy": 0.6541916167664671,
        "precision": 0.5462858436706506,
        "recall": 0.565579322589131,
        "f1_score": 0.5421042675123797,
        "confusion_matrix": [
            [
                1535,
                634
            ],
            [
                290,
                213
            ]
        ]
    }
}