{
  "accuracy": 0.7450980392156863,
  "precision": 0.7109156337465015,
  "recall": 0.7491733585262164,
  "f1_score": 0.71727078891258
}