{
    "args": {
        "graph_path": "graphs/politifact/3_shot_combined_knn_6_smpf10.pt",
        "model": "GAT",
        "dropout_rate": 0.5,
        "hidden_channels": 128,
        "gat_heads": 8,
        "lr": 0.0001,
        "weight_decay": 0.0001,
        "n_epochs": 300,
        "patience": 30,
        "seed": 42,
        "output_dir": "results"
    },
    "model_name": "GAT_politifact_3_shot_combined_knn_6_smpf10",
    "training_history": {
        "final_train_loss": 0.19586382806301117,
        "final_train_acc": 1.0,
        "final_val_loss": 0.534820556640625,
        "final_val_acc": 0.7156862745098039,
        "final_val_f1": 0.6942635658914729,
        "best_val_f1": 0.7310558294164852,
        "best_epoch": 108,
        "total_epochs": 300,
        "training_time_seconds": 7.8171796798706055
    },
    "final_test_metrics": {
        "accuracy": 0.7745098039215687,
        "precision": 0.7254464285714286,
        "recall": 0.7385451110061407,
        "f1_score": 0.7310558294164852,
        "confusion_matrix": [
            [
                60,
                13
            ],
            [
                10,
                19
            ]
        ]
    }
}