{
    "args": {
        "graph_path": "graphs/politifact/3_shot_combined_knn_6_smpf10.pt",
        "model": "GAT",
        "dropout_rate": 0.5,
        "hidden_channels": 128,
        "gat_heads": 8,
        "lr": 0.0001,
        "weight_decay": 0.0001,
        "n_epochs": 300,
        "patience": 30,
        "seed": 42,
        "output_dir": "results"
    },
    "model_name": "GAT_politifact_3_shot_combined_knn_6_smpf10",
    "training_history": {
        "final_train_loss": 0.5451356172561646,
        "final_train_acc": 0.6666666666666666,
        "final_val_loss": 0.5920819640159607,
        "final_val_acc": 0.7647058823529411,
        "final_val_f1": 0.7267857142857144,
        "best_val_f1": 0.7359000337723742,
        "best_epoch": 96,
        "total_epochs": 170,
        "training_time_seconds": 2.83589768409729
    },
    "final_test_metrics": {
        "accuracy": 0.7745098039215687,
        "precision": 0.5882352941176471,
        "recall": 0.6896551724137931,
        "f1_score": 0.6349206349206349,
        "confusion_matrix": [
            [
                59,
                14
            ],
            [
                9,
                20
            ]
        ]
    }
}