{
    "args": {
        "graph_path": "graphs_hetero/politifact/10_shot_roberta_hetero_knn_5_psl10.pt",
        "model": "HAN",
        "target_node_type": "news",
        "dropout_rate": 0.0,
        "hidden_channels": 128,
        "hgt_han_heads": 4,
        "hgt_layers": 1,
        "lr": 0.0001,
        "weight_decay": 0.0001,
        "n_epochs": 300,
        "patience": 30,
        "seed": 42,
        "output_dir_base": "results_hetero"
    },
    "model_name": "HAN_politifact_10_shot_roberta_hetero_knn_5_psl10",
    "training_history": {
        "final_train_loss": 0.20050814747810364,
        "final_train_acc": 1.0,
        "final_val_loss": 0.45106714963912964,
        "final_val_acc": 0.8529411764705882,
        "final_val_f1": 0.8306585500830106,
        "best_val_f1": 0.8819444444444444,
        "best_epoch": 63,
        "total_epochs_run": 300,
        "training_time_seconds": 5.700299501419067
    },
    "final_test_metrics_on_target_node": {
        "accuracy": 0.9019607843137255,
        "precision": 0.8750567923671058,
        "recall": 0.8899385923476617,
        "f1_score": 0.8819444444444444,
        "confusion_matrix": [
            [
                67,
                6
            ],
            [
                4,
                25
            ]
        ]
    }
}