{
    "args": {
        "graph_path": "graphs/gossipcop/15_shot_roberta_mutual_knn_3_smpf10.pt",
        "model": "GAT",
        "dropout_rate": 0.5,
        "hidden_channels": 128,
        "gat_heads": 8,
        "lr": 0.0001,
        "weight_decay": 0.0001,
        "n_epochs": 300,
        "patience": 30,
        "seed": 42,
        "output_dir": "results"
    },
    "model_name": "GAT_gossipcop_15_shot_roberta_mutual_knn_3_smpf10",
    "training_history": {
        "final_train_loss": 0.7511340379714966,
        "final_train_acc": 0.5333333333333333,
        "final_val_loss": 0.645642876625061,
        "final_val_acc": 0.6575598802395209,
        "final_val_f1": 0.49657188781217937,
        "best_val_f1": 0.5030003073091044,
        "best_epoch": 127,
        "total_epochs": 157,
        "training_time_seconds": 8.282848119735718
    },
    "final_test_metrics": {
        "accuracy": 0.7245508982035929,
        "precision": 0.5053475601792173,
        "recall": 0.5043157376625448,
        "f1_score": 0.5030003073091044,
        "confusion_matrix": [
            [
                1860,
                309
            ],
            [
                427,
                76
            ]
        ]
    }
}