{
    "args": {
        "graph_path": "graphs/politifact/12_shot_roberta_mutual_knn_3.pt",
        "model": "GAT",
        "dropout_rate": 0.5,
        "hidden_channels": 128,
        "gat_heads": 8,
        "lr": 0.0001,
        "weight_decay": 0.0001,
        "n_epochs": 300,
        "patience": 30,
        "seed": 42,
        "output_dir": "results"
    },
    "model_name": "GAT_politifact_12_shot_roberta_mutual_knn_3",
    "training_history": {
        "final_train_loss": 0.9881517887115479,
        "final_train_acc": 0.5833333333333334,
        "final_val_loss": 0.5950512886047363,
        "final_val_acc": 0.7745098039215687,
        "final_val_f1": 0.6993464052287581,
        "best_val_f1": 0.6993464052287581,
        "best_epoch": 94,
        "total_epochs": 138,
        "training_time_seconds": 2.5229897499084473
    },
    "final_test_metrics": {
        "accuracy": 0.7745098039215687,
        "precision": 0.6363636363636364,
        "recall": 0.4827586206896552,
        "f1_score": 0.5490196078431373,
        "confusion_matrix": [
            [
                65,
                8
            ],
            [
                15,
                14
            ]
        ]
    }
}