{
    "args": {
        "graph_path": "graphs_hetero/gossipcop/8_shot_roberta_hetero_dual_knn_sim5_dis5_smpf10_mv3.pt",
        "model": "HAN",
        "target_node_type": "news",
        "dropout_rate": 0.0,
        "hidden_channels": 128,
        "hgt_han_heads": 4,
        "hgt_layers": 1,
        "lr": 0.0001,
        "weight_decay": 0.0001,
        "n_epochs": 300,
        "patience": 30,
        "seed": 42,
        "output_dir_base": "results_hetero"
    },
    "model_name": "HAN_gossipcop_8_shot_roberta_hetero_dual_knn_sim5_dis5_smpf10_mv3",
    "training_history": {
        "final_train_loss": 0.19083185493946075,
        "final_train_acc": 1.0,
        "final_val_loss": 0.5975769758224487,
        "final_val_acc": 0.6976047904191617,
        "final_val_f1": 0.586291157684799,
        "best_val_f1": 0.6078398749316545,
        "best_epoch": 66,
        "total_epochs_run": 300,
        "training_time_seconds": 11.126158952713013
    },
    "final_test_metrics_on_target_node": {
        "accuracy": 0.7451347305389222,
        "precision": 0.6028226069698512,
        "recall": 0.6154878016364698,
        "f1_score": 0.6078398749316545,
        "confusion_matrix": [
            [
                1786,
                383
            ],
            [
                298,
                205
            ]
        ]
    }
}