{
  "accuracy": 0.5677395209580839,
  "f1": 0.5088828555374089,
  "precision": 0.5464920694966089,
  "recall": 0.5757007058616489,
  "confusion_matrix": [
    [
      1221,
      948
    ],
    [
      207,
      296
    ]
  ]
}