{
    "args": {
        "graph_path": "graphs/gossipcop/11_shot_combined_knn_8_smpf10.pt",
        "model": "GAT",
        "dropout_rate": 0.5,
        "hidden_channels": 128,
        "gat_heads": 8,
        "lr": 0.0001,
        "weight_decay": 0.0001,
        "n_epochs": 300,
        "patience": 30,
        "seed": 42,
        "output_dir": "results"
    },
    "model_name": "GAT_gossipcop_11_shot_combined_knn_8_smpf10",
    "training_history": {
        "final_train_loss": 0.5952542424201965,
        "final_train_acc": 0.7272727272727273,
        "final_val_loss": 0.6431094408035278,
        "final_val_acc": 0.749625748502994,
        "final_val_f1": 0.5869048623203393,
        "best_val_f1": 0.6008015981761059,
        "best_epoch": 30,
        "total_epochs": 88,
        "training_time_seconds": 4.18367338180542
    },
    "final_test_metrics": {
        "accuracy": 0.7683383233532934,
        "precision": 0.6072456392080875,
        "recall": 0.596185450689134,
        "f1_score": 0.6008015981761059,
        "confusion_matrix": [
            [
                1892,
                277
            ],
            [
                342,
                161
            ]
        ]
    }
}