{
    "args": {
        "graph_path": "graphs/gossipcop/5_shot_roberta_knn_4_smpf10.pt",
        "model": "GAT",
        "dropout_rate": 0.5,
        "hidden_channels": 128,
        "gat_heads": 8,
        "lr": 0.0001,
        "weight_decay": 0.0001,
        "n_epochs": 300,
        "patience": 30,
        "seed": 42,
        "output_dir": "results"
    },
    "model_name": "GAT_gossipcop_5_shot_roberta_knn_4_smpf10",
    "training_history": {
        "final_train_loss": 0.8400663137435913,
        "final_train_acc": 0.5,
        "final_val_loss": 0.5842488408088684,
        "final_val_acc": 0.811751497005988,
        "final_val_f1": 0.4480479239826482,
        "best_val_f1": 0.4606049000362914,
        "best_epoch": 10,
        "total_epochs": 75,
        "training_time_seconds": 1.669576644897461
    },
    "final_test_metrics": {
        "accuracy": 0.6650449101796407,
        "precision": 0.12595419847328243,
        "recall": 0.1312127236580517,
        "f1_score": 0.12852969814995133,
        "confusion_matrix": [
            [
                1711,
                458
            ],
            [
                437,
                66
            ]
        ]
    }
}