{
    "args": {
        "graph_path": "graphs/politifact/8_shot_combined_mutual_knn_8_smpf10.pt",
        "model": "GAT",
        "dropout_rate": 0.5,
        "hidden_channels": 128,
        "gat_heads": 8,
        "lr": 0.0001,
        "weight_decay": 0.0001,
        "n_epochs": 300,
        "patience": 30,
        "seed": 42,
        "output_dir": "results"
    },
    "model_name": "GAT_politifact_8_shot_combined_mutual_knn_8_smpf10",
    "training_history": {
        "final_train_loss": 0.5106804966926575,
        "final_train_acc": 0.8125,
        "final_val_loss": 0.6398019194602966,
        "final_val_acc": 0.7352941176470589,
        "final_val_f1": 0.7043478260869566,
        "best_val_f1": 0.7267857142857144,
        "best_epoch": 64,
        "total_epochs": 120,
        "training_time_seconds": 2.199003219604492
    },
    "final_test_metrics": {
        "accuracy": 0.7647058823529411,
        "precision": 0.5714285714285714,
        "recall": 0.6896551724137931,
        "f1_score": 0.625,
        "confusion_matrix": [
            [
                58,
                15
            ],
            [
                9,
                20
            ]
        ]
    }
}