{
    "args": {
        "graph_path": "graphs/gossipcop/7_shot_combined_knn_8_smpf10.pt",
        "model": "GAT",
        "dropout_rate": 0.5,
        "hidden_channels": 128,
        "gat_heads": 8,
        "lr": 0.0001,
        "weight_decay": 0.0001,
        "n_epochs": 300,
        "patience": 30,
        "seed": 42,
        "output_dir": "results"
    },
    "model_name": "GAT_gossipcop_7_shot_combined_knn_8_smpf10",
    "training_history": {
        "final_train_loss": 0.7180238366127014,
        "final_train_acc": 0.7857142857142857,
        "final_val_loss": 0.6562238335609436,
        "final_val_acc": 0.7002245508982036,
        "final_val_f1": 0.5708723517517311,
        "best_val_f1": 0.5860540312938195,
        "best_epoch": 59,
        "total_epochs": 118,
        "training_time_seconds": 2.4187397956848145
    },
    "final_test_metrics": {
        "accuracy": 0.7664670658682635,
        "precision": 0.3506172839506173,
        "recall": 0.2823061630218688,
        "f1_score": 0.31277533039647576,
        "confusion_matrix": [
            [
                1906,
                263
            ],
            [
                361,
                142
            ]
        ]
    }
}