{
  "accuracy": 0.7156862745098039,
  "precision": 0.625,
  "recall": 0.5727444496929617,
  "f1_score": 0.5727285858731763
}