{
    "args": {
        "graph_path": "graphs_hetero/gossipcop/5_shot_roberta_hetero_knn_5_smpf10.pt",
        "model": "HGT",
        "target_node_type": "news",
        "dropout_rate": 0.0,
        "hidden_channels": 128,
        "hgt_han_heads": 4,
        "hgt_layers": 1,
        "lr": 0.0001,
        "weight_decay": 0.0001,
        "n_epochs": 300,
        "patience": 30,
        "seed": 42,
        "output_dir_base": "results_hetero"
    },
    "model_name": "HGT_gossipcop_5_shot_roberta_hetero_knn_5_smpf10",
    "training_history": {
        "final_train_loss": 0.003953313920646906,
        "final_train_acc": 1.0,
        "final_val_loss": 0.7340447306632996,
        "final_val_acc": 0.625374251497006,
        "final_val_f1": 0.5507518648603389,
        "best_val_f1": 0.5877376076536291,
        "best_epoch": 134,
        "total_epochs_run": 176,
        "training_time_seconds": 7.275315761566162
    },
    "final_test_metrics_on_target_node": {
        "accuracy": 0.6755239520958084,
        "precision": 0.5902777777777778,
        "recall": 0.6344555992766316,
        "f1_score": 0.5877376076536291,
        "confusion_matrix": [
            [
                1519,
                650
            ],
            [
                217,
                286
            ]
        ]
    }
}