{
    "args": {
        "graph_path": "graphs_hetero/gossipcop/5_shot_roberta_hetero_knn_5_smpf10.pt",
        "model": "HGT",
        "target_node_type": "news",
        "dropout_rate": 0.0,
        "hidden_channels": 128,
        "hgt_han_heads": 4,
        "hgt_layers": 1,
        "lr": 0.0001,
        "weight_decay": 0.0001,
        "n_epochs": 300,
        "patience": 30,
        "seed": 42,
        "output_dir_base": "results_hetero"
    },
    "model_name": "HGT_gossipcop_5_shot_roberta_hetero_knn_5_smpf10",
    "training_history": {
        "final_train_loss": 0.0034580412320792675,
        "final_train_acc": 1.0,
        "final_val_loss": 0.6212084889411926,
        "final_val_acc": 0.6927395209580839,
        "final_val_f1": 0.5780621199487992,
        "best_val_f1": 0.5910323904431978,
        "best_epoch": 129,
        "total_epochs_run": 175,
        "training_time_seconds": 6.1003663539886475
    },
    "final_test_metrics_on_target_node": {
        "accuracy": 0.6976047904191617,
        "precision": 0.5875237452052151,
        "recall": 0.6205698038601035,
        "f1_score": 0.5910323904431978,
        "confusion_matrix": [
            [
                1614,
                555
            ],
            [
                253,
                250
            ]
        ]
    }
}