{
    "args": {
        "graph_path": "graphs_hetero/gossipcop/10_shot_roberta_hetero_dual_knn_sim5_dis5_psl10.pt",
        "model": "HGT",
        "target_node_type": "news",
        "dropout_rate": 0.0,
        "hidden_channels": 128,
        "hgt_han_heads": 4,
        "hgt_layers": 1,
        "lr": 0.0001,
        "weight_decay": 0.0001,
        "n_epochs": 300,
        "patience": 30,
        "seed": 42,
        "output_dir_base": "results_hetero"
    },
    "model_name": "HGT_gossipcop_10_shot_roberta_hetero_dual_knn_sim5_dis5_psl10",
    "training_history": {
        "final_train_loss": 0.009847830981016159,
        "final_train_acc": 1.0,
        "final_val_loss": 0.6129216551780701,
        "final_val_acc": 0.7383982035928144,
        "final_val_f1": 0.6070058257035841,
        "best_val_f1": 0.6121315524245562,
        "best_epoch": 125,
        "total_epochs_run": 165,
        "training_time_seconds": 7.236748695373535
    },
    "final_test_metrics_on_target_node": {
        "accuracy": 0.7630988023952096,
        "precision": 0.6122174894890484,
        "recall": 0.6120460272023919,
        "f1_score": 0.6121315524245562,
        "confusion_matrix": [
            [
                1853,
                316
            ],
            [
                317,
                186
            ]
        ]
    }
}