{
    "args": {
        "graph_path": "graphs/politifact/4_shot_roberta_mutual_knn_8_smpf10.pt",
        "model": "GAT",
        "dropout_rate": 0.5,
        "hidden_channels": 128,
        "gat_heads": 8,
        "lr": 0.0001,
        "weight_decay": 0.0001,
        "n_epochs": 300,
        "patience": 30,
        "seed": 42,
        "output_dir": "results"
    },
    "model_name": "GAT_politifact_4_shot_roberta_mutual_knn_8_smpf10",
    "training_history": {
        "final_train_loss": 0.3488618731498718,
        "final_train_acc": 0.875,
        "final_val_loss": 0.5391758680343628,
        "final_val_acc": 0.7647058823529411,
        "final_val_f1": 0.7166666666666667,
        "best_val_f1": 0.738621110433191,
        "best_epoch": 187,
        "total_epochs": 217,
        "training_time_seconds": 3.4705288410186768
    },
    "final_test_metrics": {
        "accuracy": 0.7941176470588235,
        "precision": 0.6538461538461539,
        "recall": 0.5862068965517241,
        "f1_score": 0.6181818181818182,
        "confusion_matrix": [
            [
                64,
                9
            ],
            [
                12,
                17
            ]
        ]
    }
}