{
    "args": {
        "graph_path": "graphs/politifact/4_shot_combined_knn_7_smpf10.pt",
        "model": "GAT",
        "dropout_rate": 0.5,
        "hidden_channels": 128,
        "gat_heads": 8,
        "lr": 0.0001,
        "weight_decay": 0.0001,
        "n_epochs": 300,
        "patience": 30,
        "seed": 42,
        "output_dir": "results"
    },
    "model_name": "GAT_politifact_4_shot_combined_knn_7_smpf10",
    "training_history": {
        "final_train_loss": 0.5551408529281616,
        "final_train_acc": 0.875,
        "final_val_loss": 0.6025955677032471,
        "final_val_acc": 0.8431372549019608,
        "final_val_f1": 0.8208168642951252,
        "best_val_f1": 0.8208168642951252,
        "best_epoch": 83,
        "total_epochs": 137,
        "training_time_seconds": 2.3504157066345215
    },
    "final_test_metrics": {
        "accuracy": 0.8431372549019608,
        "precision": 0.6756756756756757,
        "recall": 0.8620689655172413,
        "f1_score": 0.7575757575757576,
        "confusion_matrix": [
            [
                61,
                12
            ],
            [
                4,
                25
            ]
        ]
    }
}