{
    "args": {
        "graph_path": "graphs/politifact/3_shot_roberta_mutual_knn_6.pt",
        "model": "GAT",
        "dropout_rate": 0.5,
        "hidden_channels": 128,
        "gat_heads": 8,
        "lr": 0.0001,
        "weight_decay": 0.0001,
        "n_epochs": 300,
        "patience": 30,
        "seed": 42,
        "output_dir": "results"
    },
    "model_name": "GAT_politifact_3_shot_roberta_mutual_knn_6",
    "training_history": {
        "final_train_loss": 0.3762138783931732,
        "final_train_acc": 1.0,
        "final_val_loss": 0.5974504351615906,
        "final_val_acc": 0.7058823529411765,
        "final_val_f1": 0.6640316205533596,
        "best_val_f1": 0.6730769230769231,
        "best_epoch": 56,
        "total_epochs": 128,
        "training_time_seconds": 2.3695993423461914
    },
    "final_test_metrics": {
        "accuracy": 0.7647058823529411,
        "precision": 0.631578947368421,
        "recall": 0.41379310344827586,
        "f1_score": 0.5,
        "confusion_matrix": [
            [
                66,
                7
            ],
            [
                17,
                12
            ]
        ]
    }
}