{
    "args": {
        "graph_path": "graphs/gossipcop/14_shot_combined_knn_6_smpf10.pt",
        "model": "GAT",
        "dropout_rate": 0.5,
        "hidden_channels": 128,
        "gat_heads": 8,
        "lr": 0.0001,
        "weight_decay": 0.0001,
        "n_epochs": 300,
        "patience": 30,
        "seed": 42,
        "output_dir": "results"
    },
    "model_name": "GAT_gossipcop_14_shot_combined_knn_6_smpf10",
    "training_history": {
        "final_train_loss": 0.5802711248397827,
        "final_train_acc": 0.7142857142857143,
        "final_val_loss": 0.6643806099891663,
        "final_val_acc": 0.6017964071856288,
        "final_val_f1": 0.4933954490895043,
        "best_val_f1": 0.5198342273029218,
        "best_epoch": 74,
        "total_epochs": 104,
        "training_time_seconds": 4.752282619476318
    },
    "final_test_metrics": {
        "accuracy": 0.6744011976047904,
        "precision": 0.5203415940601044,
        "recall": 0.5245814188176611,
        "f1_score": 0.5198342273029218,
        "confusion_matrix": [
            [
                1659,
                510
            ],
            [
                360,
                143
            ]
        ]
    }
}