{
    "args": {
        "graph_path": "graphs/gossipcop/14_shot_combined_knn_6_smpf10.pt",
        "model": "GAT",
        "dropout_rate": 0.5,
        "hidden_channels": 128,
        "gat_heads": 8,
        "lr": 0.0001,
        "weight_decay": 0.0001,
        "n_epochs": 300,
        "patience": 30,
        "seed": 42,
        "output_dir": "results"
    },
    "model_name": "GAT_gossipcop_14_shot_combined_knn_6_smpf10",
    "training_history": {
        "final_train_loss": 0.555976390838623,
        "final_train_acc": 0.75,
        "final_val_loss": 0.6770572066307068,
        "final_val_acc": 0.5744760479041916,
        "final_val_f1": 0.4948232109710514,
        "best_val_f1": 0.5181580665619347,
        "best_epoch": 79,
        "total_epochs": 174,
        "training_time_seconds": 2.831021547317505
    },
    "final_test_metrics": {
        "accuracy": 0.7118263473053892,
        "precision": 0.21894736842105264,
        "recall": 0.20675944333996024,
        "f1_score": 0.21267893660531698,
        "confusion_matrix": [
            [
                1798,
                371
            ],
            [
                399,
                104
            ]
        ]
    }
}