{
  "accuracy": 0.7383982035928144,
  "precision": 0.6026154132539092,
  "recall": 0.62126411654554,
  "f1_score": 0.6090341339043773
}