{
  "accuracy": 0.8725490196078431,
  "precision": 0.8383838383838385,
  "recall": 0.879782711384034,
  "f1_score": 0.8532374100719424
}