{
    "args": {
        "graph_path": "graphs_hetero/gossipcop/16_shot_distilbert_hetero_knn_5_smpf10.pt",
        "model": "HGT",
        "target_node_type": "news",
        "dropout_rate": 0.0,
        "hidden_channels": 128,
        "hgt_han_heads": 4,
        "hgt_layers": 1,
        "lr": 0.0001,
        "weight_decay": 0.0001,
        "n_epochs": 300,
        "patience": 30,
        "seed": 42,
        "output_dir_base": "results_hetero"
    },
    "model_name": "HGT_gossipcop_16_shot_distilbert_hetero_knn_5_smpf10",
    "training_history": {
        "final_train_loss": 0.14388269186019897,
        "final_train_acc": 0.96875,
        "final_val_loss": 0.881530225276947,
        "final_val_acc": 0.6025449101796407,
        "final_val_f1": 0.5433537062248356,
        "best_val_f1": 0.5454162039914019,
        "best_epoch": 79,
        "total_epochs_run": 117,
        "training_time_seconds": 5.5301103591918945
    },
    "final_test_metrics_on_target_node": {
        "accuracy": 0.625,
        "precision": 0.5612850133623217,
        "recall": 0.5957001192476309,
        "f1_score": 0.5454162039914019,
        "confusion_matrix": [
            [
                1394,
                775
            ],
            [
                227,
                276
            ]
        ]
    }
}