{
    "args": {
        "graph_path": "graphs/gossipcop/4_shot_combined_mutual_knn_8_smpf10.pt",
        "model": "GAT",
        "dropout_rate": 0.5,
        "hidden_channels": 128,
        "gat_heads": 8,
        "lr": 0.0001,
        "weight_decay": 0.0001,
        "n_epochs": 300,
        "patience": 30,
        "seed": 42,
        "output_dir": "results"
    },
    "model_name": "GAT_gossipcop_4_shot_combined_mutual_knn_8_smpf10",
    "training_history": {
        "final_train_loss": 0.49077147245407104,
        "final_train_acc": 0.875,
        "final_val_loss": 0.6670108437538147,
        "final_val_acc": 0.6470808383233533,
        "final_val_f1": 0.5899983321332829,
        "best_val_f1": 0.6286183763482043,
        "best_epoch": 120,
        "total_epochs": 150,
        "training_time_seconds": 2.651313304901123
    },
    "final_test_metrics": {
        "accuracy": 0.7979041916167665,
        "precision": 0.44931506849315067,
        "recall": 0.3260437375745527,
        "f1_score": 0.3778801843317972,
        "confusion_matrix": [
            [
                1968,
                201
            ],
            [
                339,
                164
            ]
        ]
    }
}