{
    "args": {
        "graph_path": "graphs/politifact/16_shot_combined_mutual_knn_4.pt",
        "model": "GAT",
        "dropout_rate": 0.5,
        "hidden_channels": 128,
        "gat_heads": 8,
        "lr": 0.0001,
        "weight_decay": 0.0001,
        "n_epochs": 300,
        "patience": 30,
        "seed": 42,
        "output_dir": "results"
    },
    "model_name": "GAT_politifact_16_shot_combined_mutual_knn_4",
    "training_history": {
        "final_train_loss": 0.505545437335968,
        "final_train_acc": 0.78125,
        "final_val_loss": 0.5864374041557312,
        "final_val_acc": 0.7941176470588235,
        "final_val_f1": 0.7629219701162148,
        "best_val_f1": 0.7875,
        "best_epoch": 144,
        "total_epochs": 204,
        "training_time_seconds": 3.049023389816284
    },
    "final_test_metrics": {
        "accuracy": 0.8235294117647058,
        "precision": 0.6774193548387096,
        "recall": 0.7241379310344828,
        "f1_score": 0.7,
        "confusion_matrix": [
            [
                63,
                10
            ],
            [
                8,
                21
            ]
        ]
    }
}