{
  "accuracy": 0.7705838323353293,
  "precision": 0.644559477487493,
  "recall": 0.6678119388784857,
  "f1_score": 0.6535503487369851
}