{
    "args": {
        "graph_path": "graphs_hetero/politifact/6_shot_distilbert_hetero_knn_5_smpf10.pt",
        "model": "HAN",
        "target_node_type": "news",
        "dropout_rate": 0.0,
        "hidden_channels": 128,
        "hgt_han_heads": 4,
        "hgt_layers": 1,
        "lr": 0.0001,
        "weight_decay": 0.0001,
        "n_epochs": 300,
        "patience": 30,
        "seed": 42,
        "output_dir_base": "results_hetero"
    },
    "model_name": "HAN_politifact_6_shot_distilbert_hetero_knn_5_smpf10",
    "training_history": {
        "final_train_loss": 0.5800765156745911,
        "final_train_acc": 0.6666666666666666,
        "final_val_loss": 0.7325066924095154,
        "final_val_acc": 0.3235294117647059,
        "final_val_f1": 0.29358626919602526,
        "best_val_f1": 0.3823529411764706,
        "best_epoch": 1,
        "total_epochs_run": 31,
        "training_time_seconds": 1.5994679927825928
    },
    "final_test_metrics_on_target_node": {
        "accuracy": 0.45098039215686275,
        "precision": 0.39438339438339437,
        "recall": 0.37742087860179496,
        "f1_score": 0.3823529411764706,
        "confusion_matrix": [
            [
                40,
                33
            ],
            [
                23,
                6
            ]
        ]
    }
}