{
    "args": {
        "graph_path": "graphs/gossipcop/4_shot_roberta_knn_4_smpf10.pt",
        "model": "GAT",
        "dropout_rate": 0.5,
        "hidden_channels": 128,
        "gat_heads": 8,
        "lr": 0.0001,
        "weight_decay": 0.0001,
        "n_epochs": 300,
        "patience": 30,
        "seed": 42,
        "output_dir": "results"
    },
    "model_name": "GAT_gossipcop_4_shot_roberta_knn_4_smpf10",
    "training_history": {
        "final_train_loss": 0.7424702644348145,
        "final_train_acc": 0.5,
        "final_val_loss": 0.5713053345680237,
        "final_val_acc": 0.811751497005988,
        "final_val_f1": 0.4480479239826482,
        "best_val_f1": 0.4574745699526016,
        "best_epoch": 1,
        "total_epochs": 60,
        "training_time_seconds": 1.5301811695098877
    },
    "final_test_metrics": {
        "accuracy": 0.7260479041916168,
        "precision": 0.10380622837370242,
        "recall": 0.05964214711729622,
        "f1_score": 0.07575757575757576,
        "confusion_matrix": [
            [
                1910,
                259
            ],
            [
                473,
                30
            ]
        ]
    }
}