{
    "args": {
        "graph_path": "graphs_hetero/gossipcop/9_shot_bert_hetero_knn_5_smpf10.pt",
        "model": "HGT",
        "target_node_type": "news",
        "dropout_rate": 0.0,
        "hidden_channels": 128,
        "hgt_han_heads": 4,
        "hgt_layers": 1,
        "lr": 0.0001,
        "weight_decay": 0.0001,
        "n_epochs": 300,
        "patience": 30,
        "seed": 42,
        "output_dir_base": "results_hetero"
    },
    "model_name": "HGT_gossipcop_9_shot_bert_hetero_knn_5_smpf10",
    "training_history": {
        "final_train_loss": 0.0019302309956401587,
        "final_train_acc": 1.0,
        "final_val_loss": 1.2378923892974854,
        "final_val_acc": 0.6710329341317365,
        "final_val_f1": 0.5658905444167384,
        "best_val_f1": 0.5804922565011841,
        "best_epoch": 109,
        "total_epochs_run": 139,
        "training_time_seconds": 6.126263856887817
    },
    "final_test_metrics_on_target_node": {
        "accuracy": 0.6964820359281437,
        "precision": 0.5771496701680442,
        "recall": 0.6030809151545315,
        "f1_score": 0.5804922565011841,
        "confusion_matrix": [
            [
                1633,
                536
            ],
            [
                275,
                228
            ]
        ]
    }
}