{
    "args": {
        "graph_path": "graphs_hetero/gossipcop/12_shot_roberta_hetero_knn_5_psl10.pt",
        "model": "HAN",
        "target_node_type": "news",
        "dropout_rate": 0.0,
        "hidden_channels": 128,
        "hgt_han_heads": 4,
        "hgt_layers": 1,
        "lr": 0.0001,
        "weight_decay": 0.0001,
        "n_epochs": 300,
        "patience": 30,
        "seed": 42,
        "output_dir_base": "results_hetero"
    },
    "model_name": "HAN_gossipcop_12_shot_roberta_hetero_knn_5_psl10",
    "training_history": {
        "final_train_loss": 0.21492266654968262,
        "final_train_acc": 1.0,
        "final_val_loss": 0.5857256054878235,
        "final_val_acc": 0.6949850299401198,
        "final_val_f1": 0.5931102584727435,
        "best_val_f1": 0.6180933252089398,
        "best_epoch": 68,
        "total_epochs_run": 300,
        "training_time_seconds": 5.21175479888916
    },
    "final_test_metrics_on_target_node": {
        "accuracy": 0.751122754491018,
        "precision": 0.6123570686070686,
        "recall": 0.6268112853538061,
        "f1_score": 0.6180933252089398,
        "confusion_matrix": [
            [
                1792,
                377
            ],
            [
                288,
                215
            ]
        ]
    }
}