{
  "accuracy": 0.7825598802395209,
  "precision": 0.6602725928192574,
  "recall": 0.6843507878501238,
  "f1_score": 0.6698964014048464
}