{
    "args": {
        "graph_path": "graphs/politifact/16_shot_combined_mutual_knn_3.pt",
        "model": "GAT",
        "dropout_rate": 0.5,
        "hidden_channels": 128,
        "gat_heads": 8,
        "lr": 0.0001,
        "weight_decay": 0.0001,
        "n_epochs": 300,
        "patience": 30,
        "seed": 42,
        "output_dir": "results"
    },
    "model_name": "GAT_politifact_16_shot_combined_mutual_knn_3",
    "training_history": {
        "final_train_loss": 0.46476489305496216,
        "final_train_acc": 0.8125,
        "final_val_loss": 0.532572865486145,
        "final_val_acc": 0.8333333333333334,
        "final_val_f1": 0.797311513734658,
        "best_val_f1": 0.797311513734658,
        "best_epoch": 244,
        "total_epochs": 300,
        "training_time_seconds": 4.697363615036011
    },
    "final_test_metrics": {
        "accuracy": 0.8333333333333334,
        "precision": 0.7,
        "recall": 0.7241379310344828,
        "f1_score": 0.711864406779661,
        "confusion_matrix": [
            [
                64,
                9
            ],
            [
                8,
                21
            ]
        ]
    }
}