{
  "accuracy": 0.4411764705882353,
  "f1": 0.43983042682339335,
  "precision": 0.5147058823529412,
  "recall": 0.5160604629192254,
  "confusion_matrix": [
    [
      25,
      48
    ],
    [
      9,
      20
    ]
  ]
}