{
    "args": {
        "graph_path": "graphs/politifact/5_shot_combined_mutual_knn_4.pt",
        "model": "GAT",
        "dropout_rate": 0.5,
        "hidden_channels": 128,
        "gat_heads": 8,
        "lr": 0.0001,
        "weight_decay": 0.0001,
        "n_epochs": 300,
        "patience": 30,
        "seed": 42,
        "output_dir": "results"
    },
    "model_name": "GAT_politifact_5_shot_combined_mutual_knn_4",
    "training_history": {
        "final_train_loss": 0.7101721167564392,
        "final_train_acc": 0.5,
        "final_val_loss": 0.6945769190788269,
        "final_val_acc": 0.46078431372549017,
        "final_val_f1": 0.4565533275210695,
        "best_val_f1": 0.5509080902586682,
        "best_epoch": 7,
        "total_epochs": 37,
        "training_time_seconds": 1.282515048980713
    },
    "final_test_metrics": {
        "accuracy": 0.6862745098039216,
        "precision": 0.4117647058823529,
        "recall": 0.2413793103448276,
        "f1_score": 0.30434782608695654,
        "confusion_matrix": [
            [
                63,
                10
            ],
            [
                22,
                7
            ]
        ]
    }
}