{
    "args": {
        "graph_path": "graphs/gossipcop/9_shot_roberta_mutual_knn_7_smpf10.pt",
        "model": "GAT",
        "dropout_rate": 0.5,
        "hidden_channels": 128,
        "gat_heads": 8,
        "lr": 0.0001,
        "weight_decay": 0.0001,
        "n_epochs": 300,
        "patience": 30,
        "seed": 42,
        "output_dir": "results"
    },
    "model_name": "GAT_gossipcop_9_shot_roberta_mutual_knn_7_smpf10",
    "training_history": {
        "final_train_loss": 0.6954419612884521,
        "final_train_acc": 0.5555555555555556,
        "final_val_loss": 0.6048691868782043,
        "final_val_acc": 0.750748502994012,
        "final_val_f1": 0.5022287862513427,
        "best_val_f1": 0.5431094036454426,
        "best_epoch": 136,
        "total_epochs": 186,
        "training_time_seconds": 9.315155982971191
    },
    "final_test_metrics": {
        "accuracy": 0.6639221556886228,
        "precision": 0.5450722583541916,
        "recall": 0.5616471754993323,
        "f1_score": 0.5431094036454426,
        "confusion_matrix": [
            [
                1574,
                595
            ],
            [
                303,
                200
            ]
        ]
    }
}