{
    "args": {
        "graph_path": "graphs_hetero/gossipcop/11_shot_bert_hetero_knn_5_smpf10.pt",
        "model": "HAN",
        "target_node_type": "news",
        "dropout_rate": 0.0,
        "hidden_channels": 128,
        "hgt_han_heads": 4,
        "hgt_layers": 1,
        "lr": 0.0001,
        "weight_decay": 0.0001,
        "n_epochs": 300,
        "patience": 30,
        "seed": 42,
        "output_dir_base": "results_hetero"
    },
    "model_name": "HAN_gossipcop_11_shot_bert_hetero_knn_5_smpf10",
    "training_history": {
        "final_train_loss": 0.13548289239406586,
        "final_train_acc": 1.0,
        "final_val_loss": 0.661435604095459,
        "final_val_acc": 0.6845059880239521,
        "final_val_f1": 0.5551155092045332,
        "best_val_f1": 0.5583391498965553,
        "best_epoch": 84,
        "total_epochs_run": 114,
        "training_time_seconds": 2.9277093410491943
    },
    "final_test_metrics_on_target_node": {
        "accuracy": 0.6841317365269461,
        "precision": 0.5569835485439705,
        "recall": 0.5748588230872946,
        "f1_score": 0.5583391498965553,
        "confusion_matrix": [
            [
                1627,
                542
            ],
            [
                302,
                201
            ]
        ]
    }
}