{
    "args": {
        "graph_path": "graphs/gossipcop/16_shot_roberta_knn_8_smpf10.pt",
        "model": "GAT",
        "dropout_rate": 0.5,
        "hidden_channels": 128,
        "gat_heads": 8,
        "lr": 0.0001,
        "weight_decay": 0.0001,
        "n_epochs": 300,
        "patience": 30,
        "seed": 42,
        "output_dir": "results"
    },
    "model_name": "GAT_gossipcop_16_shot_roberta_knn_8_smpf10",
    "training_history": {
        "final_train_loss": 0.5834865570068359,
        "final_train_acc": 0.6875,
        "final_val_loss": 0.638992190361023,
        "final_val_acc": 0.6811377245508982,
        "final_val_f1": 0.48305807531015915,
        "best_val_f1": 0.49906679109452073,
        "best_epoch": 66,
        "total_epochs": 96,
        "training_time_seconds": 2.7485764026641846
    },
    "final_test_metrics": {
        "accuracy": 0.7642215568862275,
        "precision": 0.5161222358443446,
        "recall": 0.508136061455151,
        "f1_score": 0.49906679109452073,
        "confusion_matrix": [
            [
                1993,
                176
            ],
            [
                454,
                49
            ]
        ]
    }
}