{
    "args": {
        "graph_path": "graphs_hetero/gossipcop/11_shot_roberta_hetero_knn_5_psl10.pt",
        "model": "HGT",
        "target_node_type": "news",
        "dropout_rate": 0.0,
        "hidden_channels": 128,
        "hgt_han_heads": 4,
        "hgt_layers": 1,
        "lr": 0.0001,
        "weight_decay": 0.0001,
        "n_epochs": 300,
        "patience": 30,
        "seed": 42,
        "output_dir_base": "results_hetero"
    },
    "model_name": "HGT_gossipcop_11_shot_roberta_hetero_knn_5_psl10",
    "training_history": {
        "final_train_loss": 0.005542855244129896,
        "final_train_acc": 1.0,
        "final_val_loss": 0.6088806390762329,
        "final_val_acc": 0.7410179640718563,
        "final_val_f1": 0.6081287745462067,
        "best_val_f1": 0.6113230056764526,
        "best_epoch": 181,
        "total_epochs_run": 211,
        "training_time_seconds": 7.488201856613159
    },
    "final_test_metrics_on_target_node": {
        "accuracy": 0.7436377245508982,
        "precision": 0.6053322414971936,
        "recall": 0.621437350997748,
        "f1_score": 0.6113230056764526,
        "confusion_matrix": [
            [
                1773,
                396
            ],
            [
                289,
                214
            ]
        ]
    }
}