{
    "args": {
        "graph_path": "graphs/gossipcop/11_shot_roberta_knn_8_smpf10.pt",
        "model": "GAT",
        "dropout_rate": 0.5,
        "hidden_channels": 128,
        "gat_heads": 8,
        "lr": 0.0001,
        "weight_decay": 0.0001,
        "n_epochs": 300,
        "patience": 30,
        "seed": 42,
        "output_dir": "results"
    },
    "model_name": "GAT_gossipcop_11_shot_roberta_knn_8_smpf10",
    "training_history": {
        "final_train_loss": 0.421906977891922,
        "final_train_acc": 0.8636363636363636,
        "final_val_loss": 0.623354971408844,
        "final_val_acc": 0.6758982035928144,
        "final_val_f1": 0.52083995971162,
        "best_val_f1": 0.522806785071382,
        "best_epoch": 216,
        "total_epochs": 246,
        "training_time_seconds": 5.156933307647705
    },
    "final_test_metrics": {
        "accuracy": 0.6852544910179641,
        "precision": 0.5224841392250084,
        "recall": 0.5259219235073652,
        "f1_score": 0.522806785071382,
        "confusion_matrix": [
            [
                1695,
                474
            ],
            [
                367,
                136
            ]
        ]
    }
}