{
    "args": {
        "graph_path": "graphs/gossipcop/11_shot_roberta_knn_8_smpf10.pt",
        "model": "GAT",
        "dropout_rate": 0.5,
        "hidden_channels": 128,
        "gat_heads": 8,
        "lr": 0.0001,
        "weight_decay": 0.0001,
        "n_epochs": 300,
        "patience": 30,
        "seed": 42,
        "output_dir": "results"
    },
    "model_name": "GAT_gossipcop_11_shot_roberta_knn_8_smpf10",
    "training_history": {
        "final_train_loss": 0.5543494820594788,
        "final_train_acc": 0.8181818181818182,
        "final_val_loss": 0.6111453175544739,
        "final_val_acc": 0.6908682634730539,
        "final_val_f1": 0.5265935495273812,
        "best_val_f1": 0.5302374062500331,
        "best_epoch": 299,
        "total_epochs": 300,
        "training_time_seconds": 13.678338527679443
    },
    "final_test_metrics": {
        "accuracy": 0.6897455089820359,
        "precision": 0.23366013071895425,
        "recall": 0.28429423459244535,
        "f1_score": 0.25650224215246636,
        "confusion_matrix": [
            [
                1700,
                469
            ],
            [
                360,
                143
            ]
        ]
    }
}