{
  "accuracy": 0.6575598802395209,
  "precision": 0.574513170450746,
  "recall": 0.6119378702428124,
  "f1_score": 0.568298601589622
}