{
  "accuracy": 0.7335329341317365,
  "precision": 0.6181200122163354,
  "recall": 0.6549160546174314,
  "f1_score": 0.6269970982668026
}