{
    "args": {
        "graph_path": "graphs/gossipcop/5_shot_combined_mutual_knn_4_smpf10.pt",
        "model": "GAT",
        "dropout_rate": 0.5,
        "hidden_channels": 128,
        "gat_heads": 8,
        "lr": 0.0001,
        "weight_decay": 0.0001,
        "n_epochs": 300,
        "patience": 30,
        "seed": 42,
        "output_dir": "results"
    },
    "model_name": "GAT_gossipcop_5_shot_combined_mutual_knn_4_smpf10",
    "training_history": {
        "final_train_loss": 0.697914719581604,
        "final_train_acc": 0.4,
        "final_val_loss": 0.7044850587844849,
        "final_val_acc": 0.31324850299401197,
        "final_val_f1": 0.3124857414042138,
        "best_val_f1": 0.535401765895526,
        "best_epoch": 22,
        "total_epochs": 52,
        "training_time_seconds": 1.5203235149383545
    },
    "final_test_metrics": {
        "accuracy": 0.6833832335329342,
        "precision": 0.2405446293494705,
        "recall": 0.31610337972166996,
        "f1_score": 0.27319587628865977,
        "confusion_matrix": [
            [
                1667,
                502
            ],
            [
                344,
                159
            ]
        ]
    }
}