{
    "args": {
        "graph_path": "graphs/gossipcop/12_shot_bert_knn_8_smpf10.pt",
        "model": "GAT",
        "dropout_rate": 0.5,
        "hidden_channels": 128,
        "gat_heads": 8,
        "lr": 0.0001,
        "weight_decay": 0.0001,
        "n_epochs": 300,
        "patience": 30,
        "seed": 42,
        "output_dir": "results"
    },
    "model_name": "GAT_gossipcop_12_shot_bert_knn_8_smpf10",
    "training_history": {
        "final_train_loss": 0.2941076457500458,
        "final_train_acc": 0.9166666666666666,
        "final_val_loss": 0.6859177947044373,
        "final_val_acc": 0.6691616766467066,
        "final_val_f1": 0.5593217050358692,
        "best_val_f1": 0.5729272529766875,
        "best_epoch": 60,
        "total_epochs": 90,
        "training_time_seconds": 4.1305155754089355
    },
    "final_test_metrics": {
        "accuracy": 0.7316616766467066,
        "precision": 0.5711885900910292,
        "recall": 0.5751214245188161,
        "f1_score": 0.5729272529766875,
        "confusion_matrix": [
            [
                1792,
                377
            ],
            [
                340,
                163
            ]
        ]
    }
}