{
  "accuracy": 0.6372549019607843,
  "f1": 0.6178227848101265,
  "precision": 0.6330769230769231,
  "recall": 0.66343882853094,
  "confusion_matrix": [
    [
      44,
      29
    ],
    [
      8,
      21
    ]
  ]
}