{
    "args": {
        "graph_path": "graphs/politifact/12_shot_combined_knn_3.pt",
        "model": "GAT",
        "dropout_rate": 0.5,
        "hidden_channels": 128,
        "gat_heads": 8,
        "lr": 0.0001,
        "weight_decay": 0.0001,
        "n_epochs": 300,
        "patience": 30,
        "seed": 42,
        "output_dir": "results"
    },
    "model_name": "GAT_politifact_12_shot_combined_knn_3",
    "training_history": {
        "final_train_loss": 0.5770549774169922,
        "final_train_acc": 0.75,
        "final_val_loss": 0.6219598650932312,
        "final_val_acc": 0.7254901960784313,
        "final_val_f1": 0.68125,
        "best_val_f1": 0.7495305503394483,
        "best_epoch": 105,
        "total_epochs": 145,
        "training_time_seconds": 2.462480068206787
    },
    "final_test_metrics": {
        "accuracy": 0.8333333333333334,
        "precision": 0.9285714285714286,
        "recall": 0.4482758620689655,
        "f1_score": 0.6046511627906976,
        "confusion_matrix": [
            [
                72,
                1
            ],
            [
                16,
                13
            ]
        ]
    }
}