{
    "model": "MLP_gossipcop_12_shot_bert",
    "dataset": "gossipcop",
    "embedding": "bert",
    "k_shot": 12,
    "training_time": 0.317502498626709,
    "best_epoch": 0,
    "final_train_accuracy": 1.0,
    "final_train_loss": 0.2842608094215393,
    "final_val_accuracy": 0.3333333333333333,
    "final_val_loss": 0.6867215037345886,
    "final_val_f1": 0.25,
    "test_metrics": {
        "accuracy": 0.2316616766467066,
        "precision": 0.5706378986866791,
        "recall": 0.5213958297242822,
        "f1_score": 0.21639150598068269,
        "confusion_matrix": [
            [
                123,
                2046
            ],
            [
                7,
                496
            ]
        ]
    }
}