{
    "model": "MLP_gossipcop_8_shot_roberta",
    "dataset": "gossipcop",
    "embedding": "roberta",
    "k_shot": 8,
    "training_time": 0.39087581634521484,
    "best_epoch": 0,
    "final_train_accuracy": 0.8571428571428571,
    "final_train_loss": 0.6290165185928345,
    "final_val_accuracy": 0.5,
    "final_val_loss": 0.6807794570922852,
    "final_val_f1": 0.3333333333333333,
    "test_metrics": {
        "accuracy": 0.2245508982035928,
        "precision": 0.546649993034655,
        "recall": 0.5131983571141157,
        "f1_score": 0.20837101031505678,
        "confusion_matrix": [
            [
                109,
                2060
            ],
            [
                12,
                491
            ]
        ]
    }
}