{
    "args": {
        "graph_path": "graphs/gossipcop/15_shot_combined_knn_5_smpf10.pt",
        "model": "GAT",
        "dropout_rate": 0.5,
        "hidden_channels": 128,
        "gat_heads": 8,
        "lr": 0.0001,
        "weight_decay": 0.0001,
        "n_epochs": 300,
        "patience": 30,
        "seed": 42,
        "output_dir": "results"
    },
    "model_name": "GAT_gossipcop_15_shot_combined_knn_5_smpf10",
    "training_history": {
        "final_train_loss": 0.6387728452682495,
        "final_train_acc": 0.5666666666666667,
        "final_val_loss": 0.6782336831092834,
        "final_val_acc": 0.5741017964071856,
        "final_val_f1": 0.49203455734510637,
        "best_val_f1": 0.5209244950093492,
        "best_epoch": 52,
        "total_epochs": 82,
        "training_time_seconds": 3.6116621494293213
    },
    "final_test_metrics": {
        "accuracy": 0.6815119760479041,
        "precision": 0.5208603246804172,
        "recall": 0.5243802285411551,
        "f1_score": 0.5209244950093492,
        "confusion_matrix": [
            [
                1684,
                485
            ],
            [
                366,
                137
            ]
        ]
    }
}