{
    "args": {
        "graph_path": "graphs/gossipcop/13_shot_roberta_knn_6_smpf10.pt",
        "model": "GAT",
        "dropout_rate": 0.5,
        "hidden_channels": 128,
        "gat_heads": 8,
        "lr": 0.0001,
        "weight_decay": 0.0001,
        "n_epochs": 300,
        "patience": 30,
        "seed": 42,
        "output_dir": "results"
    },
    "model_name": "GAT_gossipcop_13_shot_roberta_knn_6_smpf10",
    "training_history": {
        "final_train_loss": 0.6994695663452148,
        "final_train_acc": 0.5769230769230769,
        "final_val_loss": 0.6255457997322083,
        "final_val_acc": 0.7166916167664671,
        "final_val_f1": 0.48650123138421497,
        "best_val_f1": 0.49963795050382587,
        "best_epoch": 77,
        "total_epochs": 107,
        "training_time_seconds": 2.9596266746520996
    },
    "final_test_metrics": {
        "accuracy": 0.7892964071856288,
        "precision": 0.5480260716273891,
        "recall": 0.5151823040548777,
        "f1_score": 0.49963795050382587,
        "confusion_matrix": [
            [
                2071,
                98
            ],
            [
                465,
                38
            ]
        ]
    }
}