{
    "args": {
        "graph_path": "graphs/politifact/16_shot_combined_knn_7.pt",
        "model": "GAT",
        "dropout_rate": 0.5,
        "hidden_channels": 128,
        "gat_heads": 8,
        "lr": 0.0001,
        "weight_decay": 0.0001,
        "n_epochs": 300,
        "patience": 30,
        "seed": 42,
        "output_dir": "results"
    },
    "model_name": "GAT_politifact_16_shot_combined_knn_7",
    "training_history": {
        "final_train_loss": 0.4420333206653595,
        "final_train_acc": 0.8125,
        "final_val_loss": 0.5025631785392761,
        "final_val_acc": 0.8431372549019608,
        "final_val_f1": 0.803088803088803,
        "best_val_f1": 0.813300793166565,
        "best_epoch": 293,
        "total_epochs": 300,
        "training_time_seconds": 4.2523157596588135
    },
    "final_test_metrics": {
        "accuracy": 0.8529411764705882,
        "precision": 0.7692307692307693,
        "recall": 0.6896551724137931,
        "f1_score": 0.7272727272727273,
        "confusion_matrix": [
            [
                67,
                6
            ],
            [
                9,
                20
            ]
        ]
    }
}