{
  "accuracy": 0.8137254901960784,
  "precision": 0.773989898989899,
  "recall": 0.8075106282475201,
  "f1_score": 0.7855008301051467
}