{
    "args": {
        "graph_path": "graphs/gossipcop/9_shot_bert_knn_6_smpf10.pt",
        "model": "GAT",
        "dropout_rate": 0.5,
        "hidden_channels": 128,
        "gat_heads": 8,
        "lr": 0.0001,
        "weight_decay": 0.0001,
        "n_epochs": 300,
        "patience": 30,
        "seed": 42,
        "output_dir": "results"
    },
    "model_name": "GAT_gossipcop_9_shot_bert_knn_6_smpf10",
    "training_history": {
        "final_train_loss": 0.31244829297065735,
        "final_train_acc": 0.8333333333333334,
        "final_val_loss": 0.6053230166435242,
        "final_val_acc": 0.7077095808383234,
        "final_val_f1": 0.575029604717205,
        "best_val_f1": 0.5826383415179398,
        "best_epoch": 57,
        "total_epochs": 87,
        "training_time_seconds": 2.668506145477295
    },
    "final_test_metrics": {
        "accuracy": 0.7410179640718563,
        "precision": 0.5814799359744894,
        "recall": 0.583938508185557,
        "f1_score": 0.5826383415179398,
        "confusion_matrix": [
            [
                1813,
                356
            ],
            [
                336,
                167
            ]
        ]
    }
}