{
  "accuracy": 0.6332335329341318,
  "f1": 0.6718175929495078,
  "precision": 0.7599622963550281,
  "recall": 0.6332335329341318
}