{
    "model": "LSTM_gossipcop_12_shot_roberta",
    "dataset": "gossipcop",
    "embedding": "roberta",
    "k_shot": 12,
    "training_time": 0.3746163845062256,
    "best_epoch": 0,
    "final_train_accuracy": 0.5238095238095238,
    "final_train_loss": 0.6892110109329224,
    "final_val_accuracy": 0.3333333333333333,
    "final_val_loss": 0.7089058756828308,
    "final_val_f1": 0.25,
    "test_metrics": {
        "accuracy": 0.811751497005988,
        "precision": 0.405875748502994,
        "recall": 0.5,
        "f1_score": 0.4480479239826482,
        "confusion_matrix": [
            [
                2169,
                0
            ],
            [
                503,
                0
            ]
        ]
    }
}