{
    "args": {
        "graph_path": "graphs/politifact/11_shot_distilbert_knn_6_smpf10.pt",
        "model": "GAT",
        "dropout_rate": 0.5,
        "hidden_channels": 128,
        "gat_heads": 8,
        "lr": 0.0001,
        "weight_decay": 0.0001,
        "n_epochs": 300,
        "patience": 30,
        "seed": 42,
        "output_dir": "results"
    },
    "model_name": "GAT_politifact_11_shot_distilbert_knn_6_smpf10",
    "training_history": {
        "final_train_loss": 0.3157796263694763,
        "final_train_acc": 0.8636363636363636,
        "final_val_loss": 0.6801933646202087,
        "final_val_acc": 0.6764705882352942,
        "final_val_f1": 0.6621499548328816,
        "best_val_f1": 0.7262479871175522,
        "best_epoch": 51,
        "total_epochs": 81,
        "training_time_seconds": 2.3584721088409424
    },
    "final_test_metrics": {
        "accuracy": 0.7549019607843137,
        "precision": 0.7185483870967742,
        "recall": 0.7560226735947095,
        "f1_score": 0.7262479871175522,
        "confusion_matrix": [
            [
                55,
                18
            ],
            [
                7,
                22
            ]
        ]
    }
}