{
    "args": {
        "graph_path": "graphs/gossipcop/10_shot_combined_mutual_knn_8_smpf10.pt",
        "model": "GAT",
        "dropout_rate": 0.5,
        "hidden_channels": 128,
        "gat_heads": 8,
        "lr": 0.0001,
        "weight_decay": 0.0001,
        "n_epochs": 300,
        "patience": 30,
        "seed": 42,
        "output_dir": "results"
    },
    "model_name": "GAT_gossipcop_10_shot_combined_mutual_knn_8_smpf10",
    "training_history": {
        "final_train_loss": 0.5087299346923828,
        "final_train_acc": 0.8,
        "final_val_loss": 0.6672881841659546,
        "final_val_acc": 0.6661676646706587,
        "final_val_f1": 0.5592559389081699,
        "best_val_f1": 0.5887044203354307,
        "best_epoch": 75,
        "total_epochs": 125,
        "training_time_seconds": 2.482151985168457
    },
    "final_test_metrics": {
        "accuracy": 0.7387724550898204,
        "precision": 0.32432432432432434,
        "recall": 0.35785288270377735,
        "f1_score": 0.34026465028355385,
        "confusion_matrix": [
            [
                1794,
                375
            ],
            [
                323,
                180
            ]
        ]
    }
}