{
  "accuracy": 0.7907934131736527,
  "precision": 0.6682616865563394,
  "recall": 0.6871317049294825,
  "f1_score": 0.6763256601836364
}