{
    "args": {
        "graph_path": "graphs/gossipcop/8_shot_roberta_mutual_knn_8_smpf10.pt",
        "model": "GAT",
        "dropout_rate": 0.5,
        "hidden_channels": 128,
        "gat_heads": 8,
        "lr": 0.0001,
        "weight_decay": 0.0001,
        "n_epochs": 300,
        "patience": 30,
        "seed": 42,
        "output_dir": "results"
    },
    "model_name": "GAT_gossipcop_8_shot_roberta_mutual_knn_8_smpf10",
    "training_history": {
        "final_train_loss": 0.7765722274780273,
        "final_train_acc": 0.5625,
        "final_val_loss": 0.6588230729103088,
        "final_val_acc": 0.7683383233532934,
        "final_val_f1": 0.4528254634945809,
        "best_val_f1": 0.45865887661553295,
        "best_epoch": 2,
        "total_epochs": 46,
        "training_time_seconds": 1.514801025390625
    },
    "final_test_metrics": {
        "accuracy": 0.7526197604790419,
        "precision": 0.45500809061488673,
        "recall": 0.47961149653485263,
        "f1_score": 0.45865887661553295,
        "confusion_matrix": [
            [
                1990,
                179
            ],
            [
                482,
                21
            ]
        ]
    }
}