{
    "args": {
        "graph_path": "graphs_hetero/politifact/10_shot_bert_hetero_knn_5_smpf10.pt",
        "model": "HAN",
        "target_node_type": "news",
        "dropout_rate": 0.0,
        "hidden_channels": 128,
        "hgt_han_heads": 4,
        "hgt_layers": 1,
        "lr": 0.0001,
        "weight_decay": 0.0001,
        "n_epochs": 300,
        "patience": 30,
        "seed": 42,
        "output_dir_base": "results_hetero"
    },
    "model_name": "HAN_politifact_10_shot_bert_hetero_knn_5_smpf10",
    "training_history": {
        "final_train_loss": 0.1783398687839508,
        "final_train_acc": 1.0,
        "final_val_loss": 0.6838102340698242,
        "final_val_acc": 0.7058823529411765,
        "final_val_f1": 0.6915322580645161,
        "best_val_f1": 0.7120967741935484,
        "best_epoch": 70,
        "total_epochs_run": 100,
        "training_time_seconds": 2.949669361114502
    },
    "final_test_metrics_on_target_node": {
        "accuracy": 0.7254901960784313,
        "precision": 0.7254901960784313,
        "recall": 0.7770429853566367,
        "f1_score": 0.7120967741935484,
        "confusion_matrix": [
            [
                48,
                25
            ],
            [
                3,
                26
            ]
        ]
    }
}