{
    "args": {
        "graph_path": "graphs_hetero/gossipcop/13_shot_bert_hetero_knn_5_smpf10.pt",
        "model": "HAN",
        "target_node_type": "news",
        "dropout_rate": 0.0,
        "hidden_channels": 128,
        "hgt_han_heads": 4,
        "hgt_layers": 1,
        "lr": 0.0001,
        "weight_decay": 0.0001,
        "n_epochs": 300,
        "patience": 30,
        "seed": 42,
        "output_dir_base": "results_hetero"
    },
    "model_name": "HAN_gossipcop_13_shot_bert_hetero_knn_5_smpf10",
    "training_history": {
        "final_train_loss": 0.09347794950008392,
        "final_train_acc": 1.0,
        "final_val_loss": 0.7389155626296997,
        "final_val_acc": 0.6788922155688623,
        "final_val_f1": 0.5469414373288118,
        "best_val_f1": 0.5506957248762436,
        "best_epoch": 114,
        "total_epochs_run": 144,
        "training_time_seconds": 3.205209255218506
    },
    "final_test_metrics_on_target_node": {
        "accuracy": 0.6777694610778443,
        "precision": 0.5503060135413077,
        "recall": 0.5663588776240666,
        "f1_score": 0.5506957248762436,
        "confusion_matrix": [
            [
                1616,
                553
            ],
            [
                308,
                195
            ]
        ]
    }
}