{
    "args": {
        "graph_path": "graphs/politifact/13_shot_roberta_mutual_knn_4_smpf10.pt",
        "model": "GAT",
        "dropout_rate": 0.5,
        "hidden_channels": 128,
        "gat_heads": 8,
        "lr": 0.0001,
        "weight_decay": 0.0001,
        "n_epochs": 300,
        "patience": 30,
        "seed": 42,
        "output_dir": "results"
    },
    "model_name": "GAT_politifact_13_shot_roberta_mutual_knn_4_smpf10",
    "training_history": {
        "final_train_loss": 0.4437529146671295,
        "final_train_acc": 0.7692307692307693,
        "final_val_loss": 0.5401936769485474,
        "final_val_acc": 0.7843137254901961,
        "final_val_f1": 0.7495535714285715,
        "best_val_f1": 0.803088803088803,
        "best_epoch": 290,
        "total_epochs": 300,
        "training_time_seconds": 4.289588928222656
    },
    "final_test_metrics": {
        "accuracy": 0.8431372549019608,
        "precision": 0.7407407407407407,
        "recall": 0.6896551724137931,
        "f1_score": 0.7142857142857143,
        "confusion_matrix": [
            [
                66,
                7
            ],
            [
                9,
                20
            ]
        ]
    }
}