{
    "args": {
        "graph_path": "graphs_hetero/politifact/16_shot_roberta_hetero_dual_knn_sim5_dis5_psl10.pt",
        "model": "HGT",
        "target_node_type": "news",
        "dropout_rate": 0.0,
        "hidden_channels": 128,
        "hgt_han_heads": 4,
        "hgt_layers": 1,
        "lr": 0.0001,
        "weight_decay": 0.0001,
        "n_epochs": 300,
        "patience": 30,
        "seed": 42,
        "output_dir_base": "results_hetero"
    },
    "model_name": "HGT_politifact_16_shot_roberta_hetero_dual_knn_sim5_dis5_psl10",
    "training_history": {
        "final_train_loss": 0.007373380940407515,
        "final_train_acc": 1.0,
        "final_val_loss": 0.5260312557220459,
        "final_val_acc": 0.7647058823529411,
        "final_val_f1": 0.7390191897654584,
        "best_val_f1": 0.7481481481481481,
        "best_epoch": 142,
        "total_epochs_run": 172,
        "training_time_seconds": 6.184540510177612
    },
    "final_test_metrics_on_target_node": {
        "accuracy": 0.7745098039215687,
        "precision": 0.7391129032258064,
        "recall": 0.7801133679735475,
        "f1_score": 0.7481481481481481,
        "confusion_matrix": [
            [
                56,
                17
            ],
            [
                6,
                23
            ]
        ]
    }
}