{
  "accuracy": 0.7544910179640718,
  "precision": 0.6189973093291319,
  "recall": 0.6357576074214006,
  "f1_score": 0.6255400601586
}