{
    "args": {
        "graph_path": "graphs_hetero/politifact/4_shot_roberta_hetero_knn_5_smpf10.pt",
        "model": "HAN",
        "target_node_type": "news",
        "dropout_rate": 0.0,
        "hidden_channels": 128,
        "hgt_han_heads": 4,
        "hgt_layers": 1,
        "lr": 0.0001,
        "weight_decay": 0.0001,
        "n_epochs": 300,
        "patience": 30,
        "seed": 42,
        "output_dir_base": "results_hetero"
    },
    "model_name": "HAN_politifact_4_shot_roberta_hetero_knn_5_smpf10",
    "training_history": {
        "final_train_loss": 0.14452917873859406,
        "final_train_acc": 1.0,
        "final_val_loss": 0.5482840538024902,
        "final_val_acc": 0.7352941176470589,
        "final_val_f1": 0.7211139240506329,
        "best_val_f1": 0.7778287286484007,
        "best_epoch": 74,
        "total_epochs_run": 300,
        "training_time_seconds": 6.362344741821289
    },
    "final_test_metrics_on_target_node": {
        "accuracy": 0.8137254901960784,
        "precision": 0.7709821428571428,
        "recall": 0.7867264997638167,
        "f1_score": 0.7778287286484007,
        "confusion_matrix": [
            [
                62,
                11
            ],
            [
                8,
                21
            ]
        ]
    }
}