{
    "args": {
        "graph_path": "graphs/gossipcop/8_shot_combined_knn_7_smpf10.pt",
        "model": "GAT",
        "dropout_rate": 0.5,
        "hidden_channels": 128,
        "gat_heads": 8,
        "lr": 0.0001,
        "weight_decay": 0.0001,
        "n_epochs": 300,
        "patience": 30,
        "seed": 42,
        "output_dir": "results"
    },
    "model_name": "GAT_gossipcop_8_shot_combined_knn_7_smpf10",
    "training_history": {
        "final_train_loss": 0.510678231716156,
        "final_train_acc": 0.9375,
        "final_val_loss": 0.6738681197166443,
        "final_val_acc": 0.5662425149700598,
        "final_val_f1": 0.5077604257151455,
        "best_val_f1": 0.5939169257753328,
        "best_epoch": 84,
        "total_epochs": 145,
        "training_time_seconds": 6.083028554916382
    },
    "final_test_metrics": {
        "accuracy": 0.7717065868263473,
        "precision": 0.6049122021015273,
        "recall": 0.5875709321755039,
        "f1_score": 0.5939169257753328,
        "confusion_matrix": [
            [
                1915,
                254
            ],
            [
                356,
                147
            ]
        ]
    }
}