{
    "args": {
        "graph_path": "graphs_hetero/politifact/15_shot_distilbert_hetero_knn_5_smpf10.pt",
        "model": "HGT",
        "target_node_type": "news",
        "dropout_rate": 0.0,
        "hidden_channels": 128,
        "hgt_han_heads": 4,
        "hgt_layers": 1,
        "lr": 0.0001,
        "weight_decay": 0.0001,
        "n_epochs": 300,
        "patience": 30,
        "seed": 42,
        "output_dir_base": "results_hetero"
    },
    "model_name": "HGT_politifact_15_shot_distilbert_hetero_knn_5_smpf10",
    "training_history": {
        "final_train_loss": 0.012070308439433575,
        "final_train_acc": 1.0,
        "final_val_loss": 0.8872339725494385,
        "final_val_acc": 0.7254901960784313,
        "final_val_f1": 0.7031185031185031,
        "best_val_f1": 0.7481481481481481,
        "best_epoch": 81,
        "total_epochs_run": 137,
        "training_time_seconds": 5.953951597213745
    },
    "final_test_metrics_on_target_node": {
        "accuracy": 0.7745098039215687,
        "precision": 0.7391129032258064,
        "recall": 0.7801133679735475,
        "f1_score": 0.7481481481481481,
        "confusion_matrix": [
            [
                56,
                17
            ],
            [
                6,
                23
            ]
        ]
    }
}