{
    "args": {
        "graph_path": "graphs_hetero/gossipcop/5_shot_distilbert_hetero_knn_5_smpf10.pt",
        "model": "HGT",
        "target_node_type": "news",
        "dropout_rate": 0.0,
        "hidden_channels": 128,
        "hgt_han_heads": 4,
        "hgt_layers": 1,
        "lr": 0.0001,
        "weight_decay": 0.0001,
        "n_epochs": 300,
        "patience": 30,
        "seed": 42,
        "output_dir_base": "results_hetero"
    },
    "model_name": "HGT_gossipcop_5_shot_distilbert_hetero_knn_5_smpf10",
    "training_history": {
        "final_train_loss": 0.03895023837685585,
        "final_train_acc": 1.0,
        "final_val_loss": 0.828978419303894,
        "final_val_acc": 0.5830838323353293,
        "final_val_f1": 0.5182846149265017,
        "best_val_f1": 0.5479484892549649,
        "best_epoch": 84,
        "total_epochs_run": 124,
        "training_time_seconds": 4.774478197097778
    },
    "final_test_metrics_on_target_node": {
        "accuracy": 0.6283682634730539,
        "precision": 0.5628057181211215,
        "recall": 0.5977748080443114,
        "f1_score": 0.5479484892549649,
        "confusion_matrix": [
            [
                1403,
                766
            ],
            [
                227,
                276
            ]
        ]
    }
}