{
  "accuracy": 0.48540419161676646,
  "f1": 0.5373122946838657,
  "precision": 0.7154290630286394,
  "recall": 0.48540419161676646
}