{
  "accuracy": 0.48540419161676646,
  "f1": 0.4489783828250431,
  "precision": 0.5197082071695075,
  "recall": 0.5318577241025951,
  "confusion_matrix": [
    [
      992,
      1177
    ],
    [
      198,
      305
    ]
  ]
}