{
    "args": {
        "graph_path": "graphs/politifact/16_shot_roberta_knn_6_smpf10.pt",
        "model": "GAT",
        "dropout_rate": 0.5,
        "hidden_channels": 128,
        "gat_heads": 8,
        "lr": 0.0001,
        "weight_decay": 0.0001,
        "n_epochs": 300,
        "patience": 30,
        "seed": 42,
        "output_dir": "results"
    },
    "model_name": "GAT_politifact_16_shot_roberta_knn_6_smpf10",
    "training_history": {
        "final_train_loss": 0.6117135882377625,
        "final_train_acc": 0.65625,
        "final_val_loss": 0.5881904363632202,
        "final_val_acc": 0.7843137254901961,
        "final_val_f1": 0.6701940035273368,
        "best_val_f1": 0.6890243902439024,
        "best_epoch": 52,
        "total_epochs": 104,
        "training_time_seconds": 2.0012259483337402
    },
    "final_test_metrics": {
        "accuracy": 0.803921568627451,
        "precision": 0.9090909090909091,
        "recall": 0.3448275862068966,
        "f1_score": 0.5,
        "confusion_matrix": [
            [
                72,
                1
            ],
            [
                19,
                10
            ]
        ]
    }
}