{
    "args": {
        "graph_path": "graphs/politifact/5_shot_combined_mutual_knn_6_smpf10.pt",
        "model": "GAT",
        "dropout_rate": 0.5,
        "hidden_channels": 128,
        "gat_heads": 8,
        "lr": 0.0001,
        "weight_decay": 0.0001,
        "n_epochs": 300,
        "patience": 30,
        "seed": 42,
        "output_dir": "results"
    },
    "model_name": "GAT_politifact_5_shot_combined_mutual_knn_6_smpf10",
    "training_history": {
        "final_train_loss": 0.48090657591819763,
        "final_train_acc": 0.7,
        "final_val_loss": 0.592051088809967,
        "final_val_acc": 0.7156862745098039,
        "final_val_f1": 0.7031014754591991,
        "best_val_f1": 0.7760117118059187,
        "best_epoch": 215,
        "total_epochs": 259,
        "training_time_seconds": 4.3800342082977295
    },
    "final_test_metrics": {
        "accuracy": 0.7941176470588235,
        "precision": 0.5909090909090909,
        "recall": 0.896551724137931,
        "f1_score": 0.7123287671232876,
        "confusion_matrix": [
            [
                55,
                18
            ],
            [
                3,
                26
            ]
        ]
    }
}