{
    "args": {
        "graph_path": "graphs/politifact/11_shot_roberta_knn_6_psl10.pt",
        "model": "GAT",
        "dropout_rate": 0.5,
        "hidden_channels": 128,
        "gat_heads": 8,
        "lr": 0.0001,
        "weight_decay": 0.0001,
        "n_epochs": 300,
        "patience": 30,
        "seed": 42,
        "output_dir": "results"
    },
    "model_name": "GAT_politifact_11_shot_roberta_knn_6_psl10",
    "training_history": {
        "final_train_loss": 0.19310931861400604,
        "final_train_acc": 0.9545454545454546,
        "final_val_loss": 0.48532867431640625,
        "final_val_acc": 0.7647058823529411,
        "final_val_f1": 0.7483552631578947,
        "best_val_f1": 0.7600981695469884,
        "best_epoch": 264,
        "total_epochs": 300,
        "training_time_seconds": 4.880175590515137
    },
    "final_test_metrics": {
        "accuracy": 0.7745098039215687,
        "precision": 0.7627314814814814,
        "recall": 0.8216816249409542,
        "f1_score": 0.7600981695469884,
        "confusion_matrix": [
            [
                52,
                21
            ],
            [
                2,
                27
            ]
        ]
    }
}