{
    "args": {
        "graph_path": "graphs/politifact/7_shot_roberta_knn_4.pt",
        "model": "GAT",
        "dropout_rate": 0.5,
        "hidden_channels": 128,
        "gat_heads": 8,
        "lr": 0.0001,
        "weight_decay": 0.0001,
        "n_epochs": 300,
        "patience": 30,
        "seed": 42,
        "output_dir": "results"
    },
    "model_name": "GAT_politifact_7_shot_roberta_knn_4",
    "training_history": {
        "final_train_loss": 0.38809552788734436,
        "final_train_acc": 0.9285714285714286,
        "final_val_loss": 0.5262418389320374,
        "final_val_acc": 0.7549019607843137,
        "final_val_f1": 0.6642527978933509,
        "best_val_f1": 0.7310558294164852,
        "best_epoch": 249,
        "total_epochs": 300,
        "training_time_seconds": 4.1372435092926025
    },
    "final_test_metrics": {
        "accuracy": 0.7745098039215687,
        "precision": 0.59375,
        "recall": 0.6551724137931034,
        "f1_score": 0.6229508196721312,
        "confusion_matrix": [
            [
                60,
                13
            ],
            [
                10,
                19
            ]
        ]
    }
}