{
    "args": {
        "graph_path": "graphs/gossipcop/6_shot_combined_knn_4_smpf10.pt",
        "model": "GAT",
        "dropout_rate": 0.5,
        "hidden_channels": 128,
        "gat_heads": 8,
        "lr": 0.0001,
        "weight_decay": 0.0001,
        "n_epochs": 300,
        "patience": 30,
        "seed": 42,
        "output_dir": "results"
    },
    "model_name": "GAT_gossipcop_6_shot_combined_knn_4_smpf10",
    "training_history": {
        "final_train_loss": 0.6336541175842285,
        "final_train_acc": 0.6666666666666666,
        "final_val_loss": 0.6462066769599915,
        "final_val_acc": 0.7118263473053892,
        "final_val_f1": 0.596612030428986,
        "best_val_f1": 0.6150953466931923,
        "best_epoch": 114,
        "total_epochs": 219,
        "training_time_seconds": 3.6481895446777344
    },
    "final_test_metrics": {
        "accuracy": 0.7866766467065869,
        "precision": 0.412987012987013,
        "recall": 0.31610337972166996,
        "f1_score": 0.3581081081081081,
        "confusion_matrix": [
            [
                1943,
                226
            ],
            [
                344,
                159
            ]
        ]
    }
}