{
    "args": {
        "graph_path": "graphs/politifact/4_shot_roberta_mutual_knn_4_smpf10.pt",
        "model": "GAT",
        "dropout_rate": 0.5,
        "hidden_channels": 128,
        "gat_heads": 8,
        "lr": 0.0001,
        "weight_decay": 0.0001,
        "n_epochs": 300,
        "patience": 30,
        "seed": 42,
        "output_dir": "results"
    },
    "model_name": "GAT_politifact_4_shot_roberta_mutual_knn_4_smpf10",
    "training_history": {
        "final_train_loss": 0.5366713404655457,
        "final_train_acc": 0.875,
        "final_val_loss": 0.5866039991378784,
        "final_val_acc": 0.7156862745098039,
        "final_val_f1": 0.6777426734938446,
        "best_val_f1": 0.7243243243243244,
        "best_epoch": 120,
        "total_epochs": 201,
        "training_time_seconds": 2.980618953704834
    },
    "final_test_metrics": {
        "accuracy": 0.7450980392156863,
        "precision": 0.5333333333333333,
        "recall": 0.8275862068965517,
        "f1_score": 0.6486486486486487,
        "confusion_matrix": [
            [
                52,
                21
            ],
            [
                5,
                24
            ]
        ]
    }
}