{
    "args": {
        "graph_path": "graphs/gossipcop/13_shot_roberta_mutual_knn_7_smpf10.pt",
        "model": "GAT",
        "dropout_rate": 0.5,
        "hidden_channels": 128,
        "gat_heads": 8,
        "lr": 0.0001,
        "weight_decay": 0.0001,
        "n_epochs": 300,
        "patience": 30,
        "seed": 42,
        "output_dir": "results"
    },
    "model_name": "GAT_gossipcop_13_shot_roberta_mutual_knn_7_smpf10",
    "training_history": {
        "final_train_loss": 0.6039321422576904,
        "final_train_acc": 0.5384615384615384,
        "final_val_loss": 0.663654625415802,
        "final_val_acc": 0.6044161676646707,
        "final_val_f1": 0.46136583607564097,
        "best_val_f1": 0.4910616516233411,
        "best_epoch": 88,
        "total_epochs": 118,
        "training_time_seconds": 2.319777727127075
    },
    "final_test_metrics": {
        "accuracy": 0.718188622754491,
        "precision": 0.49195986305361306,
        "recall": 0.4935252477756788,
        "f1_score": 0.4910616516233411,
        "confusion_matrix": [
            [
                1852,
                317
            ],
            [
                436,
                67
            ]
        ]
    }
}