{
    "args": {
        "graph_path": "graphs_hetero/gossipcop/3_shot_roberta_hetero_dual_knn_sim5_dis5_smpf10.pt",
        "model": "HAN",
        "target_node_type": "news",
        "dropout_rate": 0.0,
        "hidden_channels": 128,
        "hgt_han_heads": 4,
        "hgt_layers": 1,
        "lr": 0.0001,
        "weight_decay": 0.0001,
        "n_epochs": 300,
        "patience": 30,
        "seed": 42,
        "output_dir_base": "results_hetero"
    },
    "model_name": "HAN_gossipcop_3_shot_roberta_hetero_dual_knn_sim5_dis5_smpf10",
    "training_history": {
        "final_train_loss": 0.16691340506076813,
        "final_train_acc": 1.0,
        "final_val_loss": 0.6361052989959717,
        "final_val_acc": 0.6747754491017964,
        "final_val_f1": 0.5954826531616637,
        "best_val_f1": 0.622930920304487,
        "best_epoch": 190,
        "total_epochs_run": 300,
        "training_time_seconds": 6.755218267440796
    },
    "final_test_metrics_on_target_node": {
        "accuracy": 0.7369011976047904,
        "precision": 0.6144233555491162,
        "recall": 0.6447745064880427,
        "f1_score": 0.622930920304487,
        "confusion_matrix": [
            [
                1719,
                450
            ],
            [
                253,
                250
            ]
        ]
    }
}