{
    "args": {
        "graph_path": "graphs_hetero/gossipcop/13_shot_roberta_hetero_dual_knn_sim5_dis5_smpf10_mv3.pt",
        "model": "HAN",
        "target_node_type": "news",
        "dropout_rate": 0.0,
        "hidden_channels": 128,
        "hgt_han_heads": 4,
        "hgt_layers": 1,
        "lr": 0.0001,
        "weight_decay": 0.0001,
        "n_epochs": 300,
        "patience": 30,
        "seed": 42,
        "output_dir_base": "results_hetero"
    },
    "model_name": "HAN_gossipcop_13_shot_roberta_hetero_dual_knn_sim5_dis5_smpf10_mv3",
    "training_history": {
        "final_train_loss": 0.20468004047870636,
        "final_train_acc": 1.0,
        "final_val_loss": 0.5829638838768005,
        "final_val_acc": 0.7024700598802395,
        "final_val_f1": 0.5990589141273297,
        "best_val_f1": 0.6097697425719438,
        "best_epoch": 91,
        "total_epochs_run": 300,
        "training_time_seconds": 11.335892915725708
    },
    "final_test_metrics_on_target_node": {
        "accuracy": 0.7436377245508982,
        "precision": 0.6040692610193807,
        "recall": 0.6191468065741099,
        "f1_score": 0.6097697425719438,
        "confusion_matrix": [
            [
                1776,
                393
            ],
            [
                292,
                211
            ]
        ]
    }
}