{
    "args": {
        "graph_path": "graphs/gossipcop/14_shot_bert_knn_8_smpf10.pt",
        "model": "GAT",
        "dropout_rate": 0.5,
        "hidden_channels": 128,
        "gat_heads": 8,
        "lr": 0.0001,
        "weight_decay": 0.0001,
        "n_epochs": 300,
        "patience": 30,
        "seed": 42,
        "output_dir": "results"
    },
    "model_name": "GAT_gossipcop_14_shot_bert_knn_8_smpf10",
    "training_history": {
        "final_train_loss": 0.4865114390850067,
        "final_train_acc": 0.8571428571428571,
        "final_val_loss": 0.6288362741470337,
        "final_val_acc": 0.6717814371257484,
        "final_val_f1": 0.5328946017678828,
        "best_val_f1": 0.5454205200443691,
        "best_epoch": 29,
        "total_epochs": 61,
        "training_time_seconds": 3.1910924911499023
    },
    "final_test_metrics": {
        "accuracy": 0.7473802395209581,
        "precision": 0.5527041544044631,
        "recall": 0.5428099911366289,
        "f1_score": 0.5454205200443691,
        "confusion_matrix": [
            [
                1889,
                280
            ],
            [
                395,
                108
            ]
        ]
    }
}