{
    "args": {
        "graph_path": "graphs/gossipcop/3_shot_roberta_knn_5_smpf10.pt",
        "model": "GAT",
        "dropout_rate": 0.5,
        "hidden_channels": 128,
        "gat_heads": 8,
        "lr": 0.0001,
        "weight_decay": 0.0001,
        "n_epochs": 300,
        "patience": 30,
        "seed": 42,
        "output_dir": "results"
    },
    "model_name": "GAT_gossipcop_3_shot_roberta_knn_5_smpf10",
    "training_history": {
        "final_train_loss": 0.9026649594306946,
        "final_train_acc": 0.3333333333333333,
        "final_val_loss": 0.6091157793998718,
        "final_val_acc": 0.811751497005988,
        "final_val_f1": 0.4480479239826482,
        "best_val_f1": 0.457770734855555,
        "best_epoch": 1,
        "total_epochs": 47,
        "training_time_seconds": 1.5819365978240967
    },
    "final_test_metrics": {
        "accuracy": 0.7219311377245509,
        "precision": 0.10526315789473684,
        "recall": 0.0636182902584493,
        "f1_score": 0.07930607187112763,
        "confusion_matrix": [
            [
                1897,
                272
            ],
            [
                471,
                32
            ]
        ]
    }
}