{
    "args": {
        "graph_path": "graphs/gossipcop/3_shot_roberta_knn_5_smpf10.pt",
        "model": "GAT",
        "dropout_rate": 0.5,
        "hidden_channels": 128,
        "gat_heads": 8,
        "lr": 0.0001,
        "weight_decay": 0.0001,
        "n_epochs": 300,
        "patience": 30,
        "seed": 42,
        "output_dir": "results"
    },
    "model_name": "GAT_gossipcop_3_shot_roberta_knn_5_smpf10",
    "training_history": {
        "final_train_loss": 0.5358105301856995,
        "final_train_acc": 0.6666666666666666,
        "final_val_loss": 0.6225800514221191,
        "final_val_acc": 0.7702095808383234,
        "final_val_f1": 0.5095166343785129,
        "best_val_f1": 0.5414356674318723,
        "best_epoch": 49,
        "total_epochs": 108,
        "training_time_seconds": 2.7604169845581055
    },
    "final_test_metrics": {
        "accuracy": 0.7095808383233533,
        "precision": 0.5403257204123316,
        "recall": 0.5431963314625845,
        "f1_score": 0.5414356674318723,
        "confusion_matrix": [
            [
                1757,
                412
            ],
            [
                364,
                139
            ]
        ]
    }
}