{
    "args": {
        "graph_path": "graphs_hetero/politifact/13_shot_distilbert_hetero_knn_5_smpf10.pt",
        "model": "HGT",
        "target_node_type": "news",
        "dropout_rate": 0.0,
        "hidden_channels": 128,
        "hgt_han_heads": 4,
        "hgt_layers": 1,
        "lr": 0.0001,
        "weight_decay": 0.0001,
        "n_epochs": 300,
        "patience": 30,
        "seed": 42,
        "output_dir_base": "results_hetero"
    },
    "model_name": "HGT_politifact_13_shot_distilbert_hetero_knn_5_smpf10",
    "training_history": {
        "final_train_loss": 0.010146697983145714,
        "final_train_acc": 1.0,
        "final_val_loss": 0.8109610080718994,
        "final_val_acc": 0.7450980392156863,
        "final_val_f1": 0.7209595959595959,
        "best_val_f1": 0.7424242424242424,
        "best_epoch": 76,
        "total_epochs_run": 138,
        "training_time_seconds": 5.669173002243042
    },
    "final_test_metrics_on_target_node": {
        "accuracy": 0.7647058823529411,
        "precision": 0.7366968860859282,
        "recall": 0.783656117146906,
        "f1_score": 0.7424242424242424,
        "confusion_matrix": [
            [
                54,
                19
            ],
            [
                5,
                24
            ]
        ]
    }
}