{
    "args": {
        "graph_path": "graphs/politifact/7_shot_combined_knn_3_smpf10.pt",
        "model": "GAT",
        "dropout_rate": 0.5,
        "hidden_channels": 128,
        "gat_heads": 8,
        "lr": 0.0001,
        "weight_decay": 0.0001,
        "n_epochs": 300,
        "patience": 30,
        "seed": 42,
        "output_dir": "results"
    },
    "model_name": "GAT_politifact_7_shot_combined_knn_3_smpf10",
    "training_history": {
        "final_train_loss": 0.6714205145835876,
        "final_train_acc": 0.6428571428571429,
        "final_val_loss": 0.6733615398406982,
        "final_val_acc": 0.5882352941176471,
        "final_val_f1": 0.5803291536050157,
        "best_val_f1": 0.7085714285714286,
        "best_epoch": 34,
        "total_epochs": 64,
        "training_time_seconds": 1.9634435176849365
    },
    "final_test_metrics": {
        "accuracy": 0.7843137254901961,
        "precision": 0.6666666666666666,
        "recall": 0.4827586206896552,
        "f1_score": 0.56,
        "confusion_matrix": [
            [
                66,
                7
            ],
            [
                15,
                14
            ]
        ]
    }
}