{
    "args": {
        "graph_path": "graphs/gossipcop/10_shot_combined_mutual_knn_7_smpf10.pt",
        "model": "GAT",
        "dropout_rate": 0.5,
        "hidden_channels": 128,
        "gat_heads": 8,
        "lr": 0.0001,
        "weight_decay": 0.0001,
        "n_epochs": 300,
        "patience": 30,
        "seed": 42,
        "output_dir": "results"
    },
    "model_name": "GAT_gossipcop_10_shot_combined_mutual_knn_7_smpf10",
    "training_history": {
        "final_train_loss": 0.6484706401824951,
        "final_train_acc": 0.65,
        "final_val_loss": 0.6536738276481628,
        "final_val_acc": 0.8053892215568862,
        "final_val_f1": 0.5295564400900907,
        "best_val_f1": 0.5359556400311638,
        "best_epoch": 16,
        "total_epochs": 68,
        "training_time_seconds": 1.625786304473877
    },
    "final_test_metrics": {
        "accuracy": 0.7174401197604791,
        "precision": 0.2469879518072289,
        "recall": 0.24453280318091453,
        "f1_score": 0.24575424575424576,
        "confusion_matrix": [
            [
                1794,
                375
            ],
            [
                380,
                123
            ]
        ]
    }
}