{
    "args": {
        "graph_path": "graphs/gossipcop/13_shot_combined_knn_4_smpf10.pt",
        "model": "GAT",
        "dropout_rate": 0.5,
        "hidden_channels": 128,
        "gat_heads": 8,
        "lr": 0.0001,
        "weight_decay": 0.0001,
        "n_epochs": 300,
        "patience": 30,
        "seed": 42,
        "output_dir": "results"
    },
    "model_name": "GAT_gossipcop_13_shot_combined_knn_4_smpf10",
    "training_history": {
        "final_train_loss": 0.737179696559906,
        "final_train_acc": 0.7692307692307693,
        "final_val_loss": 0.6913825273513794,
        "final_val_acc": 0.5209580838323353,
        "final_val_f1": 0.4780635170036509,
        "best_val_f1": 0.5455243359434976,
        "best_epoch": 101,
        "total_epochs": 131,
        "training_time_seconds": 2.3150064945220947
    },
    "final_test_metrics": {
        "accuracy": 0.7230538922155688,
        "precision": 0.2625250501002004,
        "recall": 0.26043737574552683,
        "f1_score": 0.26147704590818366,
        "confusion_matrix": [
            [
                1801,
                368
            ],
            [
                372,
                131
            ]
        ]
    }
}