{
    "args": {
        "graph_path": "graphs_hetero/politifact/15_shot_bigbird_hetero_knn_5_smpf10.pt",
        "model": "HAN",
        "target_node_type": "news",
        "dropout_rate": 0.0,
        "hidden_channels": 128,
        "hgt_han_heads": 4,
        "hgt_layers": 1,
        "lr": 0.0001,
        "weight_decay": 0.0001,
        "n_epochs": 300,
        "patience": 30,
        "seed": 42,
        "output_dir_base": "results_hetero"
    },
    "model_name": "HAN_politifact_15_shot_bigbird_hetero_knn_5_smpf10",
    "training_history": {
        "final_train_loss": 0.32856521010398865,
        "final_train_acc": 0.9,
        "final_val_loss": 0.5992030501365662,
        "final_val_acc": 0.6470588235294118,
        "final_val_f1": 0.622532894736842,
        "best_val_f1": 0.6640316205533596,
        "best_epoch": 4,
        "total_epochs_run": 158,
        "training_time_seconds": 3.6730093955993652
    },
    "final_test_metrics_on_target_node": {
        "accuracy": 0.7058823529411765,
        "precision": 0.6586278586278587,
        "recall": 0.680207841284837,
        "f1_score": 0.6640316205533596,
        "confusion_matrix": [
            [
                54,
                19
            ],
            [
                11,
                18
            ]
        ]
    }
}