{
    "args": {
        "graph_path": "graphs/politifact/7_shot_roberta_mutual_knn_5.pt",
        "model": "GAT",
        "dropout_rate": 0.5,
        "hidden_channels": 128,
        "gat_heads": 8,
        "lr": 0.0001,
        "weight_decay": 0.0001,
        "n_epochs": 300,
        "patience": 30,
        "seed": 42,
        "output_dir": "results"
    },
    "model_name": "GAT_politifact_7_shot_roberta_mutual_knn_5",
    "training_history": {
        "final_train_loss": 0.6450034379959106,
        "final_train_acc": 0.5,
        "final_val_loss": 0.674615740776062,
        "final_val_acc": 0.5392156862745098,
        "final_val_f1": 0.5316072300928187,
        "best_val_f1": 0.6354312354312355,
        "best_epoch": 25,
        "total_epochs": 55,
        "training_time_seconds": 1.4831476211547852
    },
    "final_test_metrics": {
        "accuracy": 0.7745098039215687,
        "precision": 0.8,
        "recall": 0.27586206896551724,
        "f1_score": 0.41025641025641024,
        "confusion_matrix": [
            [
                71,
                2
            ],
            [
                21,
                8
            ]
        ]
    }
}