{
    "args": {
        "graph_path": "graphs/politifact/4_shot_combined_mutual_knn_7.pt",
        "model": "GAT",
        "dropout_rate": 0.5,
        "hidden_channels": 128,
        "gat_heads": 8,
        "lr": 0.0001,
        "weight_decay": 0.0001,
        "n_epochs": 300,
        "patience": 30,
        "seed": 42,
        "output_dir": "results"
    },
    "model_name": "GAT_politifact_4_shot_combined_mutual_knn_7",
    "training_history": {
        "final_train_loss": 0.398379385471344,
        "final_train_acc": 1.0,
        "final_val_loss": 0.600784957408905,
        "final_val_acc": 0.7450980392156863,
        "final_val_f1": 0.7243243243243244,
        "best_val_f1": 0.7444166031158078,
        "best_epoch": 150,
        "total_epochs": 180,
        "training_time_seconds": 3.276686191558838
    },
    "final_test_metrics": {
        "accuracy": 0.7745098039215687,
        "precision": 0.5789473684210527,
        "recall": 0.7586206896551724,
        "f1_score": 0.6567164179104478,
        "confusion_matrix": [
            [
                57,
                16
            ],
            [
                7,
                22
            ]
        ]
    }
}