{
    "model": "MLP_politifact_7_shot_roberta",
    "dataset": "politifact",
    "embedding": "roberta",
    "k_shot": 7,
    "training_time": 0.5613784790039062,
    "best_epoch": 0,
    "final_train_accuracy": 0.5833333333333334,
    "final_train_loss": 0.6152787208557129,
    "final_val_accuracy": 0.0,
    "final_val_loss": 0.8636852502822876,
    "final_val_f1": 0.0,
    "test_metrics": {
        "accuracy": 0.7156862745098039,
        "precision": 0.35784313725490197,
        "recall": 0.5,
        "f1_score": 0.41714285714285715,
        "confusion_matrix": [
            [
                73,
                0
            ],
            [
                29,
                0
            ]
        ]
    }
}