{
    "args": {
        "graph_path": "graphs_hetero/politifact/11_shot_bert_hetero_knn_5_smpf10.pt",
        "model": "HAN",
        "target_node_type": "news",
        "dropout_rate": 0.0,
        "hidden_channels": 128,
        "hgt_han_heads": 4,
        "hgt_layers": 1,
        "lr": 0.0001,
        "weight_decay": 0.0001,
        "n_epochs": 300,
        "patience": 30,
        "seed": 42,
        "output_dir_base": "results_hetero"
    },
    "model_name": "HAN_politifact_11_shot_bert_hetero_knn_5_smpf10",
    "training_history": {
        "final_train_loss": 0.05485334247350693,
        "final_train_acc": 1.0,
        "final_val_loss": 0.835382878780365,
        "final_val_acc": 0.696078431372549,
        "final_val_f1": 0.6826257151460403,
        "best_val_f1": 0.6941223510595762,
        "best_epoch": 112,
        "total_epochs_run": 142,
        "training_time_seconds": 6.54611873626709
    },
    "final_test_metrics_on_target_node": {
        "accuracy": 0.7058823529411765,
        "precision": 0.7146707739699654,
        "recall": 0.7633443552196504,
        "f1_score": 0.6941223510595762,
        "confusion_matrix": [
            [
                46,
                27
            ],
            [
                3,
                26
            ]
        ]
    }
}