{
    "args": {
        "graph_path": "graphs/gossipcop/13_shot_roberta_mutual_knn_3_smpf10.pt",
        "model": "GAT",
        "dropout_rate": 0.5,
        "hidden_channels": 128,
        "gat_heads": 8,
        "lr": 0.0001,
        "weight_decay": 0.0001,
        "n_epochs": 300,
        "patience": 30,
        "seed": 42,
        "output_dir": "results"
    },
    "model_name": "GAT_gossipcop_13_shot_roberta_mutual_knn_3_smpf10",
    "training_history": {
        "final_train_loss": 0.5906857848167419,
        "final_train_acc": 0.5769230769230769,
        "final_val_loss": 0.6940648555755615,
        "final_val_acc": 0.5160928143712575,
        "final_val_f1": 0.4533875880282108,
        "best_val_f1": 0.5066424424683792,
        "best_epoch": 119,
        "total_epochs": 157,
        "training_time_seconds": 9.333669424057007
    },
    "final_test_metrics": {
        "accuracy": 0.7290419161676647,
        "precision": 0.5099370193005369,
        "recall": 0.5078455041993315,
        "f1_score": 0.5066424424683792,
        "confusion_matrix": [
            [
                1871,
                298
            ],
            [
                426,
                77
            ]
        ]
    }
}