{
    "args": {
        "graph_path": "graphs/politifact/6_shot_bert_knn_8_smpf10.pt",
        "model": "GAT",
        "dropout_rate": 0.5,
        "hidden_channels": 128,
        "gat_heads": 8,
        "lr": 0.0001,
        "weight_decay": 0.0001,
        "n_epochs": 300,
        "patience": 30,
        "seed": 42,
        "output_dir": "results"
    },
    "model_name": "GAT_politifact_6_shot_bert_knn_8_smpf10",
    "training_history": {
        "final_train_loss": 0.16152161359786987,
        "final_train_acc": 0.9166666666666666,
        "final_val_loss": 0.7894716262817383,
        "final_val_acc": 0.7254901960784313,
        "final_val_f1": 0.6994949494949495,
        "best_val_f1": 0.7364341085271318,
        "best_epoch": 98,
        "total_epochs": 139,
        "training_time_seconds": 5.119957685470581
    },
    "final_test_metrics": {
        "accuracy": 0.7549019607843137,
        "precision": 0.7360248447204969,
        "recall": 0.7871988663202645,
        "f1_score": 0.7364341085271318,
        "confusion_matrix": [
            [
                52,
                21
            ],
            [
                4,
                25
            ]
        ]
    }
}