{
    "args": {
        "graph_path": "graphs/politifact/7_shot_distilbert_knn_7_smpf10.pt",
        "model": "GAT",
        "dropout_rate": 0.5,
        "hidden_channels": 128,
        "gat_heads": 8,
        "lr": 0.0001,
        "weight_decay": 0.0001,
        "n_epochs": 300,
        "patience": 30,
        "seed": 42,
        "output_dir": "results"
    },
    "model_name": "GAT_politifact_7_shot_distilbert_knn_7_smpf10",
    "training_history": {
        "final_train_loss": 0.2651362717151642,
        "final_train_acc": 0.9285714285714286,
        "final_val_loss": 0.7879547476768494,
        "final_val_acc": 0.7156862745098039,
        "final_val_f1": 0.7004556962025317,
        "best_val_f1": 0.7273848684210527,
        "best_epoch": 106,
        "total_epochs": 136,
        "training_time_seconds": 3.263792037963867
    },
    "final_test_metrics": {
        "accuracy": 0.7450980392156863,
        "precision": 0.7295938104448743,
        "recall": 0.7803495512517713,
        "f1_score": 0.7273848684210527,
        "confusion_matrix": [
            [
                51,
                22
            ],
            [
                4,
                25
            ]
        ]
    }
}