{
    "args": {
        "graph_path": "graphs/politifact/12_shot_combined_knn_6.pt",
        "model": "GAT",
        "dropout_rate": 0.5,
        "hidden_channels": 128,
        "gat_heads": 8,
        "lr": 0.0001,
        "weight_decay": 0.0001,
        "n_epochs": 300,
        "patience": 30,
        "seed": 42,
        "output_dir": "results"
    },
    "model_name": "GAT_politifact_12_shot_combined_knn_6",
    "training_history": {
        "final_train_loss": 0.4874899685382843,
        "final_train_acc": 0.875,
        "final_val_loss": 0.5880094170570374,
        "final_val_acc": 0.7450980392156863,
        "final_val_f1": 0.71727078891258,
        "best_val_f1": 0.7635143380109823,
        "best_epoch": 165,
        "total_epochs": 237,
        "training_time_seconds": 3.4864940643310547
    },
    "final_test_metrics": {
        "accuracy": 0.8137254901960784,
        "precision": 0.6923076923076923,
        "recall": 0.6206896551724138,
        "f1_score": 0.6545454545454545,
        "confusion_matrix": [
            [
                65,
                8
            ],
            [
                11,
                18
            ]
        ]
    }
}