{
    "args": {
        "graph_path": "graphs/politifact/3_shot_combined_mutual_knn_5.pt",
        "model": "GAT",
        "dropout_rate": 0.5,
        "hidden_channels": 128,
        "gat_heads": 8,
        "lr": 0.0001,
        "weight_decay": 0.0001,
        "n_epochs": 300,
        "patience": 30,
        "seed": 42,
        "output_dir": "results"
    },
    "model_name": "GAT_politifact_3_shot_combined_mutual_knn_5",
    "training_history": {
        "final_train_loss": 0.5628243684768677,
        "final_train_acc": 0.8333333333333334,
        "final_val_loss": 0.5984912514686584,
        "final_val_acc": 0.7058823529411765,
        "final_val_f1": 0.678030303030303,
        "best_val_f1": 0.7064144736842105,
        "best_epoch": 113,
        "total_epochs": 171,
        "training_time_seconds": 2.782686948776245
    },
    "final_test_metrics": {
        "accuracy": 0.7254901960784313,
        "precision": 0.5106382978723404,
        "recall": 0.8275862068965517,
        "f1_score": 0.631578947368421,
        "confusion_matrix": [
            [
                50,
                23
            ],
            [
                5,
                24
            ]
        ]
    }
}