{
    "args": {
        "graph_path": "graphs/gossipcop/13_shot_roberta_knn_4_smpf10.pt",
        "model": "GAT",
        "dropout_rate": 0.5,
        "hidden_channels": 128,
        "gat_heads": 8,
        "lr": 0.0001,
        "weight_decay": 0.0001,
        "n_epochs": 300,
        "patience": 30,
        "seed": 42,
        "output_dir": "results"
    },
    "model_name": "GAT_gossipcop_13_shot_roberta_knn_4_smpf10",
    "training_history": {
        "final_train_loss": 0.5968902111053467,
        "final_train_acc": 0.5769230769230769,
        "final_val_loss": 0.629887580871582,
        "final_val_acc": 0.6744011976047904,
        "final_val_f1": 0.49659581102853284,
        "best_val_f1": 0.5003187858360665,
        "best_epoch": 137,
        "total_epochs": 203,
        "training_time_seconds": 3.1396095752716064
    },
    "final_test_metrics": {
        "accuracy": 0.7440119760479041,
        "precision": 0.20132013201320131,
        "recall": 0.12127236580516898,
        "f1_score": 0.1513647642679901,
        "confusion_matrix": [
            [
                1927,
                242
            ],
            [
                442,
                61
            ]
        ]
    }
}