{
    "model": "MLP_politifact_3_shot_bert",
    "dataset": "politifact",
    "embedding": "bert",
    "k_shot": 3,
    "training_time": 0.43149256706237793,
    "best_epoch": 0,
    "final_train_accuracy": 1.0,
    "final_train_loss": 0.09535804390907288,
    "final_val_accuracy": 0.0,
    "final_val_loss": 1.2086529731750488,
    "final_val_f1": 0.0,
    "test_metrics": {
        "accuracy": 0.6666666666666666,
        "precision": 0.5608465608465608,
        "recall": 0.5488899385923476,
        "f1_score": 0.5496103896103897,
        "confusion_matrix": [
            [
                60,
                13
            ],
            [
                21,
                8
            ]
        ]
    }
}