{
    "args": {
        "graph_path": "graphs_hetero/gossipcop/13_shot_roberta_hetero_knn_5_smpf10.pt",
        "model": "HGT",
        "target_node_type": "news",
        "dropout_rate": 0.0,
        "hidden_channels": 128,
        "hgt_han_heads": 4,
        "hgt_layers": 1,
        "lr": 0.0001,
        "weight_decay": 0.0001,
        "n_epochs": 300,
        "patience": 30,
        "seed": 42,
        "output_dir_base": "results_hetero"
    },
    "model_name": "HGT_gossipcop_13_shot_roberta_hetero_knn_5_smpf10",
    "training_history": {
        "final_train_loss": 0.0214951541274786,
        "final_train_acc": 1.0,
        "final_val_loss": 0.6356026530265808,
        "final_val_acc": 0.688248502994012,
        "final_val_f1": 0.5865912054679465,
        "best_val_f1": 0.5874501535987904,
        "best_epoch": 134,
        "total_epochs_run": 170,
        "training_time_seconds": 6.081552267074585
    },
    "final_test_metrics_on_target_node": {
        "accuracy": 0.6852544910179641,
        "precision": 0.5866852463036569,
        "recall": 0.6244153337237983,
        "f1_score": 0.5874501535987904,
        "confusion_matrix": [
            [
                1566,
                603
            ],
            [
                238,
                265
            ]
        ]
    }
}