{
    "args": {
        "graph_path": "graphs_hetero/gossipcop/13_shot_roberta_hetero_knn_5_smpf10.pt",
        "model": "HGT",
        "target_node_type": "news",
        "dropout_rate": 0.0,
        "hidden_channels": 128,
        "hgt_han_heads": 4,
        "hgt_layers": 1,
        "lr": 0.0001,
        "weight_decay": 0.0001,
        "n_epochs": 300,
        "patience": 30,
        "seed": 42,
        "output_dir_base": "results_hetero"
    },
    "model_name": "HGT_gossipcop_13_shot_roberta_hetero_knn_5_smpf10",
    "training_history": {
        "final_train_loss": 0.02177489921450615,
        "final_train_acc": 1.0,
        "final_val_loss": 0.6342287063598633,
        "final_val_acc": 0.688622754491018,
        "final_val_f1": 0.5868840809706488,
        "best_val_f1": 0.5908183632734532,
        "best_epoch": 136,
        "total_epochs_run": 168,
        "training_time_seconds": 6.811305046081543
    },
    "final_test_metrics_on_target_node": {
        "accuracy": 0.6931137724550899,
        "precision": 0.5882496554902548,
        "recall": 0.6239116705942309,
        "f1_score": 0.5908183632734532,
        "confusion_matrix": [
            [
                1594,
                575
            ],
            [
                245,
                258
            ]
        ]
    }
}