{
    "args": {
        "graph_path": "graphs_hetero/politifact/10_shot_roberta_hetero_dual_knn_sim5_dis5_psl10.pt",
        "model": "HGT",
        "target_node_type": "news",
        "dropout_rate": 0.0,
        "hidden_channels": 128,
        "hgt_han_heads": 4,
        "hgt_layers": 1,
        "lr": 0.0001,
        "weight_decay": 0.0001,
        "n_epochs": 300,
        "patience": 30,
        "seed": 42,
        "output_dir_base": "results_hetero"
    },
    "model_name": "HGT_politifact_10_shot_roberta_hetero_dual_knn_sim5_dis5_psl10",
    "training_history": {
        "final_train_loss": 0.0034035458229482174,
        "final_train_acc": 1.0,
        "final_val_loss": 0.41346898674964905,
        "final_val_acc": 0.8137254901960784,
        "final_val_f1": 0.7888658895304499,
        "best_val_f1": 0.7919484702093398,
        "best_epoch": 135,
        "total_epochs_run": 175,
        "training_time_seconds": 5.653670787811279
    },
    "final_test_metrics_on_target_node": {
        "accuracy": 0.8137254901960784,
        "precision": 0.780241935483871,
        "recall": 0.8282947567312233,
        "f1_score": 0.7919484702093398,
        "confusion_matrix": [
            [
                58,
                15
            ],
            [
                4,
                25
            ]
        ]
    }
}