{
    "args": {
        "graph_path": "graphs/gossipcop/12_shot_roberta_knn_3_smpf10.pt",
        "model": "GAT",
        "dropout_rate": 0.5,
        "hidden_channels": 128,
        "gat_heads": 8,
        "lr": 0.0001,
        "weight_decay": 0.0001,
        "n_epochs": 300,
        "patience": 30,
        "seed": 42,
        "output_dir": "results"
    },
    "model_name": "GAT_gossipcop_12_shot_roberta_knn_3_smpf10",
    "training_history": {
        "final_train_loss": 0.7220901846885681,
        "final_train_acc": 0.5833333333333334,
        "final_val_loss": 0.5974611639976501,
        "final_val_acc": 0.811751497005988,
        "final_val_f1": 0.4480479239826482,
        "best_val_f1": 0.451543108422998,
        "best_epoch": 1,
        "total_epochs": 39,
        "training_time_seconds": 1.3683910369873047
    },
    "final_test_metrics": {
        "accuracy": 0.7896706586826348,
        "precision": 0.08450704225352113,
        "recall": 0.011928429423459244,
        "f1_score": 0.020905923344947737,
        "confusion_matrix": [
            [
                2104,
                65
            ],
            [
                497,
                6
            ]
        ]
    }
}