{
    "args": {
        "graph_path": "graphs/politifact/8_shot_roberta_quantile_98.0.pt",
        "model": "GAT",
        "dropout_rate": 0.5,
        "hidden_channels": 128,
        "gat_heads": 8,
        "lr": 0.0001,
        "weight_decay": 0.0001,
        "n_epochs": 300,
        "patience": 30,
        "seed": 42,
        "output_dir": "results"
    },
    "model_name": "GAT_politifact_8_shot_roberta_quantile_98.0",
    "training_history": {
        "final_train_loss": 0.5013650059700012,
        "final_train_acc": 0.9375,
        "final_val_loss": 0.612140417098999,
        "final_val_acc": 0.7156862745098039,
        "final_val_f1": 0.672606530160487,
        "best_val_f1": 0.7291404612159329,
        "best_epoch": 84,
        "total_epochs": 114,
        "training_time_seconds": 2.249263048171997
    },
    "final_test_metrics": {
        "accuracy": 0.8137254901960784,
        "precision": 0.8125,
        "recall": 0.4482758620689655,
        "f1_score": 0.5777777777777777,
        "confusion_matrix": [
            [
                70,
                3
            ],
            [
                16,
                13
            ]
        ]
    }
}