{
    "args": {
        "graph_path": "graphs/politifact/11_shot_distilbert_knn_8_smpf10.pt",
        "model": "GAT",
        "dropout_rate": 0.5,
        "hidden_channels": 128,
        "gat_heads": 8,
        "lr": 0.0001,
        "weight_decay": 0.0001,
        "n_epochs": 300,
        "patience": 30,
        "seed": 42,
        "output_dir": "results"
    },
    "model_name": "GAT_politifact_11_shot_distilbert_knn_8_smpf10",
    "training_history": {
        "final_train_loss": 0.37575843930244446,
        "final_train_acc": 0.9545454545454546,
        "final_val_loss": 0.593952476978302,
        "final_val_acc": 0.7450980392156863,
        "final_val_f1": 0.71727078891258,
        "best_val_f1": 0.7221919599084867,
        "best_epoch": 54,
        "total_epochs": 84,
        "training_time_seconds": 2.426774740219116
    },
    "final_test_metrics": {
        "accuracy": 0.7549019607843137,
        "precision": 0.7138157894736843,
        "recall": 0.7456306093528577,
        "f1_score": 0.7221919599084867,
        "confusion_matrix": [
            [
                56,
                17
            ],
            [
                8,
                21
            ]
        ]
    }
}