{
    "args": {
        "graph_path": "graphs/politifact/9_shot_roberta_knn_7_smpf10.pt",
        "model": "GAT",
        "dropout_rate": 0.5,
        "hidden_channels": 128,
        "gat_heads": 8,
        "lr": 0.0001,
        "weight_decay": 0.0001,
        "n_epochs": 300,
        "patience": 30,
        "seed": 42,
        "output_dir": "results"
    },
    "model_name": "GAT_politifact_9_shot_roberta_knn_7_smpf10",
    "training_history": {
        "final_train_loss": 0.42126601934432983,
        "final_train_acc": 0.9444444444444444,
        "final_val_loss": 0.5805814862251282,
        "final_val_acc": 0.696078431372549,
        "final_val_f1": 0.6731782945736434,
        "best_val_f1": 0.722962962962963,
        "best_epoch": 107,
        "total_epochs": 141,
        "training_time_seconds": 5.413539171218872
    },
    "final_test_metrics": {
        "accuracy": 0.7843137254901961,
        "precision": 0.7355844155844156,
        "recall": 0.7142182333490789,
        "f1_score": 0.722962962962963,
        "confusion_matrix": [
            [
                64,
                9
            ],
            [
                13,
                16
            ]
        ]
    }
}