{
    "args": {
        "graph_path": "graphs_hetero/gossipcop/9_shot_roberta_hetero_dual_knn_sim5_dis5_smpf10.pt",
        "model": "HAN",
        "target_node_type": "news",
        "dropout_rate": 0.0,
        "hidden_channels": 128,
        "hgt_han_heads": 4,
        "hgt_layers": 1,
        "lr": 0.0001,
        "weight_decay": 0.0001,
        "n_epochs": 300,
        "patience": 30,
        "seed": 42,
        "output_dir_base": "results_hetero"
    },
    "model_name": "HAN_gossipcop_9_shot_roberta_hetero_dual_knn_sim5_dis5_smpf10",
    "training_history": {
        "final_train_loss": 0.21975953876972198,
        "final_train_acc": 1.0,
        "final_val_loss": 0.5680696964263916,
        "final_val_acc": 0.7369011976047904,
        "final_val_f1": 0.6026849839512244,
        "best_val_f1": 0.6056450965006778,
        "best_epoch": 136,
        "total_epochs_run": 300,
        "training_time_seconds": 8.751850843429565
    },
    "final_test_metrics_on_target_node": {
        "accuracy": 0.7848053892215568,
        "precision": 0.6240470259661836,
        "recall": 0.5964026811926963,
        "f1_score": 0.6056450965006778,
        "confusion_matrix": [
            [
                1949,
                220
            ],
            [
                355,
                148
            ]
        ]
    }
}