{
    "args": {
        "graph_path": "graphs_hetero/gossipcop/7_shot_roberta_hetero_knn_5_psl10.pt",
        "model": "HAN",
        "target_node_type": "news",
        "dropout_rate": 0.0,
        "hidden_channels": 128,
        "hgt_han_heads": 4,
        "hgt_layers": 1,
        "lr": 0.0001,
        "weight_decay": 0.0001,
        "n_epochs": 300,
        "patience": 30,
        "seed": 42,
        "output_dir_base": "results_hetero"
    },
    "model_name": "HAN_gossipcop_7_shot_roberta_hetero_knn_5_psl10",
    "training_history": {
        "final_train_loss": 0.18968795239925385,
        "final_train_acc": 1.0,
        "final_val_loss": 0.6018258929252625,
        "final_val_acc": 0.6972305389221557,
        "final_val_f1": 0.6053992077126531,
        "best_val_f1": 0.6163863895695767,
        "best_epoch": 67,
        "total_epochs_run": 300,
        "training_time_seconds": 5.176867961883545
    },
    "final_test_metrics_on_target_node": {
        "accuracy": 0.7702095808383234,
        "precision": 0.6189309608744861,
        "recall": 0.6141353813495238,
        "f1_score": 0.6163863895695767,
        "confusion_matrix": [
            [
                1875,
                294
            ],
            [
                320,
                183
            ]
        ]
    }
}