{
    "args": {
        "graph_path": "graphs_hetero/politifact/9_shot_roberta_hetero_knn_5_smpf10.pt",
        "model": "HGT",
        "target_node_type": "news",
        "dropout_rate": 0.0,
        "hidden_channels": 128,
        "hgt_han_heads": 4,
        "hgt_layers": 1,
        "lr": 0.0001,
        "weight_decay": 0.0001,
        "n_epochs": 300,
        "patience": 30,
        "seed": 42,
        "output_dir_base": "results_hetero"
    },
    "model_name": "HGT_politifact_9_shot_roberta_hetero_knn_5_smpf10",
    "training_history": {
        "final_train_loss": 0.003101432230323553,
        "final_train_acc": 1.0,
        "final_val_loss": 0.5227137804031372,
        "final_val_acc": 0.7745098039215687,
        "final_val_f1": 0.7546794938826729,
        "best_val_f1": 0.7667359667359668,
        "best_epoch": 168,
        "total_epochs_run": 198,
        "training_time_seconds": 5.172281980514526
    },
    "final_test_metrics_on_target_node": {
        "accuracy": 0.7843137254901961,
        "precision": 0.7625730994152047,
        "recall": 0.8181388757675956,
        "f1_score": 0.7667359667359668,
        "confusion_matrix": [
            [
                54,
                19
            ],
            [
                3,
                26
            ]
        ]
    }
}