{
    "args": {
        "graph_path": "graphs/politifact/8_shot_combined_mutual_knn_5_smpf10.pt",
        "model": "GAT",
        "dropout_rate": 0.5,
        "hidden_channels": 128,
        "gat_heads": 8,
        "lr": 0.0001,
        "weight_decay": 0.0001,
        "n_epochs": 300,
        "patience": 30,
        "seed": 42,
        "output_dir": "results"
    },
    "model_name": "GAT_politifact_8_shot_combined_mutual_knn_5_smpf10",
    "training_history": {
        "final_train_loss": 0.5334769487380981,
        "final_train_acc": 0.625,
        "final_val_loss": 0.6880401372909546,
        "final_val_acc": 0.45098039215686275,
        "final_val_f1": 0.4475822050290135,
        "best_val_f1": 0.738621110433191,
        "best_epoch": 38,
        "total_epochs": 68,
        "training_time_seconds": 1.679109811782837
    },
    "final_test_metrics": {
        "accuracy": 0.7941176470588235,
        "precision": 0.6538461538461539,
        "recall": 0.5862068965517241,
        "f1_score": 0.6181818181818182,
        "confusion_matrix": [
            [
                64,
                9
            ],
            [
                12,
                17
            ]
        ]
    }
}