{
    "args": {
        "graph_path": "graphs/gossipcop/15_shot_roberta_knn_5_smpf10.pt",
        "model": "GAT",
        "dropout_rate": 0.5,
        "hidden_channels": 128,
        "gat_heads": 8,
        "lr": 0.0001,
        "weight_decay": 0.0001,
        "n_epochs": 300,
        "patience": 30,
        "seed": 42,
        "output_dir": "results"
    },
    "model_name": "GAT_gossipcop_15_shot_roberta_knn_5_smpf10",
    "training_history": {
        "final_train_loss": 0.6948420405387878,
        "final_train_acc": 0.6666666666666666,
        "final_val_loss": 0.644416332244873,
        "final_val_acc": 0.6508233532934131,
        "final_val_f1": 0.48857404331345666,
        "best_val_f1": 0.49178787200716045,
        "best_epoch": 162,
        "total_epochs": 192,
        "training_time_seconds": 3.4751055240631104
    },
    "final_test_metrics": {
        "accuracy": 0.6946107784431138,
        "precision": 0.17463617463617465,
        "recall": 0.16699801192842942,
        "f1_score": 0.17073170731707318,
        "confusion_matrix": [
            [
                1772,
                397
            ],
            [
                419,
                84
            ]
        ]
    }
}