{
    "args": {
        "graph_path": "graphs/politifact/16_shot_combined_mutual_knn_3_smpf10.pt",
        "model": "GAT",
        "dropout_rate": 0.5,
        "hidden_channels": 128,
        "gat_heads": 8,
        "lr": 0.0001,
        "weight_decay": 0.0001,
        "n_epochs": 300,
        "patience": 30,
        "seed": 42,
        "output_dir": "results"
    },
    "model_name": "GAT_politifact_16_shot_combined_mutual_knn_3_smpf10",
    "training_history": {
        "final_train_loss": 0.5383124947547913,
        "final_train_acc": 0.78125,
        "final_val_loss": 0.5693303942680359,
        "final_val_acc": 0.8137254901960784,
        "final_val_f1": 0.7778287286484007,
        "best_val_f1": 0.7831837505904582,
        "best_epoch": 133,
        "total_epochs": 218,
        "training_time_seconds": 3.570862054824829
    },
    "final_test_metrics": {
        "accuracy": 0.8235294117647058,
        "precision": 0.6896551724137931,
        "recall": 0.6896551724137931,
        "f1_score": 0.6896551724137931,
        "confusion_matrix": [
            [
                64,
                9
            ],
            [
                9,
                20
            ]
        ]
    }
}