{
    "args": {
        "graph_path": "graphs_hetero/gossipcop/15_shot_bert_hetero_knn_5_smpf10.pt",
        "model": "HAN",
        "target_node_type": "news",
        "dropout_rate": 0.0,
        "hidden_channels": 128,
        "hgt_han_heads": 4,
        "hgt_layers": 1,
        "lr": 0.0001,
        "weight_decay": 0.0001,
        "n_epochs": 300,
        "patience": 30,
        "seed": 42,
        "output_dir_base": "results_hetero"
    },
    "model_name": "HAN_gossipcop_15_shot_bert_hetero_knn_5_smpf10",
    "training_history": {
        "final_train_loss": 0.20932242274284363,
        "final_train_acc": 1.0,
        "final_val_loss": 0.6656915545463562,
        "final_val_acc": 0.6455838323353293,
        "final_val_f1": 0.5406697035953932,
        "best_val_f1": 0.541231883714841,
        "best_epoch": 83,
        "total_epochs_run": 119,
        "training_time_seconds": 3.2291829586029053
    },
    "final_test_metrics_on_target_node": {
        "accuracy": 0.6336077844311377,
        "precision": 0.5521139472058343,
        "recall": 0.5788601722995361,
        "f1_score": 0.541231883714841,
        "confusion_matrix": [
            [
                1446,
                723
            ],
            [
                256,
                247
            ]
        ]
    }
}