{
    "args": {
        "graph_path": "graphs/politifact/14_shot_combined_knn_5_smpf10.pt",
        "model": "GAT",
        "dropout_rate": 0.5,
        "hidden_channels": 128,
        "gat_heads": 8,
        "lr": 0.0001,
        "weight_decay": 0.0001,
        "n_epochs": 300,
        "patience": 30,
        "seed": 42,
        "output_dir": "results"
    },
    "model_name": "GAT_politifact_14_shot_combined_knn_5_smpf10",
    "training_history": {
        "final_train_loss": 0.3874270021915436,
        "final_train_acc": 0.8571428571428571,
        "final_val_loss": 0.48559895157814026,
        "final_val_acc": 0.7843137254901961,
        "final_val_f1": 0.745115856428896,
        "best_val_f1": 0.7723214285714286,
        "best_epoch": 248,
        "total_epochs": 300,
        "training_time_seconds": 9.846384763717651
    },
    "final_test_metrics": {
        "accuracy": 0.803921568627451,
        "precision": 0.762046908315565,
        "recall": 0.7902692489371752,
        "f1_score": 0.7723214285714286,
        "confusion_matrix": [
            [
                60,
                13
            ],
            [
                7,
                22
            ]
        ]
    }
}