{
    "args": {
        "graph_path": "graphs/gossipcop/3_shot_roberta_knn_4_smpf10.pt",
        "model": "GAT",
        "dropout_rate": 0.5,
        "hidden_channels": 128,
        "gat_heads": 8,
        "lr": 0.0001,
        "weight_decay": 0.0001,
        "n_epochs": 300,
        "patience": 30,
        "seed": 42,
        "output_dir": "results"
    },
    "model_name": "GAT_gossipcop_3_shot_roberta_knn_4_smpf10",
    "training_history": {
        "final_train_loss": 0.42059969902038574,
        "final_train_acc": 0.8333333333333334,
        "final_val_loss": 0.6239241361618042,
        "final_val_acc": 0.7406437125748503,
        "final_val_f1": 0.5299146015181783,
        "best_val_f1": 0.5767028039857216,
        "best_epoch": 106,
        "total_epochs": 193,
        "training_time_seconds": 3.1355514526367188
    },
    "final_test_metrics": {
        "accuracy": 0.7133233532934131,
        "precision": 0.2980030721966206,
        "recall": 0.3856858846918489,
        "f1_score": 0.3362218370883882,
        "confusion_matrix": [
            [
                1712,
                457
            ],
            [
                309,
                194
            ]
        ]
    }
}