{
    "args": {
        "graph_path": "graphs/politifact/9_shot_roberta_mutual_knn_5.pt",
        "model": "GAT",
        "dropout_rate": 0.5,
        "hidden_channels": 128,
        "gat_heads": 8,
        "lr": 0.0001,
        "weight_decay": 0.0001,
        "n_epochs": 300,
        "patience": 30,
        "seed": 42,
        "output_dir": "results"
    },
    "model_name": "GAT_politifact_9_shot_roberta_mutual_knn_5",
    "training_history": {
        "final_train_loss": 0.7012767791748047,
        "final_train_acc": 0.6666666666666666,
        "final_val_loss": 0.6720402836799622,
        "final_val_acc": 0.5784313725490197,
        "final_val_f1": 0.5663865546218487,
        "best_val_f1": 0.6436058700209644,
        "best_epoch": 24,
        "total_epochs": 54,
        "training_time_seconds": 1.6041343212127686
    },
    "final_test_metrics": {
        "accuracy": 0.7549019607843137,
        "precision": 0.625,
        "recall": 0.3448275862068966,
        "f1_score": 0.4444444444444444,
        "confusion_matrix": [
            [
                67,
                6
            ],
            [
                19,
                10
            ]
        ]
    }
}