{
    "args": {
        "graph_path": "graphs_hetero/politifact/16_shot_roberta_hetero_knn_5_smpf10.pt",
        "model": "HGT",
        "target_node_type": "news",
        "dropout_rate": 0.0,
        "hidden_channels": 128,
        "hgt_han_heads": 4,
        "hgt_layers": 1,
        "lr": 0.0001,
        "weight_decay": 0.0001,
        "n_epochs": 300,
        "patience": 30,
        "seed": 42,
        "output_dir_base": "results_hetero"
    },
    "model_name": "HGT_politifact_16_shot_roberta_hetero_knn_5_smpf10",
    "training_history": {
        "final_train_loss": 0.00986484345048666,
        "final_train_acc": 1.0,
        "final_val_loss": 0.5091909766197205,
        "final_val_acc": 0.7647058823529411,
        "final_val_f1": 0.7390191897654584,
        "best_val_f1": 0.7733333333333333,
        "best_epoch": 45,
        "total_epochs_run": 171,
        "training_time_seconds": 7.307132005691528
    },
    "final_test_metrics_on_target_node": {
        "accuracy": 0.8235294117647058,
        "precision": 0.7885714285714285,
        "recall": 0.7623996221067548,
        "f1_score": 0.7733333333333333,
        "confusion_matrix": [
            [
                66,
                7
            ],
            [
                11,
                18
            ]
        ]
    }
}