{
    "args": {
        "graph_path": "graphs/politifact/11_shot_roberta_mutual_knn_8.pt",
        "model": "GAT",
        "dropout_rate": 0.5,
        "hidden_channels": 128,
        "gat_heads": 8,
        "lr": 0.0001,
        "weight_decay": 0.0001,
        "n_epochs": 300,
        "patience": 30,
        "seed": 42,
        "output_dir": "results"
    },
    "model_name": "GAT_politifact_11_shot_roberta_mutual_knn_8",
    "training_history": {
        "final_train_loss": 0.34970471262931824,
        "final_train_acc": 0.8636363636363636,
        "final_val_loss": 0.5880468487739563,
        "final_val_acc": 0.7450980392156863,
        "final_val_f1": 0.7088274044795784,
        "best_val_f1": 0.7615584415584415,
        "best_epoch": 50,
        "total_epochs": 151,
        "training_time_seconds": 2.8124828338623047
    },
    "final_test_metrics": {
        "accuracy": 0.8235294117647058,
        "precision": 0.7619047619047619,
        "recall": 0.5517241379310345,
        "f1_score": 0.64,
        "confusion_matrix": [
            [
                68,
                5
            ],
            [
                13,
                16
            ]
        ]
    }
}