{
  "accuracy": 0.7352941176470589,
  "precision": 0.7233796296296297,
  "recall": 0.7735002361832781,
  "f1_score": 0.7183761120768994
}