{
    "args": {
        "graph_path": "graphs/politifact/9_shot_distilbert_knn_7_smpf10.pt",
        "model": "GAT",
        "dropout_rate": 0.5,
        "hidden_channels": 128,
        "gat_heads": 8,
        "lr": 0.0001,
        "weight_decay": 0.0001,
        "n_epochs": 300,
        "patience": 30,
        "seed": 42,
        "output_dir": "results"
    },
    "model_name": "GAT_politifact_9_shot_distilbert_knn_7_smpf10",
    "training_history": {
        "final_train_loss": 0.3164541721343994,
        "final_train_acc": 0.8888888888888888,
        "final_val_loss": 0.6885892748832703,
        "final_val_acc": 0.696078431372549,
        "final_val_f1": 0.6826257151460403,
        "best_val_f1": 0.7273848684210527,
        "best_epoch": 50,
        "total_epochs": 91,
        "training_time_seconds": 2.5946285724639893
    },
    "final_test_metrics": {
        "accuracy": 0.7450980392156863,
        "precision": 0.7295938104448743,
        "recall": 0.7803495512517713,
        "f1_score": 0.7273848684210527,
        "confusion_matrix": [
            [
                51,
                22
            ],
            [
                4,
                25
            ]
        ]
    }
}