{
  "accuracy": 0.8333333333333334,
  "precision": 0.7944444444444444,
  "recall": 0.800425129900803,
  "f1_score": 0.797311513734658
}