{
    "model": "MLP_politifact_bert_13_shot",
    "dataset": "politifact",
    "embedding": "bert",
    "k_shot": 13,
    "training_time": 0.6639688014984131,
    "best_epoch": 3,
    "final_train_accuracy": 1.0,
    "final_train_loss": 0.17809951305389404,
    "final_val_accuracy": 1.0,
    "final_val_loss": 0.33363112807273865,
    "final_val_f1": 1.0,
    "test_metrics": {
        "accuracy": 0.6372549019607843,
        "precision": 0.680952380952381,
        "recall": 0.7153991497401984,
        "f1_score": 0.6312652662432828,
        "confusion_matrix": [
            [
                39,
                34
            ],
            [
                3,
                26
            ]
        ]
    }
}