{
    "args": {
        "graph_path": "graphs_hetero/gossipcop/12_shot_roberta_hetero_dual_knn_sim5_dis5_psl10.pt",
        "model": "HGT",
        "target_node_type": "news",
        "dropout_rate": 0.0,
        "hidden_channels": 128,
        "hgt_han_heads": 4,
        "hgt_layers": 1,
        "lr": 0.0001,
        "weight_decay": 0.0001,
        "n_epochs": 300,
        "patience": 30,
        "seed": 42,
        "output_dir_base": "results_hetero"
    },
    "model_name": "HGT_gossipcop_12_shot_roberta_hetero_dual_knn_sim5_dis5_psl10",
    "training_history": {
        "final_train_loss": 0.01685354858636856,
        "final_train_acc": 1.0,
        "final_val_loss": 0.5985599160194397,
        "final_val_acc": 0.7155688622754491,
        "final_val_f1": 0.6018508352286095,
        "best_val_f1": 0.6108414015035926,
        "best_epoch": 126,
        "total_epochs_run": 172,
        "training_time_seconds": 6.414908409118652
    },
    "final_test_metrics_on_target_node": {
        "accuracy": 0.7170658682634731,
        "precision": 0.6041948952502406,
        "recall": 0.6401920427641619,
        "f1_score": 0.6108414015035926,
        "confusion_matrix": [
            [
                1656,
                513
            ],
            [
                243,
                260
            ]
        ]
    }
}