{
  "accuracy": 0.7840568862275449,
  "precision": 0.6512068723209894,
  "recall": 0.6577863386761038,
  "f1_score": 0.654303149345881
}