{
    "args": {
        "graph_path": "graphs_hetero/gossipcop/5_shot_roberta_hetero_dual_knn_sim5_dis5_smpf10.pt",
        "model": "HAN",
        "target_node_type": "news",
        "dropout_rate": 0.0,
        "hidden_channels": 128,
        "hgt_han_heads": 4,
        "hgt_layers": 1,
        "lr": 0.0001,
        "weight_decay": 0.0001,
        "n_epochs": 300,
        "patience": 30,
        "seed": 42,
        "output_dir_base": "results_hetero"
    },
    "model_name": "HAN_gossipcop_5_shot_roberta_hetero_dual_knn_sim5_dis5_smpf10",
    "training_history": {
        "final_train_loss": 0.1965506374835968,
        "final_train_acc": 1.0,
        "final_val_loss": 0.5849470496177673,
        "final_val_acc": 0.7372754491017964,
        "final_val_f1": 0.5926829268292683,
        "best_val_f1": 0.602903547731134,
        "best_epoch": 218,
        "total_epochs_run": 300,
        "training_time_seconds": 7.8778464794158936
    },
    "final_test_metrics_on_target_node": {
        "accuracy": 0.7556137724550899,
        "precision": 0.6022207754629629,
        "recall": 0.6036180336148164,
        "f1_score": 0.602903547731134,
        "confusion_matrix": [
            [
                1838,
                331
            ],
            [
                322,
                181
            ]
        ]
    }
}