{
    "args": {
        "graph_path": "graphs/politifact/9_shot_combined_knn_3_smpf10.pt",
        "model": "GAT",
        "dropout_rate": 0.5,
        "hidden_channels": 128,
        "gat_heads": 8,
        "lr": 0.0001,
        "weight_decay": 0.0001,
        "n_epochs": 300,
        "patience": 30,
        "seed": 42,
        "output_dir": "results"
    },
    "model_name": "GAT_politifact_9_shot_combined_knn_3_smpf10",
    "training_history": {
        "final_train_loss": 0.5556802749633789,
        "final_train_acc": 0.7777777777777778,
        "final_val_loss": 0.5732779502868652,
        "final_val_acc": 0.7941176470588235,
        "final_val_f1": 0.7629219701162148,
        "best_val_f1": 0.7818304626815265,
        "best_epoch": 258,
        "total_epochs": 300,
        "training_time_seconds": 4.527490854263306
    },
    "final_test_metrics": {
        "accuracy": 0.8137254901960784,
        "precision": 0.6470588235294118,
        "recall": 0.7586206896551724,
        "f1_score": 0.6984126984126984,
        "confusion_matrix": [
            [
                61,
                12
            ],
            [
                7,
                22
            ]
        ]
    }
}