{
  "accuracy": 0.3398203592814371,
  "f1": 0.34012809136712163,
  "precision": 0.7707324252289055,
  "recall": 0.3398203592814371
}