{
  "accuracy": 0.3398203592814371,
  "f1": 0.33981998941114183,
  "precision": 0.5550174306770779,
  "recall": 0.5551852554566561,
  "confusion_matrix": [
    [
      455,
      1714
    ],
    [
      50,
      453
    ]
  ]
}