{
    "args": {
        "graph_path": "graphs_hetero/gossipcop/10_shot_roberta_hetero_dual_knn_sim5_dis5_smpf10_mv3.pt",
        "model": "HAN",
        "target_node_type": "news",
        "dropout_rate": 0.0,
        "hidden_channels": 128,
        "hgt_han_heads": 4,
        "hgt_layers": 1,
        "lr": 0.0001,
        "weight_decay": 0.0001,
        "n_epochs": 300,
        "patience": 30,
        "seed": 42,
        "output_dir_base": "results_hetero"
    },
    "model_name": "HAN_gossipcop_10_shot_roberta_hetero_dual_knn_sim5_dis5_smpf10_mv3",
    "training_history": {
        "final_train_loss": 0.2120007574558258,
        "final_train_acc": 1.0,
        "final_val_loss": 0.5637384653091431,
        "final_val_acc": 0.7339071856287425,
        "final_val_f1": 0.6023222735422207,
        "best_val_f1": 0.6182315463144783,
        "best_epoch": 69,
        "total_epochs_run": 300,
        "training_time_seconds": 11.480842351913452
    },
    "final_test_metrics_on_target_node": {
        "accuracy": 0.7795658682634731,
        "precision": 0.6265707671957672,
        "recall": 0.6122632577059542,
        "f1_score": 0.6182315463144783,
        "confusion_matrix": [
            [
                1910,
                259
            ],
            [
                330,
                173
            ]
        ]
    }
}