{
    "args": {
        "graph_path": "graphs/politifact/12_shot_bert_knn_7_smpf10.pt",
        "model": "GAT",
        "dropout_rate": 0.5,
        "hidden_channels": 128,
        "gat_heads": 8,
        "lr": 0.0001,
        "weight_decay": 0.0001,
        "n_epochs": 300,
        "patience": 30,
        "seed": 42,
        "output_dir": "results"
    },
    "model_name": "GAT_politifact_12_shot_bert_knn_7_smpf10",
    "training_history": {
        "final_train_loss": 0.2212328314781189,
        "final_train_acc": 0.875,
        "final_val_loss": 0.787561297416687,
        "final_val_acc": 0.696078431372549,
        "final_val_f1": 0.6851538384944738,
        "best_val_f1": 0.7455301455301455,
        "best_epoch": 73,
        "total_epochs": 103,
        "training_time_seconds": 4.5249903202056885
    },
    "final_test_metrics": {
        "accuracy": 0.7647058823529411,
        "precision": 0.7426900584795322,
        "recall": 0.7940481813887577,
        "f1_score": 0.7455301455301455,
        "confusion_matrix": [
            [
                53,
                20
            ],
            [
                4,
                25
            ]
        ]
    }
}