{
    "args": {
        "graph_path": "graphs/gossipcop/5_shot_combined_knn_8_smpf10.pt",
        "model": "GAT",
        "dropout_rate": 0.5,
        "hidden_channels": 128,
        "gat_heads": 8,
        "lr": 0.0001,
        "weight_decay": 0.0001,
        "n_epochs": 300,
        "patience": 30,
        "seed": 42,
        "output_dir": "results"
    },
    "model_name": "GAT_gossipcop_5_shot_combined_knn_8_smpf10",
    "training_history": {
        "final_train_loss": 0.5104172229766846,
        "final_train_acc": 1.0,
        "final_val_loss": 0.5961402654647827,
        "final_val_acc": 0.7900449101796407,
        "final_val_f1": 0.5987235109925984,
        "best_val_f1": 0.6163459677455654,
        "best_epoch": 146,
        "total_epochs": 248,
        "training_time_seconds": 3.58766508102417
    },
    "final_test_metrics": {
        "accuracy": 0.7612275449101796,
        "precision": 0.3719165085388994,
        "recall": 0.38966202783300197,
        "f1_score": 0.38058252427184464,
        "confusion_matrix": [
            [
                1838,
                331
            ],
            [
                307,
                196
            ]
        ]
    }
}