{
    "args": {
        "graph_path": "graphs/gossipcop/5_shot_combined_knn_8_smpf10.pt",
        "model": "GAT",
        "dropout_rate": 0.5,
        "hidden_channels": 128,
        "gat_heads": 8,
        "lr": 0.0001,
        "weight_decay": 0.0001,
        "n_epochs": 300,
        "patience": 30,
        "seed": 42,
        "output_dir": "results"
    },
    "model_name": "GAT_gossipcop_5_shot_combined_knn_8_smpf10",
    "training_history": {
        "final_train_loss": 0.5316869020462036,
        "final_train_acc": 0.9,
        "final_val_loss": 0.6068668961524963,
        "final_val_acc": 0.7975299401197605,
        "final_val_f1": 0.624786800653582,
        "best_val_f1": 0.6275013724222288,
        "best_epoch": 54,
        "total_epochs": 164,
        "training_time_seconds": 6.269708871841431
    },
    "final_test_metrics": {
        "accuracy": 0.8012724550898204,
        "precision": 0.6555532246463678,
        "recall": 0.6141807522774831,
        "f1_score": 0.6275013724222288,
        "confusion_matrix": [
            [
                1983,
                186
            ],
            [
                345,
                158
            ]
        ]
    }
}