{
    "args": {
        "graph_path": "graphs/gossipcop/13_shot_roberta_knn_7_smpf10.pt",
        "model": "GAT",
        "dropout_rate": 0.5,
        "hidden_channels": 128,
        "gat_heads": 8,
        "lr": 0.0001,
        "weight_decay": 0.0001,
        "n_epochs": 300,
        "patience": 30,
        "seed": 42,
        "output_dir": "results"
    },
    "model_name": "GAT_gossipcop_13_shot_roberta_knn_7_smpf10",
    "training_history": {
        "final_train_loss": 0.6792210936546326,
        "final_train_acc": 0.6538461538461539,
        "final_val_loss": 0.624639630317688,
        "final_val_acc": 0.7279191616766467,
        "final_val_f1": 0.48902675282212615,
        "best_val_f1": 0.49942602040816325,
        "best_epoch": 51,
        "total_epochs": 94,
        "training_time_seconds": 2.691927909851074
    },
    "final_test_metrics": {
        "accuracy": 0.7889221556886228,
        "precision": 0.5469701550555004,
        "recall": 0.5149517830774688,
        "f1_score": 0.49942602040816325,
        "confusion_matrix": [
            [
                2070,
                99
            ],
            [
                465,
                38
            ]
        ]
    }
}