{
    "args": {
        "graph_path": "graphs/gossipcop/13_shot_roberta_knn_7_smpf10.pt",
        "model": "GAT",
        "dropout_rate": 0.5,
        "hidden_channels": 128,
        "gat_heads": 8,
        "lr": 0.0001,
        "weight_decay": 0.0001,
        "n_epochs": 300,
        "patience": 30,
        "seed": 42,
        "output_dir": "results"
    },
    "model_name": "GAT_gossipcop_13_shot_roberta_knn_7_smpf10",
    "training_history": {
        "final_train_loss": 0.43307048082351685,
        "final_train_acc": 0.8846153846153846,
        "final_val_loss": 0.6562542915344238,
        "final_val_acc": 0.623877245508982,
        "final_val_f1": 0.49825252731914993,
        "best_val_f1": 0.499683356941405,
        "best_epoch": 294,
        "total_epochs": 300,
        "training_time_seconds": 7.10301947593689
    },
    "final_test_metrics": {
        "accuracy": 0.6395958083832335,
        "precision": 0.19576719576719576,
        "recall": 0.294234592445328,
        "f1_score": 0.23510722795869737,
        "confusion_matrix": [
            [
                1561,
                608
            ],
            [
                355,
                148
            ]
        ]
    }
}