{
    "args": {
        "graph_path": "graphs/politifact/3_shot_roberta_mutual_knn_8.pt",
        "model": "GAT",
        "dropout_rate": 0.5,
        "hidden_channels": 128,
        "gat_heads": 8,
        "lr": 0.0001,
        "weight_decay": 0.0001,
        "n_epochs": 300,
        "patience": 30,
        "seed": 42,
        "output_dir": "results"
    },
    "model_name": "GAT_politifact_3_shot_roberta_mutual_knn_8",
    "training_history": {
        "final_train_loss": 0.40581420063972473,
        "final_train_acc": 0.8333333333333334,
        "final_val_loss": 0.596733570098877,
        "final_val_acc": 0.7058823529411765,
        "final_val_f1": 0.678030303030303,
        "best_val_f1": 0.6912493120528344,
        "best_epoch": 87,
        "total_epochs": 138,
        "training_time_seconds": 2.388317346572876
    },
    "final_test_metrics": {
        "accuracy": 0.7843137254901961,
        "precision": 0.7058823529411765,
        "recall": 0.41379310344827586,
        "f1_score": 0.5217391304347826,
        "confusion_matrix": [
            [
                68,
                5
            ],
            [
                17,
                12
            ]
        ]
    }
}