{
    "args": {
        "graph_path": "graphs/politifact/7_shot_combined_knn_3.pt",
        "model": "GAT",
        "dropout_rate": 0.5,
        "hidden_channels": 128,
        "gat_heads": 8,
        "lr": 0.0001,
        "weight_decay": 0.0001,
        "n_epochs": 300,
        "patience": 30,
        "seed": 42,
        "output_dir": "results"
    },
    "model_name": "GAT_politifact_7_shot_combined_knn_3",
    "training_history": {
        "final_train_loss": 0.4356068968772888,
        "final_train_acc": 0.9285714285714286,
        "final_val_loss": 0.5487827062606812,
        "final_val_acc": 0.7941176470588235,
        "final_val_f1": 0.7496201052016365,
        "best_val_f1": 0.8014705882352942,
        "best_epoch": 230,
        "total_epochs": 300,
        "training_time_seconds": 4.017983913421631
    },
    "final_test_metrics": {
        "accuracy": 0.8235294117647058,
        "precision": 0.6410256410256411,
        "recall": 0.8620689655172413,
        "f1_score": 0.7352941176470589,
        "confusion_matrix": [
            [
                59,
                14
            ],
            [
                4,
                25
            ]
        ]
    }
}