{
    "model": "MLP_politifact_bert_7_shot",
    "dataset": "politifact",
    "embedding": "bert",
    "k_shot": 7,
    "training_time": 0.5328176021575928,
    "best_epoch": 5,
    "final_train_accuracy": 1.0,
    "final_train_loss": 0.10470815747976303,
    "final_val_accuracy": 1.0,
    "final_val_loss": 0.3457760810852051,
    "final_val_f1": 1.0,
    "test_metrics": {
        "accuracy": 0.7450980392156863,
        "precision": 0.6968017057569296,
        "recall": 0.7179971658006613,
        "f1_score": 0.7040178571428571,
        "confusion_matrix": [
            [
                57,
                16
            ],
            [
                10,
                19
            ]
        ]
    }
}