{
  "accuracy": 0.781437125748503,
  "precision": 0.6522228895674342,
  "recall": 0.6660983843366725,
  "f1_score": 0.6583036405615525
}