{
    "args": {
        "graph_path": "graphs/gossipcop/10_shot_roberta_knn_5_smpf10.pt",
        "model": "GAT",
        "dropout_rate": 0.5,
        "hidden_channels": 128,
        "gat_heads": 8,
        "lr": 0.0001,
        "weight_decay": 0.0001,
        "n_epochs": 300,
        "patience": 30,
        "seed": 42,
        "output_dir": "results"
    },
    "model_name": "GAT_gossipcop_10_shot_roberta_knn_5_smpf10",
    "training_history": {
        "final_train_loss": 0.5716925263404846,
        "final_train_acc": 0.8,
        "final_val_loss": 0.5969550013542175,
        "final_val_acc": 0.7398952095808383,
        "final_val_f1": 0.48327928334021997,
        "best_val_f1": 0.5308394871682445,
        "best_epoch": 81,
        "total_epochs": 135,
        "training_time_seconds": 3.002861499786377
    },
    "final_test_metrics": {
        "accuracy": 0.6672904191616766,
        "precision": 0.5320541084429973,
        "recall": 0.5415799348675123,
        "f1_score": 0.5308394871682445,
        "confusion_matrix": [
            [
                1612,
                557
            ],
            [
                332,
                171
            ]
        ]
    }
}