{
    "args": {
        "graph_path": "graphs/gossipcop/10_shot_roberta_knn_5_smpf10.pt",
        "model": "GAT",
        "dropout_rate": 0.5,
        "hidden_channels": 128,
        "gat_heads": 8,
        "lr": 0.0001,
        "weight_decay": 0.0001,
        "n_epochs": 300,
        "patience": 30,
        "seed": 42,
        "output_dir": "results"
    },
    "model_name": "GAT_gossipcop_10_shot_roberta_knn_5_smpf10",
    "training_history": {
        "final_train_loss": 0.8660287857055664,
        "final_train_acc": 0.45,
        "final_val_loss": 0.5895611643791199,
        "final_val_acc": 0.811751497005988,
        "final_val_f1": 0.4480479239826482,
        "best_val_f1": 0.4501899389892943,
        "best_epoch": 1,
        "total_epochs": 45,
        "training_time_seconds": 1.4132280349731445
    },
    "final_test_metrics": {
        "accuracy": 0.7859281437125748,
        "precision": 0.07407407407407407,
        "recall": 0.011928429423459244,
        "f1_score": 0.02054794520547945,
        "confusion_matrix": [
            [
                2094,
                75
            ],
            [
                497,
                6
            ]
        ]
    }
}