{
    "args": {
        "graph_path": "graphs/politifact/10_shot_bert_knn_6_smpf10.pt",
        "model": "GAT",
        "dropout_rate": 0.5,
        "hidden_channels": 128,
        "gat_heads": 8,
        "lr": 0.0001,
        "weight_decay": 0.0001,
        "n_epochs": 300,
        "patience": 30,
        "seed": 42,
        "output_dir": "results"
    },
    "model_name": "GAT_politifact_10_shot_bert_knn_6_smpf10",
    "training_history": {
        "final_train_loss": 0.37004297971725464,
        "final_train_acc": 0.85,
        "final_val_loss": 0.6809143424034119,
        "final_val_acc": 0.7058823529411765,
        "final_val_f1": 0.6915322580645161,
        "best_val_f1": 0.733347275959427,
        "best_epoch": 31,
        "total_epochs": 61,
        "training_time_seconds": 2.084336519241333
    },
    "final_test_metrics": {
        "accuracy": 0.7549019607843137,
        "precision": 0.7296238244514106,
        "recall": 0.7768068020784129,
        "f1_score": 0.733347275959427,
        "confusion_matrix": [
            [
                53,
                20
            ],
            [
                5,
                24
            ]
        ]
    }
}