{
  "accuracy": 0.7380239520958084,
  "precision": 0.6191626805351939,
  "recall": 0.6531012174990628,
  "f1_score": 0.6282456949325023
}