{
    "args": {
        "graph_path": "graphs/gossipcop/4_shot_roberta_mutual_knn_8_smpf10.pt",
        "model": "GAT",
        "dropout_rate": 0.5,
        "hidden_channels": 128,
        "gat_heads": 8,
        "lr": 0.0001,
        "weight_decay": 0.0001,
        "n_epochs": 300,
        "patience": 30,
        "seed": 42,
        "output_dir": "results"
    },
    "model_name": "GAT_gossipcop_4_shot_roberta_mutual_knn_8_smpf10",
    "training_history": {
        "final_train_loss": 0.5679233074188232,
        "final_train_acc": 0.625,
        "final_val_loss": 0.6137841939926147,
        "final_val_acc": 0.7155688622754491,
        "final_val_f1": 0.5784271066188804,
        "best_val_f1": 0.5861541155011073,
        "best_epoch": 222,
        "total_epochs": 298,
        "training_time_seconds": 4.0317652225494385
    },
    "final_test_metrics": {
        "accuracy": 0.7129491017964071,
        "precision": 0.5811894002544641,
        "recall": 0.6017711160423352,
        "f1_score": 0.5861541155011073,
        "confusion_matrix": [
            [
                1692,
                477
            ],
            [
                290,
                213
            ]
        ]
    }
}