{
  "accuracy": 0.7705838323353293,
  "precision": 0.6388735428073464,
  "recall": 0.6548321871445371,
  "f1_score": 0.6455462706786279
}