{
    "args": {
        "graph_path": "graphs_hetero/gossipcop/3_shot_bert_hetero_knn_5_smpf10.pt",
        "model": "HAN",
        "target_node_type": "news",
        "dropout_rate": 0.0,
        "hidden_channels": 128,
        "hgt_han_heads": 4,
        "hgt_layers": 1,
        "lr": 0.0001,
        "weight_decay": 0.0001,
        "n_epochs": 300,
        "patience": 30,
        "seed": 42,
        "output_dir_base": "results_hetero"
    },
    "model_name": "HAN_gossipcop_3_shot_bert_hetero_knn_5_smpf10",
    "training_history": {
        "final_train_loss": 0.3823434114456177,
        "final_train_acc": 1.0,
        "final_val_loss": 0.6984969973564148,
        "final_val_acc": 0.5078592814371258,
        "final_val_f1": 0.4641669011340597,
        "best_val_f1": 0.5257118112761158,
        "best_epoch": 4,
        "total_epochs_run": 45,
        "training_time_seconds": 1.8267021179199219
    },
    "final_test_metrics_on_target_node": {
        "accuracy": 0.7369011976047904,
        "precision": 0.5307900307798313,
        "recall": 0.5249026816509885,
        "f1_score": 0.5257118112761158,
        "confusion_matrix": [
            [
                1876,
                293
            ],
            [
                410,
                93
            ]
        ]
    }
}