{
    "args": {
        "graph_path": "graphs/politifact/16_shot_combined_knn_4_smpf10.pt",
        "model": "GAT",
        "dropout_rate": 0.5,
        "hidden_channels": 128,
        "gat_heads": 8,
        "lr": 0.0001,
        "weight_decay": 0.0001,
        "n_epochs": 300,
        "patience": 30,
        "seed": 42,
        "output_dir": "results"
    },
    "model_name": "GAT_politifact_16_shot_combined_knn_4_smpf10",
    "training_history": {
        "final_train_loss": 0.4628991186618805,
        "final_train_acc": 0.875,
        "final_val_loss": 0.5456442832946777,
        "final_val_acc": 0.7745098039215687,
        "final_val_f1": 0.7444166031158078,
        "best_val_f1": 0.7777777777777777,
        "best_epoch": 134,
        "total_epochs": 287,
        "training_time_seconds": 3.9584436416625977
    },
    "final_test_metrics": {
        "accuracy": 0.8333333333333334,
        "precision": 0.7727272727272727,
        "recall": 0.5862068965517241,
        "f1_score": 0.6666666666666666,
        "confusion_matrix": [
            [
                68,
                5
            ],
            [
                12,
                17
            ]
        ]
    }
}