{
    "args": {
        "graph_path": "graphs_hetero/gossipcop/6_shot_bigbird_hetero_knn_5_smpf10.pt",
        "model": "HAN",
        "target_node_type": "news",
        "dropout_rate": 0.0,
        "hidden_channels": 128,
        "hgt_han_heads": 4,
        "hgt_layers": 1,
        "lr": 0.0001,
        "weight_decay": 0.0001,
        "n_epochs": 300,
        "patience": 30,
        "seed": 42,
        "output_dir_base": "results_hetero"
    },
    "model_name": "HAN_gossipcop_6_shot_bigbird_hetero_knn_5_smpf10",
    "training_history": {
        "final_train_loss": 0.6356002688407898,
        "final_train_acc": 0.8333333333333334,
        "final_val_loss": 0.7183136940002441,
        "final_val_acc": 0.36826347305389223,
        "final_val_f1": 0.3668555757759863,
        "best_val_f1": 0.47651543481956143,
        "best_epoch": 5,
        "total_epochs_run": 35,
        "training_time_seconds": 1.4653167724609375
    },
    "final_test_metrics_on_target_node": {
        "accuracy": 0.5363023952095808,
        "precision": 0.5200230787035477,
        "recall": 0.5326679847150384,
        "f1_score": 0.47651543481956143,
        "confusion_matrix": [
            [
                1168,
                1001
            ],
            [
                238,
                265
            ]
        ]
    }
}