{
    "args": {
        "graph_path": "graphs/gossipcop/12_shot_roberta_knn_6_psl10.pt",
        "model": "GAT",
        "dropout_rate": 0.5,
        "hidden_channels": 128,
        "gat_heads": 8,
        "lr": 0.0001,
        "weight_decay": 0.0001,
        "n_epochs": 300,
        "patience": 30,
        "seed": 42,
        "output_dir": "results"
    },
    "model_name": "GAT_gossipcop_12_shot_roberta_knn_6_psl10",
    "training_history": {
        "final_train_loss": 0.44760799407958984,
        "final_train_acc": 0.875,
        "final_val_loss": 0.6676873564720154,
        "final_val_acc": 0.6231287425149701,
        "final_val_f1": 0.5069600311505074,
        "best_val_f1": 0.5154432491202208,
        "best_epoch": 182,
        "total_epochs": 212,
        "training_time_seconds": 3.875271797180176
    },
    "final_test_metrics": {
        "accuracy": 0.6751497005988024,
        "precision": 0.5159702975272421,
        "recall": 0.5189343423094444,
        "f1_score": 0.5154432491202208,
        "confusion_matrix": [
            [
                1669,
                500
            ],
            [
                368,
                135
            ]
        ]
    }
}