{
    "args": {
        "graph_path": "graphs/gossipcop/10_shot_roberta_knn_7_smpf10.pt",
        "model": "GAT",
        "dropout_rate": 0.5,
        "hidden_channels": 128,
        "gat_heads": 8,
        "lr": 0.0001,
        "weight_decay": 0.0001,
        "n_epochs": 300,
        "patience": 30,
        "seed": 42,
        "output_dir": "results"
    },
    "model_name": "GAT_gossipcop_10_shot_roberta_knn_7_smpf10",
    "training_history": {
        "final_train_loss": 0.5502673387527466,
        "final_train_acc": 0.85,
        "final_val_loss": 0.6152255535125732,
        "final_val_acc": 0.7069610778443114,
        "final_val_f1": 0.49334121833437106,
        "best_val_f1": 0.49495967741935487,
        "best_epoch": 80,
        "total_epochs": 138,
        "training_time_seconds": 3.5606820583343506
    },
    "final_test_metrics": {
        "accuracy": 0.6946107784431138,
        "precision": 0.494926870303807,
        "recall": 0.49503623716438117,
        "f1_score": 0.49495967741935487,
        "confusion_matrix": [
            [
                1768,
                401
            ],
            [
                415,
                88
            ]
        ]
    }
}