{
    "args": {
        "graph_path": "graphs/gossipcop/10_shot_roberta_knn_7_smpf10.pt",
        "model": "GAT",
        "dropout_rate": 0.5,
        "hidden_channels": 128,
        "gat_heads": 8,
        "lr": 0.0001,
        "weight_decay": 0.0001,
        "n_epochs": 300,
        "patience": 30,
        "seed": 42,
        "output_dir": "results"
    },
    "model_name": "GAT_gossipcop_10_shot_roberta_knn_7_smpf10",
    "training_history": {
        "final_train_loss": 0.6404107809066772,
        "final_train_acc": 0.75,
        "final_val_loss": 0.632439374923706,
        "final_val_acc": 0.7170658682634731,
        "final_val_f1": 0.48577712609970675,
        "best_val_f1": 0.5158988095238095,
        "best_epoch": 60,
        "total_epochs": 130,
        "training_time_seconds": 3.0720055103302
    },
    "final_test_metrics": {
        "accuracy": 0.6354790419161677,
        "precision": 0.21997621878715815,
        "recall": 0.36779324055666,
        "f1_score": 0.27529761904761907,
        "confusion_matrix": [
            [
                1513,
                656
            ],
            [
                318,
                185
            ]
        ]
    }
}