{
    "args": {
        "graph_path": "graphs/gossipcop/13_shot_combined_mutual_knn_5_smpf10.pt",
        "model": "GAT",
        "dropout_rate": 0.5,
        "hidden_channels": 128,
        "gat_heads": 8,
        "lr": 0.0001,
        "weight_decay": 0.0001,
        "n_epochs": 300,
        "patience": 30,
        "seed": 42,
        "output_dir": "results"
    },
    "model_name": "GAT_gossipcop_13_shot_combined_mutual_knn_5_smpf10",
    "training_history": {
        "final_train_loss": 0.6464503407478333,
        "final_train_acc": 0.6153846153846154,
        "final_val_loss": 0.6871974468231201,
        "final_val_acc": 0.5411676646706587,
        "final_val_f1": 0.4939744147421702,
        "best_val_f1": 0.5459595850295806,
        "best_epoch": 130,
        "total_epochs": 164,
        "training_time_seconds": 2.907404661178589
    },
    "final_test_metrics": {
        "accuracy": 0.6826347305389222,
        "precision": 0.2546230440967283,
        "recall": 0.3558648111332008,
        "f1_score": 0.296849087893864,
        "confusion_matrix": [
            [
                1645,
                524
            ],
            [
                324,
                179
            ]
        ]
    }
}