{
    "args": {
        "graph_path": "graphs/politifact/3_shot_combined_mutual_knn_8.pt",
        "model": "GAT",
        "dropout_rate": 0.5,
        "hidden_channels": 128,
        "gat_heads": 8,
        "lr": 0.0001,
        "weight_decay": 0.0001,
        "n_epochs": 300,
        "patience": 30,
        "seed": 42,
        "output_dir": "results"
    },
    "model_name": "GAT_politifact_3_shot_combined_mutual_knn_8",
    "training_history": {
        "final_train_loss": 0.3847978115081787,
        "final_train_acc": 1.0,
        "final_val_loss": 0.6283252835273743,
        "final_val_acc": 0.6666666666666666,
        "final_val_f1": 0.6602664576802508,
        "best_val_f1": 0.7538610038610039,
        "best_epoch": 127,
        "total_epochs": 157,
        "training_time_seconds": 2.8134279251098633
    },
    "final_test_metrics": {
        "accuracy": 0.803921568627451,
        "precision": 0.6666666666666666,
        "recall": 0.6206896551724138,
        "f1_score": 0.6428571428571429,
        "confusion_matrix": [
            [
                64,
                9
            ],
            [
                11,
                18
            ]
        ]
    }
}