{
    "args": {
        "graph_path": "graphs/gossipcop/13_shot_roberta_knn_5_smpf10.pt",
        "model": "GAT",
        "dropout_rate": 0.5,
        "hidden_channels": 128,
        "gat_heads": 8,
        "lr": 0.0001,
        "weight_decay": 0.0001,
        "n_epochs": 300,
        "patience": 30,
        "seed": 42,
        "output_dir": "results"
    },
    "model_name": "GAT_gossipcop_13_shot_roberta_knn_5_smpf10",
    "training_history": {
        "final_train_loss": 0.6184884309768677,
        "final_train_acc": 0.7692307692307693,
        "final_val_loss": 0.630018949508667,
        "final_val_acc": 0.6684131736526946,
        "final_val_f1": 0.4942507519824993,
        "best_val_f1": 0.4981334667307424,
        "best_epoch": 131,
        "total_epochs": 161,
        "training_time_seconds": 3.6053307056427
    },
    "final_test_metrics": {
        "accuracy": 0.6998502994011976,
        "precision": 0.4981846058021704,
        "recall": 0.4982635308481064,
        "f1_score": 0.4981334667307424,
        "confusion_matrix": [
            [
                1782,
                387
            ],
            [
                415,
                88
            ]
        ]
    }
}