{
    "args": {
        "graph_path": "graphs/gossipcop/13_shot_roberta_knn_5_smpf10.pt",
        "model": "GAT",
        "dropout_rate": 0.5,
        "hidden_channels": 128,
        "gat_heads": 8,
        "lr": 0.0001,
        "weight_decay": 0.0001,
        "n_epochs": 300,
        "patience": 30,
        "seed": 42,
        "output_dir": "results"
    },
    "model_name": "GAT_gossipcop_13_shot_roberta_knn_5_smpf10",
    "training_history": {
        "final_train_loss": 0.5546786785125732,
        "final_train_acc": 0.6923076923076923,
        "final_val_loss": 0.6565684676170349,
        "final_val_acc": 0.6279940119760479,
        "final_val_f1": 0.497925135501355,
        "best_val_f1": 0.5036166084337946,
        "best_epoch": 191,
        "total_epochs": 221,
        "training_time_seconds": 3.4171745777130127
    },
    "final_test_metrics": {
        "accuracy": 0.6845059880239521,
        "precision": 0.19424460431654678,
        "recall": 0.2147117296222664,
        "f1_score": 0.20396600566572237,
        "confusion_matrix": [
            [
                1721,
                448
            ],
            [
                395,
                108
            ]
        ]
    }
}