{
    "args": {
        "graph_path": "graphs_hetero/gossipcop/16_shot_roberta_hetero_dual_knn_sim5_dis5_psl10.pt",
        "model": "HAN",
        "target_node_type": "news",
        "dropout_rate": 0.0,
        "hidden_channels": 128,
        "hgt_han_heads": 4,
        "hgt_layers": 1,
        "lr": 0.0001,
        "weight_decay": 0.0001,
        "n_epochs": 300,
        "patience": 30,
        "seed": 42,
        "output_dir_base": "results_hetero"
    },
    "model_name": "HAN_gossipcop_16_shot_roberta_hetero_dual_knn_sim5_dis5_psl10",
    "training_history": {
        "final_train_loss": 0.25217217206954956,
        "final_train_acc": 1.0,
        "final_val_loss": 0.6106013655662537,
        "final_val_acc": 0.6695359281437125,
        "final_val_f1": 0.5732897732647064,
        "best_val_f1": 0.5969217263876024,
        "best_epoch": 109,
        "total_epochs_run": 300,
        "training_time_seconds": 5.358916759490967
    },
    "final_test_metrics_on_target_node": {
        "accuracy": 0.7432634730538922,
        "precision": 0.5936188532188929,
        "recall": 0.6013554450154766,
        "f1_score": 0.5969217263876024,
        "confusion_matrix": [
            [
                1798,
                371
            ],
            [
                315,
                188
            ]
        ]
    }
}