{
    "args": {
        "graph_path": "graphs/politifact/13_shot_combined_knn_3_smpf10.pt",
        "model": "GAT",
        "dropout_rate": 0.5,
        "hidden_channels": 128,
        "gat_heads": 8,
        "lr": 0.0001,
        "weight_decay": 0.0001,
        "n_epochs": 300,
        "patience": 30,
        "seed": 42,
        "output_dir": "results"
    },
    "model_name": "GAT_politifact_13_shot_combined_knn_3_smpf10",
    "training_history": {
        "final_train_loss": 0.44089412689208984,
        "final_train_acc": 0.8846153846153846,
        "final_val_loss": 0.5622629523277283,
        "final_val_acc": 0.7843137254901961,
        "final_val_f1": 0.7607675906183369,
        "best_val_f1": 0.8047956771361027,
        "best_epoch": 205,
        "total_epochs": 281,
        "training_time_seconds": 4.288629531860352
    },
    "final_test_metrics": {
        "accuracy": 0.8333333333333334,
        "precision": 0.6764705882352942,
        "recall": 0.7931034482758621,
        "f1_score": 0.7301587301587301,
        "confusion_matrix": [
            [
                62,
                11
            ],
            [
                6,
                23
            ]
        ]
    }
}