{
    "args": {
        "graph_path": "graphs/gossipcop/8_shot_roberta_knn_7_smpf10.pt",
        "model": "GAT",
        "dropout_rate": 0.5,
        "hidden_channels": 128,
        "gat_heads": 8,
        "lr": 0.0001,
        "weight_decay": 0.0001,
        "n_epochs": 300,
        "patience": 30,
        "seed": 42,
        "output_dir": "results"
    },
    "model_name": "GAT_gossipcop_8_shot_roberta_knn_7_smpf10",
    "training_history": {
        "final_train_loss": 0.43641358613967896,
        "final_train_acc": 0.875,
        "final_val_loss": 0.6930742263793945,
        "final_val_acc": 0.5905688622754491,
        "final_val_f1": 0.5197614289553909,
        "best_val_f1": 0.5478900634888262,
        "best_epoch": 287,
        "total_epochs": 300,
        "training_time_seconds": 6.215207576751709
    },
    "final_test_metrics": {
        "accuracy": 0.6646706586826348,
        "precision": 0.5498634771356503,
        "recall": 0.5689798507250641,
        "f1_score": 0.5478900634888262,
        "confusion_matrix": [
            [
                1567,
                602
            ],
            [
                294,
                209
            ]
        ]
    }
}