{
    "args": {
        "graph_path": "graphs/gossipcop/16_shot_roberta_knn_5_smpf10.pt",
        "model": "GAT",
        "dropout_rate": 0.5,
        "hidden_channels": 128,
        "gat_heads": 8,
        "lr": 0.0001,
        "weight_decay": 0.0001,
        "n_epochs": 300,
        "patience": 30,
        "seed": 42,
        "output_dir": "results"
    },
    "model_name": "GAT_gossipcop_16_shot_roberta_knn_5_smpf10",
    "training_history": {
        "final_train_loss": 0.8660025000572205,
        "final_train_acc": 0.5,
        "final_val_loss": 0.6344531774520874,
        "final_val_acc": 0.782185628742515,
        "final_val_f1": 0.4568195154665102,
        "best_val_f1": 0.4605434188186326,
        "best_epoch": 1,
        "total_epochs": 53,
        "training_time_seconds": 1.6393241882324219
    },
    "final_test_metrics": {
        "accuracy": 0.7122005988023952,
        "precision": 0.11337209302325581,
        "recall": 0.0775347912524851,
        "f1_score": 0.09208972845336481,
        "confusion_matrix": [
            [
                1864,
                305
            ],
            [
                464,
                39
            ]
        ]
    }
}