{
    "args": {
        "graph_path": "graphs/gossipcop/16_shot_roberta_knn_5_smpf10.pt",
        "model": "GAT",
        "dropout_rate": 0.5,
        "hidden_channels": 128,
        "gat_heads": 8,
        "lr": 0.0001,
        "weight_decay": 0.0001,
        "n_epochs": 300,
        "patience": 30,
        "seed": 42,
        "output_dir": "results"
    },
    "model_name": "GAT_gossipcop_16_shot_roberta_knn_5_smpf10",
    "training_history": {
        "final_train_loss": 0.6796400547027588,
        "final_train_acc": 0.75,
        "final_val_loss": 0.6543123722076416,
        "final_val_acc": 0.6444610778443114,
        "final_val_f1": 0.4776400128079442,
        "best_val_f1": 0.49911720484090877,
        "best_epoch": 63,
        "total_epochs": 93,
        "training_time_seconds": 2.5860722064971924
    },
    "final_test_metrics": {
        "accuracy": 0.7836826347305389,
        "precision": 0.5370576851602651,
        "recall": 0.5132515190095022,
        "f1_score": 0.49911720484090877,
        "confusion_matrix": [
            [
                2054,
                115
            ],
            [
                463,
                40
            ]
        ]
    }
}