{
  "accuracy": 0.7537425149700598,
  "precision": 0.6198641912662167,
  "recall": 0.6383506246981,
  "f1_score": 0.6268900857769799
}