{
    "args": {
        "graph_path": "graphs_hetero/gossipcop/14_shot_roberta_hetero_dual_knn_sim5_dis5_psl10.pt",
        "model": "HAN",
        "target_node_type": "news",
        "dropout_rate": 0.0,
        "hidden_channels": 128,
        "hgt_han_heads": 4,
        "hgt_layers": 1,
        "lr": 0.0001,
        "weight_decay": 0.0001,
        "n_epochs": 300,
        "patience": 30,
        "seed": 42,
        "output_dir_base": "results_hetero"
    },
    "model_name": "HAN_gossipcop_14_shot_roberta_hetero_dual_knn_sim5_dis5_psl10",
    "training_history": {
        "final_train_loss": 0.2330731302499771,
        "final_train_acc": 1.0,
        "final_val_loss": 0.610751211643219,
        "final_val_acc": 0.6744011976047904,
        "final_val_f1": 0.5786029858018877,
        "best_val_f1": 0.5981077338959584,
        "best_epoch": 124,
        "total_epochs_run": 300,
        "training_time_seconds": 5.600277662277222
    },
    "final_test_metrics_on_target_node": {
        "accuracy": 0.7267964071856288,
        "precision": 0.5921585067851086,
        "recall": 0.6118274218222248,
        "f1_score": 0.5981077338959584,
        "confusion_matrix": [
            [
                1727,
                442
            ],
            [
                288,
                215
            ]
        ]
    }
}