{
    "args": {
        "graph_path": "graphs/gossipcop/14_shot_roberta_knn_7_smpf10.pt",
        "model": "GAT",
        "dropout_rate": 0.5,
        "hidden_channels": 128,
        "gat_heads": 8,
        "lr": 0.0001,
        "weight_decay": 0.0001,
        "n_epochs": 300,
        "patience": 30,
        "seed": 42,
        "output_dir": "results"
    },
    "model_name": "GAT_gossipcop_14_shot_roberta_knn_7_smpf10",
    "training_history": {
        "final_train_loss": 0.6170199513435364,
        "final_train_acc": 0.5714285714285714,
        "final_val_loss": 0.625568687915802,
        "final_val_acc": 0.7200598802395209,
        "final_val_f1": 0.48841347605956825,
        "best_val_f1": 0.5015512379535806,
        "best_epoch": 58,
        "total_epochs": 92,
        "training_time_seconds": 2.457653045654297
    },
    "final_test_metrics": {
        "accuracy": 0.7747005988023952,
        "precision": 0.5283188884738673,
        "recall": 0.5123001043989636,
        "f1_score": 0.5015512379535806,
        "confusion_matrix": [
            [
                2024,
                145
            ],
            [
                457,
                46
            ]
        ]
    }
}