{
    "args": {
        "graph_path": "graphs/gossipcop/14_shot_roberta_knn_7_smpf10.pt",
        "model": "GAT",
        "dropout_rate": 0.5,
        "hidden_channels": 128,
        "gat_heads": 8,
        "lr": 0.0001,
        "weight_decay": 0.0001,
        "n_epochs": 300,
        "patience": 30,
        "seed": 42,
        "output_dir": "results"
    },
    "model_name": "GAT_gossipcop_14_shot_roberta_knn_7_smpf10",
    "training_history": {
        "final_train_loss": 0.6640445590019226,
        "final_train_acc": 0.42857142857142855,
        "final_val_loss": 0.6338160634040833,
        "final_val_acc": 0.6747754491017964,
        "final_val_f1": 0.48463185183294477,
        "best_val_f1": 0.49126419514739916,
        "best_epoch": 136,
        "total_epochs": 174,
        "training_time_seconds": 4.315762519836426
    },
    "final_test_metrics": {
        "accuracy": 0.7005988023952096,
        "precision": 0.17362637362637362,
        "recall": 0.15705765407554673,
        "f1_score": 0.1649269311064718,
        "confusion_matrix": [
            [
                1793,
                376
            ],
            [
                424,
                79
            ]
        ]
    }
}