{
  "accuracy": 0.6508233532934131,
  "precision": 0.5702843091607496,
  "recall": 0.6062614630336927,
  "f1_score": 0.5624195326005852
}