{
    "args": {
        "graph_path": "graphs/politifact/16_shot_combined_knn_5_smpf10.pt",
        "model": "GAT",
        "dropout_rate": 0.5,
        "hidden_channels": 128,
        "gat_heads": 8,
        "lr": 0.0001,
        "weight_decay": 0.0001,
        "n_epochs": 300,
        "patience": 30,
        "seed": 42,
        "output_dir": "results"
    },
    "model_name": "GAT_politifact_16_shot_combined_knn_5_smpf10",
    "training_history": {
        "final_train_loss": 0.6444624662399292,
        "final_train_acc": 0.8125,
        "final_val_loss": 0.5666844248771667,
        "final_val_acc": 0.7745098039215687,
        "final_val_f1": 0.7310558294164852,
        "best_val_f1": 0.7677125506072875,
        "best_epoch": 183,
        "total_epochs": 219,
        "training_time_seconds": 3.276522636413574
    },
    "final_test_metrics": {
        "accuracy": 0.8235294117647058,
        "precision": 0.7391304347826086,
        "recall": 0.5862068965517241,
        "f1_score": 0.6538461538461539,
        "confusion_matrix": [
            [
                67,
                6
            ],
            [
                12,
                17
            ]
        ]
    }
}