{
    "args": {
        "graph_path": "graphs/politifact/16_shot_combined_knn_5_smpf10.pt",
        "model": "GAT",
        "dropout_rate": 0.5,
        "hidden_channels": 128,
        "gat_heads": 8,
        "lr": 0.0001,
        "weight_decay": 0.0001,
        "n_epochs": 300,
        "patience": 30,
        "seed": 42,
        "output_dir": "results"
    },
    "model_name": "GAT_politifact_16_shot_combined_knn_5_smpf10",
    "training_history": {
        "final_train_loss": 0.36043089628219604,
        "final_train_acc": 0.90625,
        "final_val_loss": 0.4836883246898651,
        "final_val_acc": 0.7843137254901961,
        "final_val_f1": 0.7495535714285715,
        "best_val_f1": 0.7930540637307555,
        "best_epoch": 187,
        "total_epochs": 260,
        "training_time_seconds": 9.841063976287842
    },
    "final_test_metrics": {
        "accuracy": 0.8333333333333334,
        "precision": 0.7963320463320464,
        "recall": 0.7900330656589514,
        "f1_score": 0.7930540637307555,
        "confusion_matrix": [
            [
                65,
                8
            ],
            [
                9,
                20
            ]
        ]
    }
}