{
    "args": {
        "graph_path": "graphs/gossipcop/9_shot_roberta_mutual_knn_3_smpf10.pt",
        "model": "GAT",
        "dropout_rate": 0.5,
        "hidden_channels": 128,
        "gat_heads": 8,
        "lr": 0.0001,
        "weight_decay": 0.0001,
        "n_epochs": 300,
        "patience": 30,
        "seed": 42,
        "output_dir": "results"
    },
    "model_name": "GAT_gossipcop_9_shot_roberta_mutual_knn_3_smpf10",
    "training_history": {
        "final_train_loss": 0.8727414011955261,
        "final_train_acc": 0.4444444444444444,
        "final_val_loss": 0.7094162106513977,
        "final_val_acc": 0.32073353293413176,
        "final_val_f1": 0.32066416813340515,
        "best_val_f1": 0.43884287504798813,
        "best_epoch": 1,
        "total_epochs": 31,
        "training_time_seconds": 2.849670648574829
    },
    "final_test_metrics": {
        "accuracy": 0.49738023952095806,
        "precision": 0.1784073506891271,
        "recall": 0.46322067594433397,
        "f1_score": 0.2576008844665561,
        "confusion_matrix": [
            [
                1096,
                1073
            ],
            [
                270,
                233
            ]
        ]
    }
}