{
    "args": {
        "graph_path": "graphs/gossipcop/9_shot_combined_mutual_knn_7_smpf10.pt",
        "model": "GAT",
        "dropout_rate": 0.5,
        "hidden_channels": 128,
        "gat_heads": 8,
        "lr": 0.0001,
        "weight_decay": 0.0001,
        "n_epochs": 300,
        "patience": 30,
        "seed": 42,
        "output_dir": "results"
    },
    "model_name": "GAT_gossipcop_9_shot_combined_mutual_knn_7_smpf10",
    "training_history": {
        "final_train_loss": 0.5503148436546326,
        "final_train_acc": 0.8888888888888888,
        "final_val_loss": 0.6444732546806335,
        "final_val_acc": 0.750374251497006,
        "final_val_f1": 0.6021308994484335,
        "best_val_f1": 0.6085963743585435,
        "best_epoch": 85,
        "total_epochs": 156,
        "training_time_seconds": 2.8678319454193115
    },
    "final_test_metrics": {
        "accuracy": 0.7683383233532934,
        "precision": 0.37445887445887444,
        "recall": 0.34393638170974156,
        "f1_score": 0.35854922279792745,
        "confusion_matrix": [
            [
                1880,
                289
            ],
            [
                330,
                173
            ]
        ]
    }
}