{
    "args": {
        "graph_path": "graphs/gossipcop/13_shot_roberta_knn_6_psl10.pt",
        "model": "GAT",
        "dropout_rate": 0.5,
        "hidden_channels": 128,
        "gat_heads": 8,
        "lr": 0.0001,
        "weight_decay": 0.0001,
        "n_epochs": 300,
        "patience": 30,
        "seed": 42,
        "output_dir": "results"
    },
    "model_name": "GAT_gossipcop_13_shot_roberta_knn_6_psl10",
    "training_history": {
        "final_train_loss": 0.5920497179031372,
        "final_train_acc": 0.6538461538461539,
        "final_val_loss": 0.6142694354057312,
        "final_val_acc": 0.7357784431137725,
        "final_val_f1": 0.485296942392652,
        "best_val_f1": 0.5003948765422414,
        "best_epoch": 75,
        "total_epochs": 105,
        "training_time_seconds": 2.570354461669922
    },
    "final_test_metrics": {
        "accuracy": 0.7859281437125748,
        "precision": 0.5424723417046394,
        "recall": 0.5146346448739558,
        "f1_score": 0.5003948765422414,
        "confusion_matrix": [
            [
                2060,
                109
            ],
            [
                463,
                40
            ]
        ]
    }
}