{
    "args": {
        "graph_path": "graphs_hetero/gossipcop/15_shot_roberta_hetero_dual_knn_sim5_dis5_smpf10_mv3.pt",
        "model": "HGT",
        "target_node_type": "news",
        "dropout_rate": 0.0,
        "hidden_channels": 128,
        "hgt_han_heads": 4,
        "hgt_layers": 1,
        "lr": 0.0001,
        "weight_decay": 0.0001,
        "n_epochs": 300,
        "patience": 30,
        "seed": 42,
        "output_dir_base": "results_hetero"
    },
    "model_name": "HGT_gossipcop_15_shot_roberta_hetero_dual_knn_sim5_dis5_smpf10_mv3",
    "training_history": {
        "final_train_loss": 0.003459014929831028,
        "final_train_acc": 1.0,
        "final_val_loss": 1.068212628364563,
        "final_val_acc": 0.6508233532934131,
        "final_val_f1": 0.5523938541091555,
        "best_val_f1": 0.5669782405826295,
        "best_epoch": 151,
        "total_epochs_run": 181,
        "training_time_seconds": 15.453391790390015
    },
    "final_test_metrics_on_target_node": {
        "accuracy": 0.6654191616766467,
        "precision": 0.5701574746214039,
        "recall": 0.602272029418693,
        "f1_score": 0.5669782405826295,
        "confusion_matrix": [
            [
                1526,
                643
            ],
            [
                251,
                252
            ]
        ]
    }
}