{
    "args": {
        "graph_path": "graphs/gossipcop/12_shot_combined_mutual_knn_6_smpf10.pt",
        "model": "GAT",
        "dropout_rate": 0.5,
        "hidden_channels": 128,
        "gat_heads": 8,
        "lr": 0.0001,
        "weight_decay": 0.0001,
        "n_epochs": 300,
        "patience": 30,
        "seed": 42,
        "output_dir": "results"
    },
    "model_name": "GAT_gossipcop_12_shot_combined_mutual_knn_6_smpf10",
    "training_history": {
        "final_train_loss": 0.5832280516624451,
        "final_train_acc": 0.625,
        "final_val_loss": 0.6712603569030762,
        "final_val_acc": 0.5991766467065869,
        "final_val_f1": 0.5296992286586945,
        "best_val_f1": 0.5649676053273334,
        "best_epoch": 107,
        "total_epochs": 208,
        "training_time_seconds": 3.3728702068328857
    },
    "final_test_metrics": {
        "accuracy": 0.7219311377245509,
        "precision": 0.2872340425531915,
        "recall": 0.3220675944333996,
        "f1_score": 0.3036551077788191,
        "confusion_matrix": [
            [
                1767,
                402
            ],
            [
                341,
                162
            ]
        ]
    }
}