{
  "accuracy": 0.7761976047904192,
  "precision": 0.641737171253862,
  "recall": 0.6514183685347573,
  "f1_score": 0.6461149756023232
}