{
    "args": {
        "graph_path": "graphs/politifact/8_shot_combined_knn_5.pt",
        "model": "GAT",
        "dropout_rate": 0.5,
        "hidden_channels": 128,
        "gat_heads": 8,
        "lr": 0.0001,
        "weight_decay": 0.0001,
        "n_epochs": 300,
        "patience": 30,
        "seed": 42,
        "output_dir": "results"
    },
    "model_name": "GAT_politifact_8_shot_combined_knn_5",
    "training_history": {
        "final_train_loss": 0.4428670108318329,
        "final_train_acc": 0.9375,
        "final_val_loss": 0.5913467407226562,
        "final_val_acc": 0.7549019607843137,
        "final_val_f1": 0.733347275959427,
        "best_val_f1": 0.7855008301051467,
        "best_epoch": 211,
        "total_epochs": 253,
        "training_time_seconds": 3.9650533199310303
    },
    "final_test_metrics": {
        "accuracy": 0.8137254901960784,
        "precision": 0.6388888888888888,
        "recall": 0.7931034482758621,
        "f1_score": 0.7076923076923077,
        "confusion_matrix": [
            [
                60,
                13
            ],
            [
                6,
                23
            ]
        ]
    }
}