{
    "args": {
        "graph_path": "graphs_hetero/politifact/9_shot_roberta_hetero_knn_5_psl10.pt",
        "model": "HAN",
        "target_node_type": "news",
        "dropout_rate": 0.0,
        "hidden_channels": 128,
        "hgt_han_heads": 4,
        "hgt_layers": 1,
        "lr": 0.0001,
        "weight_decay": 0.0001,
        "n_epochs": 300,
        "patience": 30,
        "seed": 42,
        "output_dir_base": "results_hetero"
    },
    "model_name": "HAN_politifact_9_shot_roberta_hetero_knn_5_psl10",
    "training_history": {
        "final_train_loss": 0.20330369472503662,
        "final_train_acc": 1.0,
        "final_val_loss": 0.4649899899959564,
        "final_val_acc": 0.8431372549019608,
        "final_val_f1": 0.8208168642951252,
        "best_val_f1": 0.8609722853248523,
        "best_epoch": 69,
        "total_epochs_run": 300,
        "training_time_seconds": 5.692381381988525
    },
    "final_test_metrics_on_target_node": {
        "accuracy": 0.8823529411764706,
        "precision": 0.849802371541502,
        "recall": 0.8762399622106755,
        "f1_score": 0.8609722853248523,
        "confusion_matrix": [
            [
                65,
                8
            ],
            [
                4,
                25
            ]
        ]
    }
}