{
    "args": {
        "graph_path": "graphs/gossipcop/7_shot_roberta_knn_4_smpf10.pt",
        "model": "GAT",
        "dropout_rate": 0.5,
        "hidden_channels": 128,
        "gat_heads": 8,
        "lr": 0.0001,
        "weight_decay": 0.0001,
        "n_epochs": 300,
        "patience": 30,
        "seed": 42,
        "output_dir": "results"
    },
    "model_name": "GAT_gossipcop_7_shot_roberta_knn_4_smpf10",
    "training_history": {
        "final_train_loss": 0.7154968976974487,
        "final_train_acc": 0.5714285714285714,
        "final_val_loss": 0.625216007232666,
        "final_val_acc": 0.811751497005988,
        "final_val_f1": 0.45000664976603055,
        "best_val_f1": 0.46742745481191983,
        "best_epoch": 6,
        "total_epochs": 60,
        "training_time_seconds": 1.5861382484436035
    },
    "final_test_metrics": {
        "accuracy": 0.6182634730538922,
        "precision": 0.1539491298527443,
        "recall": 0.2286282306163022,
        "f1_score": 0.184,
        "confusion_matrix": [
            [
                1537,
                632
            ],
            [
                388,
                115
            ]
        ]
    }
}