{
    "args": {
        "graph_path": "graphs/politifact/6_shot_roberta_knn_6_psl10.pt",
        "model": "GAT",
        "dropout_rate": 0.5,
        "hidden_channels": 128,
        "gat_heads": 8,
        "lr": 0.0001,
        "weight_decay": 0.0001,
        "n_epochs": 300,
        "patience": 30,
        "seed": 42,
        "output_dir": "results"
    },
    "model_name": "GAT_politifact_6_shot_roberta_knn_6_psl10",
    "training_history": {
        "final_train_loss": 0.6139389872550964,
        "final_train_acc": 0.8333333333333334,
        "final_val_loss": 0.6381483674049377,
        "final_val_acc": 0.6568627450980392,
        "final_val_f1": 0.6349319971367215,
        "best_val_f1": 0.7179723502304147,
        "best_epoch": 49,
        "total_epochs": 79,
        "training_time_seconds": 2.002258539199829
    },
    "final_test_metrics": {
        "accuracy": 0.7941176470588235,
        "precision": 0.7585365853658537,
        "recall": 0.7002834199338687,
        "f1_score": 0.7179723502304147,
        "confusion_matrix": [
            [
                67,
                6
            ],
            [
                15,
                14
            ]
        ]
    }
}