{
  "accuracy": 0.7776946107784432,
  "precision": 0.6525813016438671,
  "recall": 0.6744823818728936,
  "f1_score": 0.6613845112719074
}