{
    "args": {
        "graph_path": "graphs/politifact/8_shot_roberta_knn_4.pt",
        "model": "GAT",
        "dropout_rate": 0.5,
        "hidden_channels": 128,
        "gat_heads": 8,
        "lr": 0.0001,
        "weight_decay": 0.0001,
        "n_epochs": 300,
        "patience": 30,
        "seed": 42,
        "output_dir": "results"
    },
    "model_name": "GAT_politifact_8_shot_roberta_knn_4",
    "training_history": {
        "final_train_loss": 0.41950297355651855,
        "final_train_acc": 0.9375,
        "final_val_loss": 0.5229895114898682,
        "final_val_acc": 0.7745098039215687,
        "final_val_f1": 0.6721174004192872,
        "best_val_f1": 0.720014321518081,
        "best_epoch": 246,
        "total_epochs": 300,
        "training_time_seconds": 4.148163557052612
    },
    "final_test_metrics": {
        "accuracy": 0.7745098039215687,
        "precision": 0.6071428571428571,
        "recall": 0.5862068965517241,
        "f1_score": 0.5964912280701754,
        "confusion_matrix": [
            [
                62,
                11
            ],
            [
                12,
                17
            ]
        ]
    }
}