{
  "accuracy": 0.4019607843137255,
  "f1": 0.3878438551449099,
  "precision": 0.6206008044243339,
  "recall": 0.4019607843137255
}