{
  "accuracy": 0.4019607843137255,
  "f1": 0.40052028133731576,
  "precision": 0.5224358974358975,
  "recall": 0.5198393953708078,
  "confusion_matrix": [
    [
      18,
      55
    ],
    [
      6,
      23
    ]
  ]
}