{
    "args": {
        "graph_path": "graphs_hetero/gossipcop/14_shot_distilbert_hetero_knn_5_smpf10.pt",
        "model": "HGT",
        "target_node_type": "news",
        "dropout_rate": 0.0,
        "hidden_channels": 128,
        "hgt_han_heads": 4,
        "hgt_layers": 1,
        "lr": 0.0001,
        "weight_decay": 0.0001,
        "n_epochs": 300,
        "patience": 30,
        "seed": 42,
        "output_dir_base": "results_hetero"
    },
    "model_name": "HGT_gossipcop_14_shot_distilbert_hetero_knn_5_smpf10",
    "training_history": {
        "final_train_loss": 0.0006771775661036372,
        "final_train_acc": 1.0,
        "final_val_loss": 1.8815969228744507,
        "final_val_acc": 0.6313622754491018,
        "final_val_f1": 0.5579326542332006,
        "best_val_f1": 0.5589895805421486,
        "best_epoch": 139,
        "total_epochs_run": 169,
        "training_time_seconds": 6.1065428256988525
    },
    "final_test_metrics_on_target_node": {
        "accuracy": 0.6302395209580839,
        "precision": 0.5764919809012546,
        "recall": 0.6210693423598566,
        "f1_score": 0.5589895805421486,
        "confusion_matrix": [
            [
                1379,
                790
            ],
            [
                198,
                305
            ]
        ]
    }
}