{
  "accuracy": 0.6549401197604791,
  "precision": 0.5718808222060272,
  "recall": 0.6080336789773118,
  "f1_score": 0.5651824600567477
}