{
    "args": {
        "graph_path": "graphs/politifact/14_shot_roberta_knn_4.pt",
        "model": "GAT",
        "dropout_rate": 0.5,
        "hidden_channels": 128,
        "gat_heads": 8,
        "lr": 0.0001,
        "weight_decay": 0.0001,
        "n_epochs": 300,
        "patience": 30,
        "seed": 42,
        "output_dir": "results"
    },
    "model_name": "GAT_politifact_14_shot_roberta_knn_4",
    "training_history": {
        "final_train_loss": 0.5056052207946777,
        "final_train_acc": 0.6785714285714286,
        "final_val_loss": 0.5568785667419434,
        "final_val_acc": 0.7745098039215687,
        "final_val_f1": 0.6820707412928582,
        "best_val_f1": 0.6988344988344988,
        "best_epoch": 101,
        "total_epochs": 198,
        "training_time_seconds": 3.0245606899261475
    },
    "final_test_metrics": {
        "accuracy": 0.8137254901960784,
        "precision": 1.0,
        "recall": 0.3448275862068966,
        "f1_score": 0.5128205128205128,
        "confusion_matrix": [
            [
                73,
                0
            ],
            [
                19,
                10
            ]
        ]
    }
}