{
    "args": {
        "graph_path": "graphs_hetero/gossipcop/13_shot_roberta_hetero_knn_5_smpf10.pt",
        "model": "HAN",
        "target_node_type": "news",
        "dropout_rate": 0.0,
        "hidden_channels": 128,
        "hgt_han_heads": 4,
        "hgt_layers": 1,
        "lr": 0.0001,
        "weight_decay": 0.0001,
        "n_epochs": 300,
        "patience": 30,
        "seed": 42,
        "output_dir_base": "results_hetero"
    },
    "model_name": "HAN_gossipcop_13_shot_roberta_hetero_knn_5_smpf10",
    "training_history": {
        "final_train_loss": 0.6682377457618713,
        "final_train_acc": 0.5769230769230769,
        "final_val_loss": 0.716401994228363,
        "final_val_acc": 0.31961077844311375,
        "final_val_f1": 0.3191954062294856,
        "best_val_f1": 0.3191954062294856,
        "best_epoch": 1,
        "total_epochs_run": 31,
        "training_time_seconds": 1.2950243949890137
    },
    "final_test_metrics_on_target_node": {
        "accuracy": 0.31961077844311375,
        "precision": 0.49789362756527417,
        "recall": 0.4976897490116929,
        "f1_score": 0.3191954062294856,
        "confusion_matrix": [
            [
                460,
                1709
            ],
            [
                109,
                394
            ]
        ]
    }
}