{
    "args": {
        "graph_path": "graphs_hetero/politifact/4_shot_bigbird_hetero_knn_5_smpf10.pt",
        "model": "HAN",
        "target_node_type": "news",
        "dropout_rate": 0.0,
        "hidden_channels": 128,
        "hgt_han_heads": 4,
        "hgt_layers": 1,
        "lr": 0.0001,
        "weight_decay": 0.0001,
        "n_epochs": 300,
        "patience": 30,
        "seed": 42,
        "output_dir_base": "results_hetero"
    },
    "model_name": "HAN_politifact_4_shot_bigbird_hetero_knn_5_smpf10",
    "training_history": {
        "final_train_loss": 0.3476436138153076,
        "final_train_acc": 0.875,
        "final_val_loss": 0.6657271385192871,
        "final_val_acc": 0.5490196078431373,
        "final_val_f1": 0.5474537037037037,
        "best_val_f1": 0.6085287846481876,
        "best_epoch": 8,
        "total_epochs_run": 102,
        "training_time_seconds": 2.7771289348602295
    },
    "final_test_metrics_on_target_node": {
        "accuracy": 0.6470588235294118,
        "precision": 0.6089564174330268,
        "recall": 0.6287198866320265,
        "f1_score": 0.6085287846481876,
        "confusion_matrix": [
            [
                49,
                24
            ],
            [
                12,
                17
            ]
        ]
    }
}