{
  "accuracy": 0.8627450980392157,
  "precision": 0.8274044795783926,
  "recall": 0.8521492678318374,
  "f1_score": 0.837800999545661
}