{
    "args": {
        "graph_path": "graphs/politifact/15_shot_combined_knn_6.pt",
        "model": "GAT",
        "dropout_rate": 0.5,
        "hidden_channels": 128,
        "gat_heads": 8,
        "lr": 0.0001,
        "weight_decay": 0.0001,
        "n_epochs": 300,
        "patience": 30,
        "seed": 42,
        "output_dir": "results"
    },
    "model_name": "GAT_politifact_15_shot_combined_knn_6",
    "training_history": {
        "final_train_loss": 0.5603085160255432,
        "final_train_acc": 0.8666666666666667,
        "final_val_loss": 0.5696023106575012,
        "final_val_acc": 0.7843137254901961,
        "final_val_f1": 0.7536231884057971,
        "best_val_f1": 0.7926548312779509,
        "best_epoch": 104,
        "total_epochs": 234,
        "training_time_seconds": 3.5825977325439453
    },
    "final_test_metrics": {
        "accuracy": 0.8529411764705882,
        "precision": 0.8888888888888888,
        "recall": 0.5517241379310345,
        "f1_score": 0.6808510638297872,
        "confusion_matrix": [
            [
                71,
                2
            ],
            [
                13,
                16
            ]
        ]
    }
}