{
    "args": {
        "graph_path": "graphs_hetero/politifact/12_shot_roberta_hetero_knn_5_smpf10.pt",
        "model": "HAN",
        "target_node_type": "news",
        "dropout_rate": 0.0,
        "hidden_channels": 128,
        "hgt_han_heads": 4,
        "hgt_layers": 1,
        "lr": 0.0001,
        "weight_decay": 0.0001,
        "n_epochs": 300,
        "patience": 30,
        "seed": 42,
        "output_dir_base": "results_hetero"
    },
    "model_name": "HAN_politifact_12_shot_roberta_hetero_knn_5_smpf10",
    "training_history": {
        "final_train_loss": 0.2086230367422104,
        "final_train_acc": 1.0,
        "final_val_loss": 0.4570472240447998,
        "final_val_acc": 0.8333333333333334,
        "final_val_f1": 0.8047956771361027,
        "best_val_f1": 0.8178571428571428,
        "best_epoch": 119,
        "total_epochs_run": 300,
        "training_time_seconds": 4.261254549026489
    },
    "final_test_metrics_on_target_node": {
        "accuracy": 0.8431372549019608,
        "precision": 0.805543710021322,
        "recall": 0.8384506376948512,
        "f1_score": 0.8178571428571428,
        "confusion_matrix": [
            [
                62,
                11
            ],
            [
                5,
                24
            ]
        ]
    }
}