{
  "accuracy": 0.7383982035928144,
  "precision": 0.616747653549684,
  "recall": 0.6479871348213164,
  "f1_score": 0.6255178200679901
}