{
    "args": {
        "graph_path": "graphs/politifact/4_shot_distilbert_knn_5_smpf10.pt",
        "model": "GAT",
        "dropout_rate": 0.5,
        "hidden_channels": 128,
        "gat_heads": 8,
        "lr": 0.0001,
        "weight_decay": 0.0001,
        "n_epochs": 300,
        "patience": 30,
        "seed": 42,
        "output_dir": "results"
    },
    "model_name": "GAT_politifact_4_shot_distilbert_knn_5_smpf10",
    "training_history": {
        "final_train_loss": 0.29287344217300415,
        "final_train_acc": 1.0,
        "final_val_loss": 0.579494297504425,
        "final_val_acc": 0.7058823529411765,
        "final_val_f1": 0.681912681912682,
        "best_val_f1": 0.712934819317798,
        "best_epoch": 51,
        "total_epochs": 81,
        "training_time_seconds": 2.443187713623047
    },
    "final_test_metrics": {
        "accuracy": 0.7549019607843137,
        "precision": 0.7058823529411764,
        "recall": 0.7248464808691544,
        "f1_score": 0.712934819317798,
        "confusion_matrix": [
            [
                58,
                15
            ],
            [
                10,
                19
            ]
        ]
    }
}