{
    "args": {
        "graph_path": "graphs/politifact/13_shot_distilbert_knn_7_smpf10.pt",
        "model": "GAT",
        "dropout_rate": 0.5,
        "hidden_channels": 128,
        "gat_heads": 8,
        "lr": 0.0001,
        "weight_decay": 0.0001,
        "n_epochs": 300,
        "patience": 30,
        "seed": 42,
        "output_dir": "results"
    },
    "model_name": "GAT_politifact_13_shot_distilbert_knn_7_smpf10",
    "training_history": {
        "final_train_loss": 0.4044332206249237,
        "final_train_acc": 0.8076923076923077,
        "final_val_loss": 0.6458267569541931,
        "final_val_acc": 0.6764705882352942,
        "final_val_f1": 0.6591392405063291,
        "best_val_f1": 0.7120967741935484,
        "best_epoch": 31,
        "total_epochs": 81,
        "training_time_seconds": 2.372509479522705
    },
    "final_test_metrics": {
        "accuracy": 0.7254901960784313,
        "precision": 0.7254901960784313,
        "recall": 0.7770429853566367,
        "f1_score": 0.7120967741935484,
        "confusion_matrix": [
            [
                48,
                25
            ],
            [
                3,
                26
            ]
        ]
    }
}