{
    "args": {
        "graph_path": "graphs/gossipcop/6_shot_combined_mutual_knn_6_smpf10.pt",
        "model": "GAT",
        "dropout_rate": 0.5,
        "hidden_channels": 128,
        "gat_heads": 8,
        "lr": 0.0001,
        "weight_decay": 0.0001,
        "n_epochs": 300,
        "patience": 30,
        "seed": 42,
        "output_dir": "results"
    },
    "model_name": "GAT_gossipcop_6_shot_combined_mutual_knn_6_smpf10",
    "training_history": {
        "final_train_loss": 0.6530064940452576,
        "final_train_acc": 0.6666666666666666,
        "final_val_loss": 0.638866662979126,
        "final_val_acc": 0.751122754491018,
        "final_val_f1": 0.5553414555104972,
        "best_val_f1": 0.5690523787089736,
        "best_epoch": 110,
        "total_epochs": 173,
        "training_time_seconds": 3.078277587890625
    },
    "final_test_metrics": {
        "accuracy": 0.7155688622754491,
        "precision": 0.2896890343698854,
        "recall": 0.3518886679920477,
        "f1_score": 0.3177737881508079,
        "confusion_matrix": [
            [
                1735,
                434
            ],
            [
                326,
                177
            ]
        ]
    }
}