{
    "args": {
        "graph_path": "graphs_hetero/politifact/12_shot_roberta_hetero_knn_5_psl10.pt",
        "model": "HGT",
        "target_node_type": "news",
        "dropout_rate": 0.0,
        "hidden_channels": 128,
        "hgt_han_heads": 4,
        "hgt_layers": 1,
        "lr": 0.0001,
        "weight_decay": 0.0001,
        "n_epochs": 300,
        "patience": 30,
        "seed": 42,
        "output_dir_base": "results_hetero"
    },
    "model_name": "HGT_politifact_12_shot_roberta_hetero_knn_5_psl10",
    "training_history": {
        "final_train_loss": 0.007737359032034874,
        "final_train_acc": 1.0,
        "final_val_loss": 0.40696167945861816,
        "final_val_acc": 0.8235294117647058,
        "final_val_f1": 0.7984189723320159,
        "best_val_f1": 0.8080796900940785,
        "best_epoch": 133,
        "total_epochs_run": 185,
        "training_time_seconds": 5.919245481491089
    },
    "final_test_metrics_on_target_node": {
        "accuracy": 0.8333333333333334,
        "precision": 0.7954545454545454,
        "recall": 0.8316013226263581,
        "f1_score": 0.8080796900940785,
        "confusion_matrix": [
            [
                61,
                12
            ],
            [
                5,
                24
            ]
        ]
    }
}