{
    "args": {
        "graph_path": "graphs/gossipcop/8_shot_combined_mutual_knn_5_smpf10.pt",
        "model": "GAT",
        "dropout_rate": 0.5,
        "hidden_channels": 128,
        "gat_heads": 8,
        "lr": 0.0001,
        "weight_decay": 0.0001,
        "n_epochs": 300,
        "patience": 30,
        "seed": 42,
        "output_dir": "results"
    },
    "model_name": "GAT_gossipcop_8_shot_combined_mutual_knn_5_smpf10",
    "training_history": {
        "final_train_loss": 0.5010921955108643,
        "final_train_acc": 0.9375,
        "final_val_loss": 0.6436837315559387,
        "final_val_acc": 0.749251497005988,
        "final_val_f1": 0.5682719011142398,
        "best_val_f1": 0.574955835583768,
        "best_epoch": 108,
        "total_epochs": 154,
        "training_time_seconds": 2.921091318130493
    },
    "final_test_metrics": {
        "accuracy": 0.7443862275449101,
        "precision": 0.3132780082987552,
        "recall": 0.30019880715705766,
        "f1_score": 0.3065989847715736,
        "confusion_matrix": [
            [
                1838,
                331
            ],
            [
                352,
                151
            ]
        ]
    }
}