{
    "model": "LSTM_politifact_4_shot_bert",
    "dataset": "politifact",
    "embedding": "bert",
    "k_shot": 4,
    "training_time": 0.5423727035522461,
    "best_epoch": 0,
    "final_train_accuracy": 0.5714285714285714,
    "final_train_loss": 0.6150741577148438,
    "final_val_accuracy": 0.0,
    "final_val_loss": 0.7660307884216309,
    "final_val_f1": 0.0,
    "test_metrics": {
        "accuracy": 0.7156862745098039,
        "precision": 0.35784313725490197,
        "recall": 0.5,
        "f1_score": 0.41714285714285715,
        "confusion_matrix": [
            [
                73,
                0
            ],
            [
                29,
                0
            ]
        ]
    }
}