{
    "args": {
        "graph_path": "graphs_hetero/politifact/10_shot_roberta_hetero_knn_5_smpf10.pt",
        "model": "HAN",
        "target_node_type": "news",
        "dropout_rate": 0.0,
        "hidden_channels": 128,
        "hgt_han_heads": 4,
        "hgt_layers": 1,
        "lr": 0.0001,
        "weight_decay": 0.0001,
        "n_epochs": 300,
        "patience": 30,
        "seed": 42,
        "output_dir_base": "results_hetero"
    },
    "model_name": "HAN_politifact_10_shot_roberta_hetero_knn_5_smpf10",
    "training_history": {
        "final_train_loss": 0.20010223984718323,
        "final_train_acc": 1.0,
        "final_val_loss": 0.4508827328681946,
        "final_val_acc": 0.8529411764705882,
        "final_val_f1": 0.8306585500830106,
        "best_val_f1": 0.8713745271122321,
        "best_epoch": 63,
        "total_epochs_run": 300,
        "training_time_seconds": 7.612049341201782
    },
    "final_test_metrics_on_target_node": {
        "accuracy": 0.8921568627450981,
        "precision": 0.8620535714285714,
        "recall": 0.8830892772791685,
        "f1_score": 0.8713745271122321,
        "confusion_matrix": [
            [
                66,
                7
            ],
            [
                4,
                25
            ]
        ]
    }
}