{
  "accuracy": 0.7589820359281437,
  "precision": 0.6201157868743281,
  "recall": 0.6324157406872734,
  "f1_score": 0.6252983210404741
}