{
    "args": {
        "graph_path": "graphs/gossipcop/11_shot_combined_mutual_knn_7_smpf10.pt",
        "model": "GAT",
        "dropout_rate": 0.5,
        "hidden_channels": 128,
        "gat_heads": 8,
        "lr": 0.0001,
        "weight_decay": 0.0001,
        "n_epochs": 300,
        "patience": 30,
        "seed": 42,
        "output_dir": "results"
    },
    "model_name": "GAT_gossipcop_11_shot_combined_mutual_knn_7_smpf10",
    "training_history": {
        "final_train_loss": 0.5413811206817627,
        "final_train_acc": 0.8181818181818182,
        "final_val_loss": 0.6363750100135803,
        "final_val_acc": 0.7069610778443114,
        "final_val_f1": 0.5702657986437398,
        "best_val_f1": 0.5788539672161771,
        "best_epoch": 183,
        "total_epochs": 213,
        "training_time_seconds": 3.744537115097046
    },
    "final_test_metrics": {
        "accuracy": 0.7776946107784432,
        "precision": 0.3633633633633634,
        "recall": 0.24055666003976142,
        "f1_score": 0.2894736842105263,
        "confusion_matrix": [
            [
                1957,
                212
            ],
            [
                382,
                121
            ]
        ]
    }
}