{
    "args": {
        "graph_path": "graphs/gossipcop/10_shot_roberta_mutual_knn_7_smpf10.pt",
        "model": "GAT",
        "dropout_rate": 0.5,
        "hidden_channels": 128,
        "gat_heads": 8,
        "lr": 0.0001,
        "weight_decay": 0.0001,
        "n_epochs": 300,
        "patience": 30,
        "seed": 42,
        "output_dir": "results"
    },
    "model_name": "GAT_gossipcop_10_shot_roberta_mutual_knn_7_smpf10",
    "training_history": {
        "final_train_loss": 0.606050968170166,
        "final_train_acc": 0.65,
        "final_val_loss": 0.6403382420539856,
        "final_val_acc": 0.7840568862275449,
        "final_val_f1": 0.4543764189187994,
        "best_val_f1": 0.47589577097039115,
        "best_epoch": 7,
        "total_epochs": 61,
        "training_time_seconds": 4.160870313644409
    },
    "final_test_metrics": {
        "accuracy": 0.6216317365269461,
        "precision": 0.48430687073331863,
        "recall": 0.47909820926905144,
        "f1_score": 0.47589577097039115,
        "confusion_matrix": [
            [
                1535,
                634
            ],
            [
                377,
                126
            ]
        ]
    }
}