{
    "args": {
        "graph_path": "graphs/gossipcop/5_shot_combined_knn_6_smpf10.pt",
        "model": "GAT",
        "dropout_rate": 0.5,
        "hidden_channels": 128,
        "gat_heads": 8,
        "lr": 0.0001,
        "weight_decay": 0.0001,
        "n_epochs": 300,
        "patience": 30,
        "seed": 42,
        "output_dir": "results"
    },
    "model_name": "GAT_gossipcop_5_shot_combined_knn_6_smpf10",
    "training_history": {
        "final_train_loss": 0.5356878042221069,
        "final_train_acc": 1.0,
        "final_val_loss": 0.634792149066925,
        "final_val_acc": 0.7941616766467066,
        "final_val_f1": 0.6332129012420246,
        "best_val_f1": 0.6383513309002128,
        "best_epoch": 56,
        "total_epochs": 116,
        "training_time_seconds": 5.054564476013184
    },
    "final_test_metrics": {
        "accuracy": 0.8061377245508982,
        "precision": 0.6669347388208361,
        "recall": 0.6240491582547133,
        "f1_score": 0.6383513309002128,
        "confusion_matrix": [
            [
                1987,
                182
            ],
            [
                336,
                167
            ]
        ]
    }
}