{
    "args": {
        "graph_path": "graphs/gossipcop/10_shot_distilbert_knn_5_smpf10.pt",
        "model": "GAT",
        "dropout_rate": 0.5,
        "hidden_channels": 128,
        "gat_heads": 8,
        "lr": 0.0001,
        "weight_decay": 0.0001,
        "n_epochs": 300,
        "patience": 30,
        "seed": 42,
        "output_dir": "results"
    },
    "model_name": "GAT_gossipcop_10_shot_distilbert_knn_5_smpf10",
    "training_history": {
        "final_train_loss": 0.3613058030605316,
        "final_train_acc": 0.85,
        "final_val_loss": 0.6241482496261597,
        "final_val_acc": 0.6740269461077845,
        "final_val_f1": 0.5489648609914659,
        "best_val_f1": 0.5626829972369994,
        "best_epoch": 92,
        "total_epochs": 122,
        "training_time_seconds": 5.994396448135376
    },
    "final_test_metrics": {
        "accuracy": 0.7148203592814372,
        "precision": 0.5600013626995077,
        "recall": 0.567802039766931,
        "f1_score": 0.5626829972369994,
        "confusion_matrix": [
            [
                1743,
                426
            ],
            [
                336,
                167
            ]
        ]
    }
}