{
    "args": {
        "graph_path": "graphs/politifact/16_shot_combined_knn_3_smpf10.pt",
        "model": "GAT",
        "dropout_rate": 0.5,
        "hidden_channels": 128,
        "gat_heads": 8,
        "lr": 0.0001,
        "weight_decay": 0.0001,
        "n_epochs": 300,
        "patience": 30,
        "seed": 42,
        "output_dir": "results"
    },
    "model_name": "GAT_politifact_16_shot_combined_knn_3_smpf10",
    "training_history": {
        "final_train_loss": 0.828549861907959,
        "final_train_acc": 0.78125,
        "final_val_loss": 0.6451595425605774,
        "final_val_acc": 0.7549019607843137,
        "final_val_f1": 0.7221919599084867,
        "best_val_f1": 0.7473858007705008,
        "best_epoch": 54,
        "total_epochs": 84,
        "training_time_seconds": 1.9125981330871582
    },
    "final_test_metrics": {
        "accuracy": 0.8235294117647058,
        "precision": 0.8235294117647058,
        "recall": 0.4827586206896552,
        "f1_score": 0.6086956521739131,
        "confusion_matrix": [
            [
                70,
                3
            ],
            [
                15,
                14
            ]
        ]
    }
}