{
    "args": {
        "graph_path": "graphs_hetero/gossipcop/15_shot_distilbert_hetero_knn_5_smpf10.pt",
        "model": "HAN",
        "target_node_type": "news",
        "dropout_rate": 0.0,
        "hidden_channels": 128,
        "hgt_han_heads": 4,
        "hgt_layers": 1,
        "lr": 0.0001,
        "weight_decay": 0.0001,
        "n_epochs": 300,
        "patience": 30,
        "seed": 42,
        "output_dir_base": "results_hetero"
    },
    "model_name": "HAN_gossipcop_15_shot_distilbert_hetero_knn_5_smpf10",
    "training_history": {
        "final_train_loss": 0.45724207162857056,
        "final_train_acc": 0.8666666666666667,
        "final_val_loss": 0.6808032393455505,
        "final_val_acc": 0.5898203592814372,
        "final_val_f1": 0.5198518359177228,
        "best_val_f1": 0.5248733338393872,
        "best_epoch": 19,
        "total_epochs_run": 83,
        "training_time_seconds": 3.0439250469207764
    },
    "final_test_metrics_on_target_node": {
        "accuracy": 0.6186377245508982,
        "precision": 0.53875378107714,
        "recall": 0.5589501258928677,
        "f1_score": 0.5248733338393872,
        "confusion_matrix": [
            [
                1420,
                749
            ],
            [
                270,
                233
            ]
        ]
    }
}