{
  "accuracy": 0.5980392156862745,
  "f1": 0.5865546218487395,
  "precision": 0.6203416149068323,
  "recall": 0.6464336324988191,
  "confusion_matrix": [
    [
      39,
      34
    ],
    [
      7,
      22
    ]
  ]
}