{
  "accuracy": 0.7312874251497006,
  "precision": 0.6117780725229167,
  "recall": 0.6443707510584258,
  "f1_score": 0.6199995721643807
}