{
  "accuracy": 0.8431372549019608,
  "precision": 0.8128748500599761,
  "recall": 0.8696268304204062,
  "f1_score": 0.8260127931769723
}