{
    "args": {
        "graph_path": "graphs/gossipcop/9_shot_roberta_mutual_knn_5_smpf10.pt",
        "model": "GAT",
        "dropout_rate": 0.5,
        "hidden_channels": 128,
        "gat_heads": 8,
        "lr": 0.0001,
        "weight_decay": 0.0001,
        "n_epochs": 300,
        "patience": 30,
        "seed": 42,
        "output_dir": "results"
    },
    "model_name": "GAT_gossipcop_9_shot_roberta_mutual_knn_5_smpf10",
    "training_history": {
        "final_train_loss": 0.6648199558258057,
        "final_train_acc": 0.5555555555555556,
        "final_val_loss": 0.5986135005950928,
        "final_val_acc": 0.7406437125748503,
        "final_val_f1": 0.5166323267872204,
        "best_val_f1": 0.555658661213078,
        "best_epoch": 197,
        "total_epochs": 247,
        "training_time_seconds": 13.717895030975342
    },
    "final_test_metrics": {
        "accuracy": 0.6684131736526946,
        "precision": 0.5571294982608576,
        "recall": 0.5796837233858261,
        "f1_score": 0.555658661213078,
        "confusion_matrix": [
            [
                1566,
                603
            ],
            [
                283,
                220
            ]
        ]
    }
}