{
    "args": {
        "graph_path": "graphs/politifact/4_shot_roberta_knn_6.pt",
        "model": "GAT",
        "dropout_rate": 0.5,
        "hidden_channels": 128,
        "gat_heads": 8,
        "lr": 0.0001,
        "weight_decay": 0.0001,
        "n_epochs": 300,
        "patience": 30,
        "seed": 42,
        "output_dir": "results"
    },
    "model_name": "GAT_politifact_4_shot_roberta_knn_6",
    "training_history": {
        "final_train_loss": 0.418542742729187,
        "final_train_acc": 1.0,
        "final_val_loss": 0.511757493019104,
        "final_val_acc": 0.7843137254901961,
        "final_val_f1": 0.6701940035273368,
        "best_val_f1": 0.7350023618327822,
        "best_epoch": 244,
        "total_epochs": 300,
        "training_time_seconds": 4.364490747451782
    },
    "final_test_metrics": {
        "accuracy": 0.7843137254901961,
        "precision": 0.6206896551724138,
        "recall": 0.6206896551724138,
        "f1_score": 0.6206896551724138,
        "confusion_matrix": [
            [
                62,
                11
            ],
            [
                11,
                18
            ]
        ]
    }
}