{
    "args": {
        "graph_path": "graphs/gossipcop/9_shot_combined_knn_5_smpf10.pt",
        "model": "GAT",
        "dropout_rate": 0.5,
        "hidden_channels": 128,
        "gat_heads": 8,
        "lr": 0.0001,
        "weight_decay": 0.0001,
        "n_epochs": 300,
        "patience": 30,
        "seed": 42,
        "output_dir": "results"
    },
    "model_name": "GAT_gossipcop_9_shot_combined_knn_5_smpf10",
    "training_history": {
        "final_train_loss": 0.5967757105827332,
        "final_train_acc": 0.9444444444444444,
        "final_val_loss": 0.6361238360404968,
        "final_val_acc": 0.7967814371257484,
        "final_val_f1": 0.6092791936624905,
        "best_val_f1": 0.620548869244151,
        "best_epoch": 39,
        "total_epochs": 92,
        "training_time_seconds": 4.5644636154174805
    },
    "final_test_metrics": {
        "accuracy": 0.7844311377245509,
        "precision": 0.6321059587316593,
        "recall": 0.6129694859886325,
        "f1_score": 0.620548869244151,
        "confusion_matrix": [
            [
                1926,
                243
            ],
            [
                333,
                170
            ]
        ]
    }
}