{
    "args": {
        "graph_path": "graphs/gossipcop/5_shot_roberta_knn_6_smpf10.pt",
        "model": "GAT",
        "dropout_rate": 0.5,
        "hidden_channels": 128,
        "gat_heads": 8,
        "lr": 0.0001,
        "weight_decay": 0.0001,
        "n_epochs": 300,
        "patience": 30,
        "seed": 42,
        "output_dir": "results"
    },
    "model_name": "GAT_gossipcop_5_shot_roberta_knn_6_smpf10",
    "training_history": {
        "final_train_loss": 0.5736337900161743,
        "final_train_acc": 0.7,
        "final_val_loss": 0.5663855671882629,
        "final_val_acc": 0.7694610778443114,
        "final_val_f1": 0.4770738154391628,
        "best_val_f1": 0.4800856146442951,
        "best_epoch": 186,
        "total_epochs": 241,
        "training_time_seconds": 3.7074406147003174
    },
    "final_test_metrics": {
        "accuracy": 0.781062874251497,
        "precision": 0.19852941176470587,
        "recall": 0.0536779324055666,
        "f1_score": 0.08450704225352113,
        "confusion_matrix": [
            [
                2060,
                109
            ],
            [
                476,
                27
            ]
        ]
    }
}