{
    "args": {
        "graph_path": "graphs/gossipcop/15_shot_bert_knn_5_smpf10.pt",
        "model": "GAT",
        "dropout_rate": 0.5,
        "hidden_channels": 128,
        "gat_heads": 8,
        "lr": 0.0001,
        "weight_decay": 0.0001,
        "n_epochs": 300,
        "patience": 30,
        "seed": 42,
        "output_dir": "results"
    },
    "model_name": "GAT_gossipcop_15_shot_bert_knn_5_smpf10",
    "training_history": {
        "final_train_loss": 0.4637090861797333,
        "final_train_acc": 0.7666666666666667,
        "final_val_loss": 0.6860628724098206,
        "final_val_acc": 0.6163922155688623,
        "final_val_f1": 0.5312090537519452,
        "best_val_f1": 0.5460634286155791,
        "best_epoch": 31,
        "total_epochs": 73,
        "training_time_seconds": 2.4010519981384277
    },
    "final_test_metrics": {
        "accuracy": 0.7267964071856288,
        "precision": 0.5468496255037658,
        "recall": 0.5454016335367234,
        "f1_score": 0.5460634286155791,
        "confusion_matrix": [
            [
                1814,
                355
            ],
            [
                375,
                128
            ]
        ]
    }
}