{
    "args": {
        "graph_path": "graphs/gossipcop/9_shot_bert_knn_8_smpf10.pt",
        "model": "GAT",
        "dropout_rate": 0.5,
        "hidden_channels": 128,
        "gat_heads": 8,
        "lr": 0.0001,
        "weight_decay": 0.0001,
        "n_epochs": 300,
        "patience": 30,
        "seed": 42,
        "output_dir": "results"
    },
    "model_name": "GAT_gossipcop_9_shot_bert_knn_8_smpf10",
    "training_history": {
        "final_train_loss": 0.33479297161102295,
        "final_train_acc": 0.8888888888888888,
        "final_val_loss": 0.6729581952095032,
        "final_val_acc": 0.6440868263473054,
        "final_val_f1": 0.5509279410868084,
        "best_val_f1": 0.5867961052003435,
        "best_epoch": 65,
        "total_epochs": 95,
        "training_time_seconds": 4.22349739074707
    },
    "final_test_metrics": {
        "accuracy": 0.7455089820359282,
        "precision": 0.5861604760705221,
        "recall": 0.5874682747223436,
        "f1_score": 0.5867961052003435,
        "confusion_matrix": [
            [
                1824,
                345
            ],
            [
                335,
                168
            ]
        ]
    }
}