{
  "accuracy": 0.811751497005988,
  "f1": 0.7274071460466797,
  "precision": 0.6589404928914626,
  "recall": 0.811751497005988
}