{
    "args": {
        "graph_path": "graphs/politifact/11_shot_roberta_knn_7.pt",
        "model": "GAT",
        "dropout_rate": 0.5,
        "hidden_channels": 128,
        "gat_heads": 8,
        "lr": 0.0001,
        "weight_decay": 0.0001,
        "n_epochs": 300,
        "patience": 30,
        "seed": 42,
        "output_dir": "results"
    },
    "model_name": "GAT_politifact_11_shot_roberta_knn_7",
    "training_history": {
        "final_train_loss": 0.4987890124320984,
        "final_train_acc": 0.8181818181818182,
        "final_val_loss": 0.5726221203804016,
        "final_val_acc": 0.7647058823529411,
        "final_val_f1": 0.7109116674539442,
        "best_val_f1": 0.7373627862854045,
        "best_epoch": 118,
        "total_epochs": 171,
        "training_time_seconds": 2.7173373699188232
    },
    "final_test_metrics": {
        "accuracy": 0.8137254901960784,
        "precision": 0.7777777777777778,
        "recall": 0.4827586206896552,
        "f1_score": 0.5957446808510638,
        "confusion_matrix": [
            [
                69,
                4
            ],
            [
                15,
                14
            ]
        ]
    }
}