{
    "args": {
        "graph_path": "graphs/gossipcop/16_shot_combined_mutual_knn_7_smpf10.pt",
        "model": "GAT",
        "dropout_rate": 0.5,
        "hidden_channels": 128,
        "gat_heads": 8,
        "lr": 0.0001,
        "weight_decay": 0.0001,
        "n_epochs": 300,
        "patience": 30,
        "seed": 42,
        "output_dir": "results"
    },
    "model_name": "GAT_gossipcop_16_shot_combined_mutual_knn_7_smpf10",
    "training_history": {
        "final_train_loss": 0.6070846915245056,
        "final_train_acc": 0.6875,
        "final_val_loss": 0.6824904084205627,
        "final_val_acc": 0.5707335329341318,
        "final_val_f1": 0.502588265157155,
        "best_val_f1": 0.5245547067725383,
        "best_epoch": 39,
        "total_epochs": 111,
        "training_time_seconds": 2.304213762283325
    },
    "final_test_metrics": {
        "accuracy": 0.6508233532934131,
        "precision": 0.22853535353535354,
        "recall": 0.35984095427435386,
        "f1_score": 0.27953667953667954,
        "confusion_matrix": [
            [
                1558,
                611
            ],
            [
                322,
                181
            ]
        ]
    }
}