{
    "args": {
        "graph_path": "graphs_hetero/gossipcop/13_shot_roberta_hetero_dual_knn_sim5_dis5_psl10.pt",
        "model": "HAN",
        "target_node_type": "news",
        "dropout_rate": 0.0,
        "hidden_channels": 128,
        "hgt_han_heads": 4,
        "hgt_layers": 1,
        "lr": 0.0001,
        "weight_decay": 0.0001,
        "n_epochs": 300,
        "patience": 30,
        "seed": 42,
        "output_dir_base": "results_hetero"
    },
    "model_name": "HAN_gossipcop_13_shot_roberta_hetero_dual_knn_sim5_dis5_psl10",
    "training_history": {
        "final_train_loss": 0.23351334035396576,
        "final_train_acc": 1.0,
        "final_val_loss": 0.5825351476669312,
        "final_val_acc": 0.7054640718562875,
        "final_val_f1": 0.5976839022019765,
        "best_val_f1": 0.6138268961235469,
        "best_epoch": 114,
        "total_epochs_run": 300,
        "training_time_seconds": 5.418594121932983
    },
    "final_test_metrics_on_target_node": {
        "accuracy": 0.7672155688622755,
        "precision": 0.6155002144820141,
        "recall": 0.6122912135302523,
        "f1_score": 0.6138268961235469,
        "confusion_matrix": [
            [
                1867,
                302
            ],
            [
                320,
                183
            ]
        ]
    }
}