{
    "args": {
        "graph_path": "graphs/politifact/14_shot_combined_knn_4_smpf10.pt",
        "model": "GAT",
        "dropout_rate": 0.5,
        "hidden_channels": 128,
        "gat_heads": 8,
        "lr": 0.0001,
        "weight_decay": 0.0001,
        "n_epochs": 300,
        "patience": 30,
        "seed": 42,
        "output_dir": "results"
    },
    "model_name": "GAT_politifact_14_shot_combined_knn_4_smpf10",
    "training_history": {
        "final_train_loss": 0.5556668043136597,
        "final_train_acc": 0.8928571428571429,
        "final_val_loss": 0.5762407183647156,
        "final_val_acc": 0.8137254901960784,
        "final_val_f1": 0.7687074829931972,
        "best_val_f1": 0.7985185185185185,
        "best_epoch": 153,
        "total_epochs": 209,
        "training_time_seconds": 3.3121702671051025
    },
    "final_test_metrics": {
        "accuracy": 0.8431372549019608,
        "precision": 0.76,
        "recall": 0.6551724137931034,
        "f1_score": 0.7037037037037037,
        "confusion_matrix": [
            [
                67,
                6
            ],
            [
                10,
                19
            ]
        ]
    }
}