{
    "args": {
        "graph_path": "graphs/politifact/16_shot_roberta_mutual_knn_4.pt",
        "model": "GAT",
        "dropout_rate": 0.5,
        "hidden_channels": 128,
        "gat_heads": 8,
        "lr": 0.0001,
        "weight_decay": 0.0001,
        "n_epochs": 300,
        "patience": 30,
        "seed": 42,
        "output_dir": "results"
    },
    "model_name": "GAT_politifact_16_shot_roberta_mutual_knn_4",
    "training_history": {
        "final_train_loss": 0.7211858630180359,
        "final_train_acc": 0.59375,
        "final_val_loss": 0.6607310771942139,
        "final_val_acc": 0.6568627450980392,
        "final_val_f1": 0.6384810126582279,
        "best_val_f1": 0.6489600478826875,
        "best_epoch": 23,
        "total_epochs": 53,
        "training_time_seconds": 1.6975691318511963
    },
    "final_test_metrics": {
        "accuracy": 0.7745098039215687,
        "precision": 0.75,
        "recall": 0.3103448275862069,
        "f1_score": 0.43902439024390244,
        "confusion_matrix": [
            [
                70,
                3
            ],
            [
                20,
                9
            ]
        ]
    }
}