{
  "accuracy": 0.7843137254901961,
  "precision": 0.7402985074626866,
  "recall": 0.7661785545583373,
  "f1_score": 0.7495535714285715
}