{
  "accuracy": 0.780688622754491,
  "precision": 0.6467224017549139,
  "recall": 0.6541846202636646,
  "f1_score": 0.6501930225907921
}