{
    "args": {
        "graph_path": "graphs/gossipcop/9_shot_roberta_knn_6_smpf10.pt",
        "model": "GAT",
        "dropout_rate": 0.5,
        "hidden_channels": 128,
        "gat_heads": 8,
        "lr": 0.0001,
        "weight_decay": 0.0001,
        "n_epochs": 300,
        "patience": 30,
        "seed": 42,
        "output_dir": "results"
    },
    "model_name": "GAT_gossipcop_9_shot_roberta_knn_6_smpf10",
    "training_history": {
        "final_train_loss": 0.7259400486946106,
        "final_train_acc": 0.2222222222222222,
        "final_val_loss": 0.5922130942344666,
        "final_val_acc": 0.8102544910179641,
        "final_val_f1": 0.4475914823237544,
        "best_val_f1": 0.4496489933231493,
        "best_epoch": 1,
        "total_epochs": 41,
        "training_time_seconds": 1.7242002487182617
    },
    "final_test_metrics": {
        "accuracy": 0.7844311377245509,
        "precision": 0.4392369085245231,
        "recall": 0.48775305749642306,
        "f1_score": 0.4496489933231493,
        "confusion_matrix": [
            [
                2090,
                79
            ],
            [
                497,
                6
            ]
        ]
    }
}