{
    "args": {
        "graph_path": "graphs/gossipcop/9_shot_roberta_knn_6_smpf10.pt",
        "model": "GAT",
        "dropout_rate": 0.5,
        "hidden_channels": 128,
        "gat_heads": 8,
        "lr": 0.0001,
        "weight_decay": 0.0001,
        "n_epochs": 300,
        "patience": 30,
        "seed": 42,
        "output_dir": "results"
    },
    "model_name": "GAT_gossipcop_9_shot_roberta_knn_6_smpf10",
    "training_history": {
        "final_train_loss": 0.6167700290679932,
        "final_train_acc": 0.6666666666666666,
        "final_val_loss": 0.598372757434845,
        "final_val_acc": 0.8061377245508982,
        "final_val_f1": 0.44633236634894324,
        "best_val_f1": 0.45962720983272426,
        "best_epoch": 1,
        "total_epochs": 55,
        "training_time_seconds": 1.6665019989013672
    },
    "final_test_metrics": {
        "accuracy": 0.7518712574850299,
        "precision": 0.10784313725490197,
        "recall": 0.0437375745526839,
        "f1_score": 0.06223479490806223,
        "confusion_matrix": [
            [
                1987,
                182
            ],
            [
                481,
                22
            ]
        ]
    }
}