{
    "args": {
        "graph_path": "graphs_hetero/gossipcop/5_shot_roberta_hetero_knn_5_smpf10.pt",
        "model": "HAN",
        "target_node_type": "news",
        "dropout_rate": 0.0,
        "hidden_channels": 128,
        "hgt_han_heads": 4,
        "hgt_layers": 1,
        "lr": 0.0001,
        "weight_decay": 0.0001,
        "n_epochs": 300,
        "patience": 30,
        "seed": 42,
        "output_dir_base": "results_hetero"
    },
    "model_name": "HAN_gossipcop_5_shot_roberta_hetero_knn_5_smpf10",
    "training_history": {
        "final_train_loss": 0.17906075716018677,
        "final_train_acc": 1.0,
        "final_val_loss": 0.5930555462837219,
        "final_val_acc": 0.7252994011976048,
        "final_val_f1": 0.6003609134337555,
        "best_val_f1": 0.6206652929755078,
        "best_epoch": 109,
        "total_epochs_run": 300,
        "training_time_seconds": 5.841285943984985
    },
    "final_test_metrics_on_target_node": {
        "accuracy": 0.7765718562874252,
        "precision": 0.6258114826778137,
        "recall": 0.6165272083497173,
        "f1_score": 0.6206652929755078,
        "confusion_matrix": [
            [
                1894,
                275
            ],
            [
                322,
                181
            ]
        ]
    }
}