{
    "args": {
        "graph_path": "graphs_hetero/gossipcop/5_shot_roberta_hetero_knn_5_smpf10.pt",
        "model": "HAN",
        "target_node_type": "news",
        "dropout_rate": 0.0,
        "hidden_channels": 128,
        "hgt_han_heads": 4,
        "hgt_layers": 1,
        "lr": 0.0001,
        "weight_decay": 0.0001,
        "n_epochs": 300,
        "patience": 30,
        "seed": 42,
        "output_dir_base": "results_hetero"
    },
    "model_name": "HAN_gossipcop_5_shot_roberta_hetero_knn_5_smpf10",
    "training_history": {
        "final_train_loss": 0.17832739651203156,
        "final_train_acc": 1.0,
        "final_val_loss": 0.5944617986679077,
        "final_val_acc": 0.7230538922155688,
        "final_val_f1": 0.5985576923076923,
        "best_val_f1": 0.6162238651016209,
        "best_epoch": 104,
        "total_epochs_run": 300,
        "training_time_seconds": 6.595327377319336
    },
    "final_test_metrics_on_target_node": {
        "accuracy": 0.7672155688622755,
        "precision": 0.617144846576253,
        "recall": 0.6153452727617696,
        "f1_score": 0.6162238651016209,
        "confusion_matrix": [
            [
                1863,
                306
            ],
            [
                316,
                187
            ]
        ]
    }
}