{
  "accuracy": 0.35294117647058826,
  "f1": 0.3519445514054679,
  "precision": 0.44987012987012986,
  "recall": 0.454416627302787,
  "confusion_matrix": [
    [
      16,
      57
    ],
    [
      9,
      20
    ]
  ]
}