{
  "accuracy": 0.35294117647058826,
  "f1": 0.34098167568914356,
  "precision": 0.5318869365928189,
  "recall": 0.35294117647058826
}