{
    "args": {
        "graph_path": "graphs_hetero/gossipcop/7_shot_roberta_hetero_knn_5_smpf10.pt",
        "model": "HAN",
        "target_node_type": "news",
        "dropout_rate": 0.0,
        "hidden_channels": 128,
        "hgt_han_heads": 4,
        "hgt_layers": 1,
        "lr": 0.0001,
        "weight_decay": 0.0001,
        "n_epochs": 300,
        "patience": 30,
        "seed": 42,
        "output_dir_base": "results_hetero"
    },
    "model_name": "HAN_gossipcop_7_shot_roberta_hetero_knn_5_smpf10",
    "training_history": {
        "final_train_loss": 0.19091609120368958,
        "final_train_acc": 1.0,
        "final_val_loss": 0.6024317741394043,
        "final_val_acc": 0.6953592814371258,
        "final_val_f1": 0.6038906356084072,
        "best_val_f1": 0.6083607512178941,
        "best_epoch": 113,
        "total_epochs_run": 300,
        "training_time_seconds": 4.7669618129730225
    },
    "final_test_metrics_on_target_node": {
        "accuracy": 0.7155688622754491,
        "precision": 0.6019638786603542,
        "recall": 0.6369794144308881,
        "f1_score": 0.6083607512178941,
        "confusion_matrix": [
            [
                1655,
                514
            ],
            [
                246,
                257
            ]
        ]
    }
}