{
    "args": {
        "graph_path": "graphs_hetero/gossipcop/7_shot_roberta_hetero_knn_5_smpf10.pt",
        "model": "HAN",
        "target_node_type": "news",
        "dropout_rate": 0.0,
        "hidden_channels": 128,
        "hgt_han_heads": 4,
        "hgt_layers": 1,
        "lr": 0.0001,
        "weight_decay": 0.0001,
        "n_epochs": 300,
        "patience": 30,
        "seed": 42,
        "output_dir_base": "results_hetero"
    },
    "model_name": "HAN_gossipcop_7_shot_roberta_hetero_knn_5_smpf10",
    "training_history": {
        "final_train_loss": 0.1896906942129135,
        "final_train_acc": 1.0,
        "final_val_loss": 0.6017308235168457,
        "final_val_acc": 0.6972305389221557,
        "final_val_f1": 0.6053992077126531,
        "best_val_f1": 0.6155626237436604,
        "best_epoch": 46,
        "total_epochs_run": 300,
        "training_time_seconds": 5.8455588817596436
    },
    "final_test_metrics_on_target_node": {
        "accuracy": 0.7728293413173652,
        "precision": 0.6200153313939776,
        "recall": 0.6119314541519899,
        "f1_score": 0.6155626237436604,
        "confusion_matrix": [
            [
                1887,
                282
            ],
            [
                325,
                178
            ]
        ]
    }
}