{
  "accuracy": 0.655314371257485,
  "precision": 0.571626441274184,
  "recall": 0.6075006851468414,
  "f1_score": 0.5650942520935337
}