{
    "args": {
        "graph_path": "graphs/politifact/8_shot_combined_knn_3.pt",
        "model": "GAT",
        "dropout_rate": 0.5,
        "hidden_channels": 128,
        "gat_heads": 8,
        "lr": 0.0001,
        "weight_decay": 0.0001,
        "n_epochs": 300,
        "patience": 30,
        "seed": 42,
        "output_dir": "results"
    },
    "model_name": "GAT_politifact_8_shot_combined_knn_3",
    "training_history": {
        "final_train_loss": 0.4485172629356384,
        "final_train_acc": 0.875,
        "final_val_loss": 0.5467657446861267,
        "final_val_acc": 0.7843137254901961,
        "final_val_f1": 0.7292471042471043,
        "best_val_f1": 0.7984189723320159,
        "best_epoch": 275,
        "total_epochs": 300,
        "training_time_seconds": 4.6798083782196045
    },
    "final_test_metrics": {
        "accuracy": 0.8235294117647058,
        "precision": 0.6486486486486487,
        "recall": 0.8275862068965517,
        "f1_score": 0.7272727272727273,
        "confusion_matrix": [
            [
                60,
                13
            ],
            [
                5,
                24
            ]
        ]
    }
}