{
    "args": {
        "graph_path": "graphs/politifact/8_shot_roberta_knn_4_smpf10.pt",
        "model": "GAT",
        "dropout_rate": 0.5,
        "hidden_channels": 128,
        "gat_heads": 8,
        "lr": 0.0001,
        "weight_decay": 0.0001,
        "n_epochs": 300,
        "patience": 30,
        "seed": 42,
        "output_dir": "results"
    },
    "model_name": "GAT_politifact_8_shot_roberta_knn_4_smpf10",
    "training_history": {
        "final_train_loss": 0.6413633227348328,
        "final_train_acc": 0.625,
        "final_val_loss": 0.5774688124656677,
        "final_val_acc": 0.7549019607843137,
        "final_val_f1": 0.6316625740286004,
        "best_val_f1": 0.7097167637891313,
        "best_epoch": 85,
        "total_epochs": 145,
        "training_time_seconds": 2.5035033226013184
    },
    "final_test_metrics": {
        "accuracy": 0.7941176470588235,
        "precision": 0.7222222222222222,
        "recall": 0.4482758620689655,
        "f1_score": 0.5531914893617021,
        "confusion_matrix": [
            [
                68,
                5
            ],
            [
                16,
                13
            ]
        ]
    }
}