{
    "args": {
        "graph_path": "graphs_hetero/gossipcop/7_shot_roberta_hetero_dual_knn_sim5_dis5_smpf10_mv3.pt",
        "model": "HGT",
        "target_node_type": "news",
        "dropout_rate": 0.0,
        "hidden_channels": 128,
        "hgt_han_heads": 4,
        "hgt_layers": 1,
        "lr": 0.0001,
        "weight_decay": 0.0001,
        "n_epochs": 300,
        "patience": 30,
        "seed": 42,
        "output_dir_base": "results_hetero"
    },
    "model_name": "HGT_gossipcop_7_shot_roberta_hetero_dual_knn_sim5_dis5_smpf10_mv3",
    "training_history": {
        "final_train_loss": 0.0014192980015650392,
        "final_train_acc": 1.0,
        "final_val_loss": 0.7423951625823975,
        "final_val_acc": 0.6744011976047904,
        "final_val_f1": 0.5809148828002466,
        "best_val_f1": 0.5897628214108108,
        "best_epoch": 165,
        "total_epochs_run": 195,
        "training_time_seconds": 16.070801258087158
    },
    "final_test_metrics_on_target_node": {
        "accuracy": 0.6837574850299402,
        "precision": 0.589678936682682,
        "recall": 0.6303648830850764,
        "f1_score": 0.5897628214108108,
        "confusion_matrix": [
            [
                1553,
                616
            ],
            [
                229,
                274
            ]
        ]
    }
}