{
    "args": {
        "graph_path": "graphs/gossipcop/3_shot_combined_knn_7_smpf10.pt",
        "model": "GAT",
        "dropout_rate": 0.5,
        "hidden_channels": 128,
        "gat_heads": 8,
        "lr": 0.0001,
        "weight_decay": 0.0001,
        "n_epochs": 300,
        "patience": 30,
        "seed": 42,
        "output_dir": "results"
    },
    "model_name": "GAT_gossipcop_3_shot_combined_knn_7_smpf10",
    "training_history": {
        "final_train_loss": 0.6637858748435974,
        "final_train_acc": 0.8333333333333334,
        "final_val_loss": 0.645170271396637,
        "final_val_acc": 0.7354041916167665,
        "final_val_f1": 0.6055734477225678,
        "best_val_f1": 0.6151669368882484,
        "best_epoch": 114,
        "total_epochs": 163,
        "training_time_seconds": 2.95550274848938
    },
    "final_test_metrics": {
        "accuracy": 0.7702095808383234,
        "precision": 0.38266384778012685,
        "recall": 0.35984095427435386,
        "f1_score": 0.3709016393442623,
        "confusion_matrix": [
            [
                1877,
                292
            ],
            [
                322,
                181
            ]
        ]
    }
}