{
  "accuracy": 0.7450980392156863,
  "precision": 0.7450980392156863,
  "recall": 0.8011336797354747,
  "f1_score": 0.7326612903225806
}