{
    "args": {
        "graph_path": "graphs/politifact/7_shot_combined_mutual_knn_8_smpf10.pt",
        "model": "GAT",
        "dropout_rate": 0.5,
        "hidden_channels": 128,
        "gat_heads": 8,
        "lr": 0.0001,
        "weight_decay": 0.0001,
        "n_epochs": 300,
        "patience": 30,
        "seed": 42,
        "output_dir": "results"
    },
    "model_name": "GAT_politifact_7_shot_combined_mutual_knn_8_smpf10",
    "training_history": {
        "final_train_loss": 0.4289770722389221,
        "final_train_acc": 0.8571428571428571,
        "final_val_loss": 0.5647679567337036,
        "final_val_acc": 0.7156862745098039,
        "final_val_f1": 0.697515083341855,
        "best_val_f1": 0.7888658895304499,
        "best_epoch": 162,
        "total_epochs": 268,
        "training_time_seconds": 4.271526098251343
    },
    "final_test_metrics": {
        "accuracy": 0.8137254901960784,
        "precision": 0.631578947368421,
        "recall": 0.8275862068965517,
        "f1_score": 0.7164179104477612,
        "confusion_matrix": [
            [
                59,
                14
            ],
            [
                5,
                24
            ]
        ]
    }
}