{
    "args": {
        "graph_path": "graphs/politifact/8_shot_bert_dynamic_threshold_1.0.pt",
        "model": "GAT",
        "dropout_rate": 0.5,
        "hidden_channels": 128,
        "gat_heads": 8,
        "lr": 0.0001,
        "weight_decay": 0.0001,
        "n_epochs": 300,
        "patience": 30,
        "seed": 42,
        "output_dir": "results"
    },
    "model_name": "GAT_politifact_8_shot_bert_dynamic_threshold_1.0",
    "training_history": {
        "final_train_loss": 0.375252366065979,
        "final_train_acc": 0.9375,
        "final_val_loss": 0.5945424437522888,
        "final_val_acc": 0.7549019607843137,
        "final_val_f1": 0.7221919599084867,
        "best_val_f1": 0.745115856428896,
        "best_epoch": 11,
        "total_epochs": 55,
        "training_time_seconds": 1.673218011856079
    },
    "final_test_metrics": {
        "accuracy": 0.7843137254901961,
        "precision": 0.6060606060606061,
        "recall": 0.6896551724137931,
        "f1_score": 0.6451612903225806,
        "confusion_matrix": [
            [
                60,
                13
            ],
            [
                9,
                20
            ]
        ]
    }
}