{
  "accuracy": 0.7450980392156863,
  "precision": 0.7295938104448743,
  "recall": 0.7803495512517713,
  "f1_score": 0.7273848684210527
}