{
    "args": {
        "graph_path": "graphs/politifact/8_shot_combined_dynamic_threshold_0.5.pt",
        "model": "GAT",
        "hidden_channels": 64,
        "dropout_rate": 0.5,
        "gat_heads": 8,
        "lr": 0.001,
        "weight_decay": 1e-05,
        "n_epochs": 300,
        "patience": 30,
        "seed": 42,
        "output_base_dir": "results"
    },
    "model_name": "GAT_politifact_8_shot_combined_dynamic_threshold_0.5",
    "training_history": {
        "final_train_loss": 0.6628293991088867,
        "final_train_acc": 0.625,
        "final_val_loss": 0.6987298727035522,
        "final_val_acc": 0.29411764705882354,
        "final_val_f1": 0.4461538461538462,
        "best_val_f1": 0.45161290322580644,
        "best_epoch": 20,
        "total_epochs": 50,
        "training_time_seconds": 1.326331377029419
    },
    "final_test_metrics": {
        "accuracy": 0.3333333333333333,
        "precision": 0.29473684210526313,
        "recall": 0.9655172413793104,
        "f1_score": 0.45161290322580644,
        "confusion_matrix": [
            [
                6,
                67
            ],
            [
                1,
                28
            ]
        ]
    }
}