{
    "Training Time": "1.11 seconds",
    "Best Epoch": 0,
    "Train Accuracy": 0.8125,
    "Train Loss": 0.47408461570739746,
    "Validation Accuracy": 0.7156862745098039,
    "Validation Loss": 0.6603511571884155,
    "Validation F1": 0.0,
    "Test Accuracy (with last epoch model)": 0.7156862745098039,
    "Test F1 (with last epoch model)": 0.0,
    "Detailed Metrics (with best model)": {
        "Accuracy": 0.7156862745098039,
        "Precision": 0.0,
        "Recall": 0.0,
        "F1 Score": 0.0,
        "Confusion Matrix": [
            [
                73,
                0
            ],
            [
                29,
                0
            ]
        ]
    }
}