{
    "training_history": {
        "train_acc": [
            0.5,
            0.6875,
            0.25,
            0.5625,
            0.5625,
            0.5,
            0.5,
            0.5,
            0.5625,
            0.4375,
            0.6875,
            0.375,
            0.4375,
            0.5,
            0.5,
            0.5,
            0.8125,
            0.5625,
            0.375,
            0.3125,
            0.8125,
            0.5625,
            0.5,
            0.5,
            0.5625,
            0.4375,
            0.5,
            0.5,
            0.625,
            0.4375,
            0.5625,
            0.4375,
            0.4375,
            0.5,
            0.5625,
            0.4375,
            0.625,
            0.625,
            0.5625,
            0.6875,
            0.5625,
            0.625,
            0.5625,
            0.4375,
            0.6875,
            0.5,
            0.75,
            0.625,
            0.5625,
            0.625,
            0.5,
            0.625,
            0.5,
            0.5,
            0.625,
            0.4375,
            0.6875,
            0.625,
            0.5,
            0.625,
            0.5625,
            0.5625,
            0.625,
            0.5625,
            0.4375,
            0.625,
            0.5,
            0.4375,
            0.625,
            0.5625,
            0.6875,
            0.5,
            0.75,
            0.625,
            0.5625,
            0.625,
            0.3125,
            0.875,
            0.6875,
            0.5625,
            0.5625,
            0.75,
            0.5,
            0.625,
            0.375,
            0.4375,
            0.5625,
            0.625,
            0.8125,
            0.375,
            0.5,
            0.625,
            0.5625,
            0.625,
            0.75,
            0.625,
            0.75,
            0.6875,
            0.5625,
            0.625,
            0.5625,
            0.5625,
            0.8125,
            0.6875,
            0.625
        ],
        "train_loss": [
            0.6845200061798096,
            0.9451748132705688,
            1.6460927724838257,
            0.6576398015022278,
            0.5959376096725464,
            1.2608317136764526,
            0.8582146167755127,
            0.7473140954971313,
            1.238555908203125,
            1.0308488607406616,
            0.5617236495018005,
            0.9209969639778137,
            0.7857764959335327,
            0.7391937971115112,
            0.849302351474762,
            0.676593542098999,
            0.5543486475944519,
            1.2717541456222534,
            1.4923911094665527,
            0.8125149011611938,
            0.5554643869400024,
            0.7649460434913635,
            0.6818781495094299,
            0.6221227049827576,
            1.7190409898757935,
            1.6572158336639404,
            0.669269859790802,
            0.7312927842140198,
            0.6577337980270386,
            0.8020908832550049,
            0.8824206590652466,
            1.224682331085205,
            0.9915593862533569,
            0.8042517900466919,
            0.8166861534118652,
            1.3595470190048218,
            0.7203347682952881,
            0.6078651547431946,
            0.8616666197776794,
            0.6247333288192749,
            0.774042010307312,
            0.5960086584091187,
            0.8744076490402222,
            0.6652113795280457,
            0.7154546976089478,
            0.7264255285263062,
            0.5727124810218811,
            0.7651346921920776,
            0.6766158938407898,
            1.4052751064300537,
            0.965135931968689,
            0.584062933921814,
            0.7023442387580872,
            0.6432256102561951,
            1.060986042022705,
            0.9195148944854736,
            0.5885465145111084,
            0.4571046531200409,
            0.8641153573989868,
            0.6108197569847107,
            0.6375777721405029,
            0.8665375113487244,
            0.5629987120628357,
            1.0120675563812256,
            0.6932894587516785,
            0.593022346496582,
            0.6926558017730713,
            0.7205751538276672,
            0.6631138324737549,
            0.8586768507957458,
            0.5635772943496704,
            0.668561577796936,
            0.902063250541687,
            0.6529714465141296,
            0.8059616684913635,
            0.9458970427513123,
            0.7187097668647766,
            0.5467119216918945,
            0.6878898739814758,
            0.9087547063827515,
            0.641150712966919,
            0.47650328278541565,
            0.6262754201889038,
            0.6540483832359314,
            0.9828664064407349,
            0.628416121006012,
            0.7210090160369873,
            0.8347165584564209,
            0.5475109219551086,
            1.032645583152771,
            0.6351554989814758,
            0.5447825789451599,
            0.5739822387695312,
            0.6303668022155762,
            0.7160143852233887,
            0.6517775654792786,
            0.5165525674819946,
            0.6319121718406677,
            0.5842914581298828,
            0.5714104175567627,
            0.8557093143463135,
            0.6687620282173157,
            0.5236696004867554,
            0.4928238093852997,
            0.5892322063446045
        ],