{
    "args": {
        "graph_path": "graphs/politifact/8_shot_roberta_mutual_knn_4_smpf10.pt",
        "model": "GAT",
        "dropout_rate": 0.5,
        "hidden_channels": 128,
        "gat_heads": 8,
        "lr": 0.0001,
        "weight_decay": 0.0001,
        "n_epochs": 300,
        "patience": 30,
        "seed": 42,
        "output_dir": "results"
    },
    "model_name": "GAT_politifact_8_shot_roberta_mutual_knn_4_smpf10",
    "training_history": {
        "final_train_loss": 1.0886223316192627,
        "final_train_acc": 0.5,
        "final_val_loss": 0.6721677780151367,
        "final_val_acc": 0.6078431372549019,
        "final_val_f1": 0.5887096774193548,
        "best_val_f1": 0.6316625740286004,
        "best_epoch": 22,
        "total_epochs": 52,
        "training_time_seconds": 1.5249974727630615
    },
    "final_test_metrics": {
        "accuracy": 0.7549019607843137,
        "precision": 0.6428571428571429,
        "recall": 0.3103448275862069,
        "f1_score": 0.4186046511627907,
        "confusion_matrix": [
            [
                68,
                5
            ],
            [
                20,
                9
            ]
        ]
    }
}