{
    "args": {
        "graph_path": "graphs/gossipcop/12_shot_combined_knn_6_smpf10.pt",
        "model": "GAT",
        "dropout_rate": 0.5,
        "hidden_channels": 128,
        "gat_heads": 8,
        "lr": 0.0001,
        "weight_decay": 0.0001,
        "n_epochs": 300,
        "patience": 30,
        "seed": 42,
        "output_dir": "results"
    },
    "model_name": "GAT_gossipcop_12_shot_combined_knn_6_smpf10",
    "training_history": {
        "final_train_loss": 0.5375509858131409,
        "final_train_acc": 0.9166666666666666,
        "final_val_loss": 0.6321842670440674,
        "final_val_acc": 0.718937125748503,
        "final_val_f1": 0.5704477086050583,
        "best_val_f1": 0.5752954408111193,
        "best_epoch": 91,
        "total_epochs": 127,
        "training_time_seconds": 5.349011659622192
    },
    "final_test_metrics": {
        "accuracy": 0.7732035928143712,
        "precision": 0.5932823875986373,
        "recall": 0.5686416310802772,
        "f1_score": 0.5752954408111193,
        "confusion_matrix": [
            [
                1945,
                224
            ],
            [
                382,
                121
            ]
        ]
    }
}