{
    "args": {
        "graph_path": "graphs/gossipcop/12_shot_combined_knn_6_smpf10.pt",
        "model": "GAT",
        "dropout_rate": 0.5,
        "hidden_channels": 128,
        "gat_heads": 8,
        "lr": 0.0001,
        "weight_decay": 0.0001,
        "n_epochs": 300,
        "patience": 30,
        "seed": 42,
        "output_dir": "results"
    },
    "model_name": "GAT_gossipcop_12_shot_combined_knn_6_smpf10",
    "training_history": {
        "final_train_loss": 0.6843413710594177,
        "final_train_acc": 0.6666666666666666,
        "final_val_loss": 0.6694297790527344,
        "final_val_acc": 0.6362275449101796,
        "final_val_f1": 0.5439360256234657,
        "best_val_f1": 0.5649557112791692,
        "best_epoch": 87,
        "total_epochs": 117,
        "training_time_seconds": 2.4885499477386475
    },
    "final_test_metrics": {
        "accuracy": 0.7365269461077845,
        "precision": 0.2953156822810591,
        "recall": 0.2882703777335984,
        "f1_score": 0.2917505030181087,
        "confusion_matrix": [
            [
                1823,
                346
            ],
            [
                358,
                145
            ]
        ]
    }
}