{
    "args": {
        "graph_path": "graphs/gossipcop/15_shot_roberta_mutual_knn_8_smpf10.pt",
        "model": "GAT",
        "dropout_rate": 0.5,
        "hidden_channels": 128,
        "gat_heads": 8,
        "lr": 0.0001,
        "weight_decay": 0.0001,
        "n_epochs": 300,
        "patience": 30,
        "seed": 42,
        "output_dir": "results"
    },
    "model_name": "GAT_gossipcop_15_shot_roberta_mutual_knn_8_smpf10",
    "training_history": {
        "final_train_loss": 0.6305382251739502,
        "final_train_acc": 0.5666666666666667,
        "final_val_loss": 0.654862642288208,
        "final_val_acc": 0.6470808383233533,
        "final_val_f1": 0.49360407078902585,
        "best_val_f1": 0.5139962297907956,
        "best_epoch": 83,
        "total_epochs": 125,
        "training_time_seconds": 2.452686309814453
    },
    "final_test_metrics": {
        "accuracy": 0.7163173652694611,
        "precision": 0.5151385195985934,
        "recall": 0.5137510575092552,
        "f1_score": 0.5139962297907956,
        "confusion_matrix": [
            [
                1819,
                350
            ],
            [
                408,
                95
            ]
        ]
    }
}