{
    "args": {
        "graph_path": "graphs_hetero/gossipcop/11_shot_roberta_hetero_dual_knn_sim5_dis5_psl10.pt",
        "model": "HAN",
        "target_node_type": "news",
        "dropout_rate": 0.0,
        "hidden_channels": 128,
        "hgt_han_heads": 4,
        "hgt_layers": 1,
        "lr": 0.0001,
        "weight_decay": 0.0001,
        "n_epochs": 300,
        "patience": 30,
        "seed": 42,
        "output_dir_base": "results_hetero"
    },
    "model_name": "HAN_gossipcop_11_shot_roberta_hetero_dual_knn_sim5_dis5_psl10",
    "training_history": {
        "final_train_loss": 0.2292725145816803,
        "final_train_acc": 1.0,
        "final_val_loss": 0.556364893913269,
        "final_val_acc": 0.7380239520958084,
        "final_val_f1": 0.6014904054298211,
        "best_val_f1": 0.6112878376431208,
        "best_epoch": 156,
        "total_epochs_run": 300,
        "training_time_seconds": 10.634701490402222
    },
    "final_test_metrics_on_target_node": {
        "accuracy": 0.7642215568862275,
        "precision": 0.6121701992186155,
        "recall": 0.6104470457109807,
        "f1_score": 0.6112878376431208,
        "confusion_matrix": [
            [
                1859,
                310
            ],
            [
                320,
                183
            ]
        ]
    }
}