{
    "args": {
        "graph_path": "graphs/politifact/10_shot_roberta_knn_7_smpf10.pt",
        "model": "GAT",
        "dropout_rate": 0.5,
        "hidden_channels": 128,
        "gat_heads": 8,
        "lr": 0.0001,
        "weight_decay": 0.0001,
        "n_epochs": 300,
        "patience": 30,
        "seed": 42,
        "output_dir": "results"
    },
    "model_name": "GAT_politifact_10_shot_roberta_knn_7_smpf10",
    "training_history": {
        "final_train_loss": 0.46131354570388794,
        "final_train_acc": 0.75,
        "final_val_loss": 0.5526953935623169,
        "final_val_acc": 0.7254901960784313,
        "final_val_f1": 0.6474074074074074,
        "best_val_f1": 0.7292471042471043,
        "best_epoch": 173,
        "total_epochs": 228,
        "training_time_seconds": 3.4085190296173096
    },
    "final_test_metrics": {
        "accuracy": 0.7843137254901961,
        "precision": 0.6296296296296297,
        "recall": 0.5862068965517241,
        "f1_score": 0.6071428571428571,
        "confusion_matrix": [
            [
                63,
                10
            ],
            [
                12,
                17
            ]
        ]
    }
}