{
    "args": {
        "graph_path": "graphs/politifact/10_shot_roberta_knn_7_smpf10.pt",
        "model": "GAT",
        "dropout_rate": 0.5,
        "hidden_channels": 128,
        "gat_heads": 8,
        "lr": 0.0001,
        "weight_decay": 0.0001,
        "n_epochs": 300,
        "patience": 30,
        "seed": 42,
        "output_dir": "results"
    },
    "model_name": "GAT_politifact_10_shot_roberta_knn_7_smpf10",
    "training_history": {
        "final_train_loss": 0.5169497132301331,
        "final_train_acc": 0.9,
        "final_val_loss": 0.5664983987808228,
        "final_val_acc": 0.7352941176470589,
        "final_val_f1": 0.7183761120768994,
        "best_val_f1": 0.744360902255639,
        "best_epoch": 76,
        "total_epochs": 152,
        "training_time_seconds": 5.707236051559448
    },
    "final_test_metrics": {
        "accuracy": 0.7941176470588235,
        "precision": 0.747104247104247,
        "recall": 0.7418516769012754,
        "f1_score": 0.744360902255639,
        "confusion_matrix": [
            [
                63,
                10
            ],
            [
                11,
                18
            ]
        ]
    }
}