{
    "args": {
        "graph_path": "graphs/politifact/16_shot_roberta_knn_6_psl10.pt",
        "model": "GAT",
        "dropout_rate": 0.5,
        "hidden_channels": 128,
        "gat_heads": 8,
        "lr": 0.0001,
        "weight_decay": 0.0001,
        "n_epochs": 300,
        "patience": 30,
        "seed": 42,
        "output_dir": "results"
    },
    "model_name": "GAT_politifact_16_shot_roberta_knn_6_psl10",
    "training_history": {
        "final_train_loss": 0.43879884481430054,
        "final_train_acc": 0.90625,
        "final_val_loss": 0.5256144404411316,
        "final_val_acc": 0.7745098039215687,
        "final_val_f1": 0.7310558294164852,
        "best_val_f1": 0.7833312507809571,
        "best_epoch": 89,
        "total_epochs": 171,
        "training_time_seconds": 3.309602975845337
    },
    "final_test_metrics": {
        "accuracy": 0.8333333333333334,
        "precision": 0.8044871794871795,
        "recall": 0.769248937175248,
        "f1_score": 0.7833312507809571,
        "confusion_matrix": [
            [
                67,
                6
            ],
            [
                11,
                18
            ]
        ]
    }
}