{
    "args": {
        "graph_path": "graphs/politifact/15_shot_roberta_mutual_knn_6.pt",
        "model": "GAT",
        "dropout_rate": 0.5,
        "hidden_channels": 128,
        "gat_heads": 8,
        "lr": 0.0001,
        "weight_decay": 0.0001,
        "n_epochs": 300,
        "patience": 30,
        "seed": 42,
        "output_dir": "results"
    },
    "model_name": "GAT_politifact_15_shot_roberta_mutual_knn_6",
    "training_history": {
        "final_train_loss": 0.5700206756591797,
        "final_train_acc": 0.8,
        "final_val_loss": 0.5694074630737305,
        "final_val_acc": 0.7647058823529411,
        "final_val_f1": 0.7219445706497047,
        "best_val_f1": 0.7615584415584415,
        "best_epoch": 150,
        "total_epochs": 196,
        "training_time_seconds": 2.9887609481811523
    },
    "final_test_metrics": {
        "accuracy": 0.8235294117647058,
        "precision": 0.7619047619047619,
        "recall": 0.5517241379310345,
        "f1_score": 0.64,
        "confusion_matrix": [
            [
                68,
                5
            ],
            [
                13,
                16
            ]
        ]
    }
}