{
    "args": {
        "graph_path": "graphs/gossipcop/14_shot_roberta_knn_4_smpf10.pt",
        "model": "GAT",
        "dropout_rate": 0.5,
        "hidden_channels": 128,
        "gat_heads": 8,
        "lr": 0.0001,
        "weight_decay": 0.0001,
        "n_epochs": 300,
        "patience": 30,
        "seed": 42,
        "output_dir": "results"
    },
    "model_name": "GAT_gossipcop_14_shot_roberta_knn_4_smpf10",
    "training_history": {
        "final_train_loss": 0.6612108945846558,
        "final_train_acc": 0.5357142857142857,
        "final_val_loss": 0.6704338788986206,
        "final_val_acc": 0.6025449101796407,
        "final_val_f1": 0.4777896291977766,
        "best_val_f1": 0.49479616278454175,
        "best_epoch": 109,
        "total_epochs": 139,
        "training_time_seconds": 2.543611526489258
    },
    "final_test_metrics": {
        "accuracy": 0.7380239520958084,
        "precision": 0.1873015873015873,
        "recall": 0.1172962226640159,
        "f1_score": 0.14425427872860636,
        "confusion_matrix": [
            [
                1913,
                256
            ],
            [
                444,
                59
            ]
        ]
    }
}