{
  "accuracy": 0.7294161676646707,
  "precision": 0.5950399008313557,
  "recall": 0.6149680982798461,
  "f1_score": 0.6012153517111345
}