{
    "args": {
        "graph_path": "graphs/politifact/15_shot_combined_knn_3_smpf10.pt",
        "model": "GAT",
        "dropout_rate": 0.5,
        "hidden_channels": 128,
        "gat_heads": 8,
        "lr": 0.0001,
        "weight_decay": 0.0001,
        "n_epochs": 300,
        "patience": 30,
        "seed": 42,
        "output_dir": "results"
    },
    "model_name": "GAT_politifact_15_shot_combined_knn_3_smpf10",
    "training_history": {
        "final_train_loss": 0.5064704418182373,
        "final_train_acc": 0.9,
        "final_val_loss": 0.5207721590995789,
        "final_val_acc": 0.8235294117647058,
        "final_val_f1": 0.7784749034749034,
        "best_val_f1": 0.8072744449692961,
        "best_epoch": 267,
        "total_epochs": 300,
        "training_time_seconds": 4.759282827377319
    },
    "final_test_metrics": {
        "accuracy": 0.8431372549019608,
        "precision": 0.7241379310344828,
        "recall": 0.7241379310344828,
        "f1_score": 0.7241379310344828,
        "confusion_matrix": [
            [
                65,
                8
            ],
            [
                8,
                21
            ]
        ]
    }
}