{
    "args": {
        "graph_path": "graphs_hetero/politifact/5_shot_roberta_hetero_knn_5_psl10.pt",
        "model": "HGT",
        "target_node_type": "news",
        "dropout_rate": 0.0,
        "hidden_channels": 128,
        "hgt_han_heads": 4,
        "hgt_layers": 1,
        "lr": 0.0001,
        "weight_decay": 0.0001,
        "n_epochs": 300,
        "patience": 30,
        "seed": 42,
        "output_dir_base": "results_hetero"
    },
    "model_name": "HGT_politifact_5_shot_roberta_hetero_knn_5_psl10",
    "training_history": {
        "final_train_loss": 0.00413008127361536,
        "final_train_acc": 1.0,
        "final_val_loss": 0.5535662174224854,
        "final_val_acc": 0.6862745098039216,
        "final_val_f1": 0.667887667887668,
        "best_val_f1": 0.7137278828553997,
        "best_epoch": 29,
        "total_epochs_run": 173,
        "training_time_seconds": 5.354254722595215
    },
    "final_test_metrics_on_target_node": {
        "accuracy": 0.7745098039215687,
        "precision": 0.722165991902834,
        "recall": 0.7073689182805858,
        "f1_score": 0.7137278828553997,
        "confusion_matrix": [
            [
                63,
                10
            ],
            [
                13,
                16
            ]
        ]
    }
}