{
    "args": {
        "graph_path": "graphs_hetero/gossipcop/4_shot_roberta_hetero_dual_knn_sim5_dis5_psl10.pt",
        "model": "HAN",
        "target_node_type": "news",
        "dropout_rate": 0.0,
        "hidden_channels": 128,
        "hgt_han_heads": 4,
        "hgt_layers": 1,
        "lr": 0.0001,
        "weight_decay": 0.0001,
        "n_epochs": 300,
        "patience": 30,
        "seed": 42,
        "output_dir_base": "results_hetero"
    },
    "model_name": "HAN_gossipcop_4_shot_roberta_hetero_dual_knn_sim5_dis5_psl10",
    "training_history": {
        "final_train_loss": 0.18489113450050354,
        "final_train_acc": 1.0,
        "final_val_loss": 0.586769700050354,
        "final_val_acc": 0.7473802395209581,
        "final_val_f1": 0.6144360314616436,
        "best_val_f1": 0.6218081038900114,
        "best_epoch": 192,
        "total_epochs_run": 300,
        "training_time_seconds": 5.531538009643555
    },
    "final_test_metrics_on_target_node": {
        "accuracy": 0.7750748502994012,
        "precision": 0.6255080118510246,
        "recall": 0.6186591836715988,
        "f1_score": 0.6218081038900114,
        "confusion_matrix": [
            [
                1886,
                283
            ],
            [
                318,
                185
            ]
        ]
    }
}