{
    "args": {
        "graph_path": "graphs/politifact/6_shot_combined_knn_4.pt",
        "model": "GAT",
        "dropout_rate": 0.5,
        "hidden_channels": 128,
        "gat_heads": 8,
        "lr": 0.0001,
        "weight_decay": 0.0001,
        "n_epochs": 300,
        "patience": 30,
        "seed": 42,
        "output_dir": "results"
    },
    "model_name": "GAT_politifact_6_shot_combined_knn_4",
    "training_history": {
        "final_train_loss": 0.5562832951545715,
        "final_train_acc": 0.9166666666666666,
        "final_val_loss": 0.6571077704429626,
        "final_val_acc": 0.6372549019607843,
        "final_val_f1": 0.6242158717514688,
        "best_val_f1": 0.6930555555555555,
        "best_epoch": 95,
        "total_epochs": 125,
        "training_time_seconds": 2.1979687213897705
    },
    "final_test_metrics": {
        "accuracy": 0.7450980392156863,
        "precision": 0.5483870967741935,
        "recall": 0.5862068965517241,
        "f1_score": 0.5666666666666667,
        "confusion_matrix": [
            [
                59,
                14
            ],
            [
                12,
                17
            ]
        ]
    }
}