{
    "args": {
        "graph_path": "graphs_hetero/gossipcop/3_shot_distilbert_hetero_knn_5_smpf10.pt",
        "model": "HAN",
        "target_node_type": "news",
        "dropout_rate": 0.0,
        "hidden_channels": 128,
        "hgt_han_heads": 4,
        "hgt_layers": 1,
        "lr": 0.0001,
        "weight_decay": 0.0001,
        "n_epochs": 300,
        "patience": 30,
        "seed": 42,
        "output_dir_base": "results_hetero"
    },
    "model_name": "HAN_gossipcop_3_shot_distilbert_hetero_knn_5_smpf10",
    "training_history": {
        "final_train_loss": 0.5717435479164124,
        "final_train_acc": 1.0,
        "final_val_loss": 0.7017495632171631,
        "final_val_acc": 0.45022455089820357,
        "final_val_f1": 0.42744207384003635,
        "best_val_f1": 0.49450828821456805,
        "best_epoch": 3,
        "total_epochs_run": 33,
        "training_time_seconds": 1.5899527072906494
    },
    "final_test_metrics_on_target_node": {
        "accuracy": 0.7148203592814372,
        "precision": 0.49528446252457425,
        "recall": 0.49603164782627424,
        "f1_score": 0.49450828821456805,
        "confusion_matrix": [
            [
                1837,
                332
            ],
            [
                430,
                73
            ]
        ]
    }
}