{
    "args": {
        "graph_path": "graphs_hetero/gossipcop/16_shot_roberta_hetero_dual_knn_sim5_dis5_smpf10.pt",
        "model": "HGT",
        "target_node_type": "news",
        "dropout_rate": 0.0,
        "hidden_channels": 128,
        "hgt_han_heads": 4,
        "hgt_layers": 1,
        "lr": 0.0001,
        "weight_decay": 0.0001,
        "n_epochs": 300,
        "patience": 30,
        "seed": 42,
        "output_dir_base": "results_hetero"
    },
    "model_name": "HGT_gossipcop_16_shot_roberta_hetero_dual_knn_sim5_dis5_smpf10",
    "training_history": {
        "final_train_loss": 0.029859406873583794,
        "final_train_acc": 1.0,
        "final_val_loss": 0.6901487112045288,
        "final_val_acc": 0.6747754491017964,
        "final_val_f1": 0.5812059522961395,
        "best_val_f1": 0.5845060491736003,
        "best_epoch": 132,
        "total_epochs_run": 162,
        "training_time_seconds": 8.978471755981445
    },
    "final_test_metrics_on_target_node": {
        "accuracy": 0.6785179640718563,
        "precision": 0.5855019170748977,
        "recall": 0.6248470449777133,
        "f1_score": 0.5845060491736003,
        "confusion_matrix": [
            [
                1542,
                627
            ],
            [
                232,
                271
            ]
        ]
    }
}