{
    "args": {
        "graph_path": "graphs/gossipcop/12_shot_combined_knn_7_smpf10.pt",
        "model": "GAT",
        "dropout_rate": 0.5,
        "hidden_channels": 128,
        "gat_heads": 8,
        "lr": 0.0001,
        "weight_decay": 0.0001,
        "n_epochs": 300,
        "patience": 30,
        "seed": 42,
        "output_dir": "results"
    },
    "model_name": "GAT_gossipcop_12_shot_combined_knn_7_smpf10",
    "training_history": {
        "final_train_loss": 0.621466338634491,
        "final_train_acc": 0.6666666666666666,
        "final_val_loss": 0.6527193188667297,
        "final_val_acc": 0.6448353293413174,
        "final_val_f1": 0.5430678608002252,
        "best_val_f1": 0.5586311824738798,
        "best_epoch": 165,
        "total_epochs": 213,
        "training_time_seconds": 3.478839159011841
    },
    "final_test_metrics": {
        "accuracy": 0.7354041916167665,
        "precision": 0.28661087866108786,
        "recall": 0.27236580516898606,
        "f1_score": 0.2793068297655454,
        "confusion_matrix": [
            [
                1828,
                341
            ],
            [
                366,
                137
            ]
        ]
    }
}