{
    "args": {
        "graph_path": "graphs/gossipcop/12_shot_combined_knn_7_smpf10.pt",
        "model": "GAT",
        "dropout_rate": 0.5,
        "hidden_channels": 128,
        "gat_heads": 8,
        "lr": 0.0001,
        "weight_decay": 0.0001,
        "n_epochs": 300,
        "patience": 30,
        "seed": 42,
        "output_dir": "results"
    },
    "model_name": "GAT_gossipcop_12_shot_combined_knn_7_smpf10",
    "training_history": {
        "final_train_loss": 0.5857460498809814,
        "final_train_acc": 0.7916666666666666,
        "final_val_loss": 0.644990086555481,
        "final_val_acc": 0.6687874251497006,
        "final_val_f1": 0.548540333485874,
        "best_val_f1": 0.5665932114932123,
        "best_epoch": 95,
        "total_epochs": 129,
        "training_time_seconds": 3.087925672531128
    },
    "final_test_metrics": {
        "accuracy": 0.7316616766467066,
        "precision": 0.5657956820131541,
        "recall": 0.5674862764400228,
        "f1_score": 0.5665932114932123,
        "confusion_matrix": [
            [
                1802,
                367
            ],
            [
                350,
                153
            ]
        ]
    }
}