{
    "args": {
        "graph_path": "graphs/politifact/15_shot_roberta_knn_4.pt",
        "model": "GAT",
        "dropout_rate": 0.5,
        "hidden_channels": 128,
        "gat_heads": 8,
        "lr": 0.0001,
        "weight_decay": 0.0001,
        "n_epochs": 300,
        "patience": 30,
        "seed": 42,
        "output_dir": "results"
    },
    "model_name": "GAT_politifact_15_shot_roberta_knn_4",
    "training_history": {
        "final_train_loss": 0.4419614374637604,
        "final_train_acc": 0.8666666666666667,
        "final_val_loss": 0.5012829899787903,
        "final_val_acc": 0.7941176470588235,
        "final_val_f1": 0.7097167637891313,
        "best_val_f1": 0.7677125506072875,
        "best_epoch": 226,
        "total_epochs": 300,
        "training_time_seconds": 4.013567686080933
    },
    "final_test_metrics": {
        "accuracy": 0.8235294117647058,
        "precision": 0.7391304347826086,
        "recall": 0.5862068965517241,
        "f1_score": 0.6538461538461539,
        "confusion_matrix": [
            [
                67,
                6
            ],
            [
                12,
                17
            ]
        ]
    }
}