{
    "args": {
        "graph_path": "graphs/politifact/5_shot_bert_knn_7_smpf10.pt",
        "model": "GAT",
        "dropout_rate": 0.5,
        "hidden_channels": 128,
        "gat_heads": 8,
        "lr": 0.0001,
        "weight_decay": 0.0001,
        "n_epochs": 300,
        "patience": 30,
        "seed": 42,
        "output_dir": "results"
    },
    "model_name": "GAT_politifact_5_shot_bert_knn_7_smpf10",
    "training_history": {
        "final_train_loss": 0.1947343349456787,
        "final_train_acc": 1.0,
        "final_val_loss": 0.6898571848869324,
        "final_val_acc": 0.7254901960784313,
        "final_val_f1": 0.6694444444444445,
        "best_val_f1": 0.6930555555555555,
        "best_epoch": 46,
        "total_epochs": 76,
        "training_time_seconds": 3.6348583698272705
    },
    "final_test_metrics": {
        "accuracy": 0.7450980392156863,
        "precision": 0.6896865061335756,
        "recall": 0.6972130373169579,
        "f1_score": 0.6930555555555555,
        "confusion_matrix": [
            [
                59,
                14
            ],
            [
                12,
                17
            ]
        ]
    }
}