{
    "args": {
        "graph_path": "graphs_hetero/politifact/15_shot_roberta_hetero_dual_knn_sim5_dis5_psl10.pt",
        "model": "HGT",
        "target_node_type": "news",
        "dropout_rate": 0.0,
        "hidden_channels": 128,
        "hgt_han_heads": 4,
        "hgt_layers": 1,
        "lr": 0.0001,
        "weight_decay": 0.0001,
        "n_epochs": 300,
        "patience": 30,
        "seed": 42,
        "output_dir_base": "results_hetero"
    },
    "model_name": "HGT_politifact_15_shot_roberta_hetero_dual_knn_sim5_dis5_psl10",
    "training_history": {
        "final_train_loss": 0.006991989444941282,
        "final_train_acc": 1.0,
        "final_val_loss": 0.5074196457862854,
        "final_val_acc": 0.7843137254901961,
        "final_val_f1": 0.7573529411764706,
        "best_val_f1": 0.7638888888888888,
        "best_epoch": 41,
        "total_epochs_run": 171,
        "training_time_seconds": 6.2257490158081055
    },
    "final_test_metrics_on_target_node": {
        "accuracy": 0.803921568627451,
        "precision": 0.7592003634711495,
        "recall": 0.7694851204534718,
        "f1_score": 0.7638888888888888,
        "confusion_matrix": [
            [
                62,
                11
            ],
            [
                9,
                20
            ]
        ]
    }
}