{
    "args": {
        "graph_path": "graphs/politifact/8_shot_bert_topk_mean_10_080.pt",
        "model": "GAT",
        "dropout_rate": 0.5,
        "hidden_channels": 128,
        "gat_heads": 8,
        "lr": 0.0001,
        "weight_decay": 0.0001,
        "n_epochs": 300,
        "patience": 30,
        "seed": 42,
        "output_dir": "results"
    },
    "model_name": "GAT_politifact_8_shot_bert_topk_mean_10_080",
    "training_history": {
        "final_train_loss": 0.4854734539985657,
        "final_train_acc": 0.6875,
        "final_val_loss": 0.6433195471763611,
        "final_val_acc": 0.6274509803921569,
        "final_val_f1": 0.5513888888888889,
        "best_val_f1": 0.6268292682926829,
        "best_epoch": 228,
        "total_epochs": 260,
        "training_time_seconds": 3.822014570236206
    },
    "final_test_metrics": {
        "accuracy": 0.7647058823529411,
        "precision": 0.7272727272727273,
        "recall": 0.27586206896551724,
        "f1_score": 0.4,
        "confusion_matrix": [
            [
                70,
                3
            ],
            [
                21,
                8
            ]
        ]
    }
}