{
    "args": {
        "graph_path": "graphs/gossipcop/13_shot_combined_knn_8_smpf10.pt",
        "model": "GAT",
        "dropout_rate": 0.5,
        "hidden_channels": 128,
        "gat_heads": 8,
        "lr": 0.0001,
        "weight_decay": 0.0001,
        "n_epochs": 300,
        "patience": 30,
        "seed": 42,
        "output_dir": "results"
    },
    "model_name": "GAT_gossipcop_13_shot_combined_knn_8_smpf10",
    "training_history": {
        "final_train_loss": 0.5682044625282288,
        "final_train_acc": 0.8846153846153846,
        "final_val_loss": 0.6462007164955139,
        "final_val_acc": 0.6646706586826348,
        "final_val_f1": 0.5332077693678517,
        "best_val_f1": 0.5505213350311767,
        "best_epoch": 85,
        "total_epochs": 115,
        "training_time_seconds": 2.873112916946411
    },
    "final_test_metrics": {
        "accuracy": 0.7320359281437125,
        "precision": 0.5519812939688676,
        "recall": 0.5493924420283279,
        "f1_score": 0.5505213350311767,
        "confusion_matrix": [
            [
                1827,
                342
            ],
            [
                374,
                129
            ]
        ]
    }
}