{
    "args": {
        "graph_path": "graphs_hetero/gossipcop/8_shot_roberta_hetero_dual_knn_sim5_dis5_smpf10.pt",
        "model": "HAN",
        "target_node_type": "news",
        "dropout_rate": 0.0,
        "hidden_channels": 128,
        "hgt_han_heads": 4,
        "hgt_layers": 1,
        "lr": 0.0001,
        "weight_decay": 0.0001,
        "n_epochs": 300,
        "patience": 30,
        "seed": 42,
        "output_dir_base": "results_hetero"
    },
    "model_name": "HAN_gossipcop_8_shot_roberta_hetero_dual_knn_sim5_dis5_smpf10",
    "training_history": {
        "final_train_loss": 0.2065640687942505,
        "final_train_acc": 1.0,
        "final_val_loss": 0.5947988033294678,
        "final_val_acc": 0.7032185628742516,
        "final_val_f1": 0.5861808476502453,
        "best_val_f1": 0.5930626953943826,
        "best_epoch": 128,
        "total_epochs_run": 300,
        "training_time_seconds": 8.444143295288086
    },
    "final_test_metrics_on_target_node": {
        "accuracy": 0.7638473053892215,
        "precision": 0.5990534414180188,
        "recall": 0.5888381101129507,
        "f1_score": 0.5930626953943826,
        "confusion_matrix": [
            [
                1886,
                283
            ],
            [
                348,
                155
            ]
        ]
    }
}