{
    "args": {
        "graph_path": "graphs/politifact/3_shot_bert_knn_8_smpf10.pt",
        "model": "GAT",
        "dropout_rate": 0.5,
        "hidden_channels": 128,
        "gat_heads": 8,
        "lr": 0.0001,
        "weight_decay": 0.0001,
        "n_epochs": 300,
        "patience": 30,
        "seed": 42,
        "output_dir": "results"
    },
    "model_name": "GAT_politifact_3_shot_bert_knn_8_smpf10",
    "training_history": {
        "final_train_loss": 0.15909571945667267,
        "final_train_acc": 1.0,
        "final_val_loss": 0.6681747436523438,
        "final_val_acc": 0.7058823529411765,
        "final_val_f1": 0.673773987206823,
        "best_val_f1": 0.7004556962025317,
        "best_epoch": 7,
        "total_epochs": 45,
        "training_time_seconds": 2.5320885181427
    },
    "final_test_metrics": {
        "accuracy": 0.7156862745098039,
        "precision": 0.7115384615384616,
        "recall": 0.7598016060462919,
        "f1_score": 0.7004556962025317,
        "confusion_matrix": [
            [
                48,
                25
            ],
            [
                4,
                25
            ]
        ]
    }
}