{
  "accuracy": 0.6627994011976048,
  "precision": 0.5767375431296311,
  "recall": 0.6144016491186582,
  "f1_score": 0.5719458492310849
}