{
  "accuracy": 0.780314371257485,
  "precision": 0.6443724109582245,
  "recall": 0.6493730104389798,
  "f1_score": 0.6467530829580632
}