{
    "args": {
        "graph_path": "graphs/gossipcop/11_shot_roberta_knn_7_smpf10.pt",
        "model": "GAT",
        "dropout_rate": 0.5,
        "hidden_channels": 128,
        "gat_heads": 8,
        "lr": 0.0001,
        "weight_decay": 0.0001,
        "n_epochs": 300,
        "patience": 30,
        "seed": 42,
        "output_dir": "results"
    },
    "model_name": "GAT_gossipcop_11_shot_roberta_knn_7_smpf10",
    "training_history": {
        "final_train_loss": 0.4587562382221222,
        "final_train_acc": 0.7727272727272727,
        "final_val_loss": 0.6321187019348145,
        "final_val_acc": 0.6631736526946108,
        "final_val_f1": 0.520922582619339,
        "best_val_f1": 0.5254572197991667,
        "best_epoch": 286,
        "total_epochs": 300,
        "training_time_seconds": 6.571265935897827
    },
    "final_test_metrics": {
        "accuracy": 0.688248502994012,
        "precision": 0.5249193000883856,
        "recall": 0.528529606134516,
        "f1_score": 0.5254572197991667,
        "confusion_matrix": [
            [
                1702,
                467
            ],
            [
                366,
                137
            ]
        ]
    }
}