{
    "args": {
        "graph_path": "graphs/politifact/6_shot_combined_mutual_knn_5.pt",
        "model": "GAT",
        "dropout_rate": 0.5,
        "hidden_channels": 128,
        "gat_heads": 8,
        "lr": 0.0001,
        "weight_decay": 0.0001,
        "n_epochs": 300,
        "patience": 30,
        "seed": 42,
        "output_dir": "results"
    },
    "model_name": "GAT_politifact_6_shot_combined_mutual_knn_5",
    "training_history": {
        "final_train_loss": 0.6244678497314453,
        "final_train_acc": 0.6666666666666666,
        "final_val_loss": 0.6361902356147766,
        "final_val_acc": 0.696078431372549,
        "final_val_f1": 0.6731782945736434,
        "best_val_f1": 0.6911764705882353,
        "best_epoch": 136,
        "total_epochs": 178,
        "training_time_seconds": 2.9916763305664062
    },
    "final_test_metrics": {
        "accuracy": 0.7254901960784313,
        "precision": 0.5128205128205128,
        "recall": 0.6896551724137931,
        "f1_score": 0.5882352941176471,
        "confusion_matrix": [
            [
                54,
                19
            ],
            [
                9,
                20
            ]
        ]
    }
}