{
    "args": {
        "graph_path": "graphs_hetero/politifact/7_shot_distilbert_hetero_knn_5_smpf10.pt",
        "model": "HGT",
        "target_node_type": "news",
        "dropout_rate": 0.0,
        "hidden_channels": 128,
        "hgt_han_heads": 4,
        "hgt_layers": 1,
        "lr": 0.0001,
        "weight_decay": 0.0001,
        "n_epochs": 300,
        "patience": 30,
        "seed": 42,
        "output_dir_base": "results_hetero"
    },
    "model_name": "HGT_politifact_7_shot_distilbert_hetero_knn_5_smpf10",
    "training_history": {
        "final_train_loss": 0.11570145934820175,
        "final_train_acc": 0.9285714285714286,
        "final_val_loss": 0.9165264964103699,
        "final_val_acc": 0.7156862745098039,
        "final_val_f1": 0.7031014754591991,
        "best_val_f1": 0.7326612903225806,
        "best_epoch": 80,
        "total_epochs_run": 116,
        "training_time_seconds": 4.790452241897583
    },
    "final_test_metrics_on_target_node": {
        "accuracy": 0.7450980392156863,
        "precision": 0.7450980392156863,
        "recall": 0.8011336797354747,
        "f1_score": 0.7326612903225806,
        "confusion_matrix": [
            [
                49,
                24
            ],
            [
                2,
                27
            ]
        ]
    }
}