{
  "accuracy": 0.781062874251497,
  "precision": 0.6560560691937015,
  "recall": 0.676557070669574,
  "f1_score": 0.6644915741907151
}