{
    "args": {
        "graph_path": "graphs/politifact/10_shot_combined_knn_6_smpf10.pt",
        "model": "GAT",
        "dropout_rate": 0.5,
        "hidden_channels": 128,
        "gat_heads": 8,
        "lr": 0.0001,
        "weight_decay": 0.0001,
        "n_epochs": 300,
        "patience": 30,
        "seed": 42,
        "output_dir": "results"
    },
    "model_name": "GAT_politifact_10_shot_combined_knn_6_smpf10",
    "training_history": {
        "final_train_loss": 0.33639535307884216,
        "final_train_acc": 0.9,
        "final_val_loss": 0.5144578814506531,
        "final_val_acc": 0.7450980392156863,
        "final_val_f1": 0.7209595959595959,
        "best_val_f1": 0.7578408096963638,
        "best_epoch": 44,
        "total_epochs": 245,
        "training_time_seconds": 5.441387891769409
    },
    "final_test_metrics": {
        "accuracy": 0.8137254901960784,
        "precision": 0.7772435897435898,
        "recall": 0.74515824279641,
        "f1_score": 0.7578408096963638,
        "confusion_matrix": [
            [
                66,
                7
            ],
            [
                12,
                17
            ]
        ]
    }
}