{
    "args": {
        "graph_path": "graphs_hetero/gossipcop/16_shot_roberta_hetero_dual_knn_sim5_dis5_smpf10.pt",
        "model": "HAN",
        "target_node_type": "news",
        "dropout_rate": 0.0,
        "hidden_channels": 128,
        "hgt_han_heads": 4,
        "hgt_layers": 1,
        "lr": 0.0001,
        "weight_decay": 0.0001,
        "n_epochs": 300,
        "patience": 30,
        "seed": 42,
        "output_dir_base": "results_hetero"
    },
    "model_name": "HAN_gossipcop_16_shot_roberta_hetero_dual_knn_sim5_dis5_smpf10",
    "training_history": {
        "final_train_loss": 0.2510251998901367,
        "final_train_acc": 1.0,
        "final_val_loss": 0.6105344295501709,
        "final_val_acc": 0.6691616766467066,
        "final_val_f1": 0.5730024440684339,
        "best_val_f1": 0.5972563639296732,
        "best_epoch": 108,
        "total_epochs_run": 300,
        "training_time_seconds": 8.480982542037964
    },
    "final_test_metrics_on_target_node": {
        "accuracy": 0.7443862275449101,
        "precision": 0.5941738851787839,
        "recall": 0.6012834931398241,
        "f1_score": 0.5972563639296732,
        "confusion_matrix": [
            [
                1802,
                367
            ],
            [
                316,
                187
            ]
        ]
    }
}