{
    "args": {
        "graph_path": "graphs/politifact/15_shot_roberta_knn_5_smpf10.pt",
        "model": "GAT",
        "dropout_rate": 0.5,
        "hidden_channels": 128,
        "gat_heads": 8,
        "lr": 0.0001,
        "weight_decay": 0.0001,
        "n_epochs": 300,
        "patience": 30,
        "seed": 42,
        "output_dir": "results"
    },
    "model_name": "GAT_politifact_15_shot_roberta_knn_5_smpf10",
    "training_history": {
        "final_train_loss": 0.37053579092025757,
        "final_train_acc": 0.8666666666666667,
        "final_val_loss": 0.5175777673721313,
        "final_val_acc": 0.7549019607843137,
        "final_val_f1": 0.7177642501383509,
        "best_val_f1": 0.7254901960784315,
        "best_epoch": 104,
        "total_epochs": 243,
        "training_time_seconds": 4.728332757949829
    },
    "final_test_metrics": {
        "accuracy": 0.7941176470588235,
        "precision": 0.7534090909090909,
        "recall": 0.7106754841757204,
        "f1_score": 0.7254901960784315,
        "confusion_matrix": [
            [
                66,
                7
            ],
            [
                14,
                15
            ]
        ]
    }
}