{
    "args": {
        "graph_path": "graphs/politifact/4_shot_combined_mutual_knn_8.pt",
        "model": "GAT",
        "dropout_rate": 0.5,
        "hidden_channels": 128,
        "gat_heads": 8,
        "lr": 0.0001,
        "weight_decay": 0.0001,
        "n_epochs": 300,
        "patience": 30,
        "seed": 42,
        "output_dir": "results"
    },
    "model_name": "GAT_politifact_4_shot_combined_mutual_knn_8",
    "training_history": {
        "final_train_loss": 0.3887414038181305,
        "final_train_acc": 1.0,
        "final_val_loss": 0.6256006360054016,
        "final_val_acc": 0.696078431372549,
        "final_val_f1": 0.6826257151460403,
        "best_val_f1": 0.7573529411764706,
        "best_epoch": 105,
        "total_epochs": 153,
        "training_time_seconds": 2.531764507293701
    },
    "final_test_metrics": {
        "accuracy": 0.7843137254901961,
        "precision": 0.5897435897435898,
        "recall": 0.7931034482758621,
        "f1_score": 0.6764705882352942,
        "confusion_matrix": [
            [
                57,
                16
            ],
            [
                6,
                23
            ]
        ]
    }
}