{
  "accuracy": 0.4117647058823529,
  "f1": 0.41085868309587986,
  "precision": 0.5293506493506493,
  "recall": 0.5266887104393009,
  "confusion_matrix": [
    [
      19,
      54
    ],
    [
      6,
      23
    ]
  ]
}