{
  "accuracy": 0.4117647058823529,
  "f1": 0.400892432444676,
  "precision": 0.6288464476699771,
  "recall": 0.4117647058823529
}