{
    "args": {
        "graph_path": "graphs/gossipcop/5_shot_roberta_knn_5_smpf10.pt",
        "model": "GAT",
        "dropout_rate": 0.5,
        "hidden_channels": 128,
        "gat_heads": 8,
        "lr": 0.0001,
        "weight_decay": 0.0001,
        "n_epochs": 300,
        "patience": 30,
        "seed": 42,
        "output_dir": "results"
    },
    "model_name": "GAT_gossipcop_5_shot_roberta_knn_5_smpf10",
    "training_history": {
        "final_train_loss": 0.7314572930335999,
        "final_train_acc": 0.4,
        "final_val_loss": 0.6152307391166687,
        "final_val_acc": 0.811751497005988,
        "final_val_f1": 0.4480479239826482,
        "best_val_f1": 0.4516558662911212,
        "best_epoch": 1,
        "total_epochs": 39,
        "training_time_seconds": 1.6287436485290527
    },
    "final_test_metrics": {
        "accuracy": 0.7769461077844312,
        "precision": 0.4440938400329263,
        "recall": 0.4854331823718821,
        "f1_score": 0.4516558662911212,
        "confusion_matrix": [
            [
                2067,
                102
            ],
            [
                494,
                9
            ]
        ]
    }
}