{
    "args": {
        "graph_path": "graphs/politifact/11_shot_combined_mutual_knn_4.pt",
        "model": "GAT",
        "dropout_rate": 0.5,
        "hidden_channels": 128,
        "gat_heads": 8,
        "lr": 0.0001,
        "weight_decay": 0.0001,
        "n_epochs": 300,
        "patience": 30,
        "seed": 42,
        "output_dir": "results"
    },
    "model_name": "GAT_politifact_11_shot_combined_mutual_knn_4",
    "training_history": {
        "final_train_loss": 0.316919207572937,
        "final_train_acc": 0.8636363636363636,
        "final_val_loss": 0.5290303826332092,
        "final_val_acc": 0.803921568627451,
        "final_val_f1": 0.7638888888888888,
        "best_val_f1": 0.7855008301051467,
        "best_epoch": 269,
        "total_epochs": 300,
        "training_time_seconds": 4.246192216873169
    },
    "final_test_metrics": {
        "accuracy": 0.8137254901960784,
        "precision": 0.6388888888888888,
        "recall": 0.7931034482758621,
        "f1_score": 0.7076923076923077,
        "confusion_matrix": [
            [
                60,
                13
            ],
            [
                6,
                23
            ]
        ]
    }
}