{
  "accuracy": 0.8061377245508982,
  "precision": 0.6799750856431018,
  "recall": 0.6721505911511109,
  "f1_score": 0.6758517902325742
}