{
  "accuracy": 0.7156862745098039,
  "f1": 0.7254432004853364,
  "precision": 0.7460171568627451,
  "recall": 0.7156862745098039
}