{
    "args": {
        "graph_path": "graphs/gossipcop/16_shot_combined_mutual_knn_8_smpf10.pt",
        "model": "GAT",
        "dropout_rate": 0.5,
        "hidden_channels": 128,
        "gat_heads": 8,
        "lr": 0.0001,
        "weight_decay": 0.0001,
        "n_epochs": 300,
        "patience": 30,
        "seed": 42,
        "output_dir": "results"
    },
    "model_name": "GAT_gossipcop_16_shot_combined_mutual_knn_8_smpf10",
    "training_history": {
        "final_train_loss": 0.7230277061462402,
        "final_train_acc": 0.84375,
        "final_val_loss": 0.7043049931526184,
        "final_val_acc": 0.4622005988023952,
        "final_val_f1": 0.43721520267522057,
        "best_val_f1": 0.5209961683434711,
        "best_epoch": 81,
        "total_epochs": 115,
        "training_time_seconds": 2.206291675567627
    },
    "final_test_metrics": {
        "accuracy": 0.7417664670658682,
        "precision": 0.23661971830985915,
        "recall": 0.16699801192842942,
        "f1_score": 0.1958041958041958,
        "confusion_matrix": [
            [
                1898,
                271
            ],
            [
                419,
                84
            ]
        ]
    }
}