{
    "args": {
        "graph_path": "graphs/politifact/11_shot_combined_mutual_knn_7.pt",
        "model": "GAT",
        "dropout_rate": 0.5,
        "hidden_channels": 128,
        "gat_heads": 8,
        "lr": 0.0001,
        "weight_decay": 0.0001,
        "n_epochs": 300,
        "patience": 30,
        "seed": 42,
        "output_dir": "results"
    },
    "model_name": "GAT_politifact_11_shot_combined_mutual_knn_7",
    "training_history": {
        "final_train_loss": 0.5520778298377991,
        "final_train_acc": 0.7727272727272727,
        "final_val_loss": 0.6007258296012878,
        "final_val_acc": 0.7549019607843137,
        "final_val_f1": 0.7299586995658159,
        "best_val_f1": 0.7496201052016365,
        "best_epoch": 57,
        "total_epochs": 167,
        "training_time_seconds": 3.0132832527160645
    },
    "final_test_metrics": {
        "accuracy": 0.7941176470588235,
        "precision": 0.6333333333333333,
        "recall": 0.6551724137931034,
        "f1_score": 0.6440677966101694,
        "confusion_matrix": [
            [
                62,
                11
            ],
            [
                10,
                19
            ]
        ]
    }
}