{
    "args": {
        "graph_path": "graphs/gossipcop/3_shot_combined_mutual_knn_4_smpf10.pt",
        "model": "GAT",
        "dropout_rate": 0.5,
        "hidden_channels": 128,
        "gat_heads": 8,
        "lr": 0.0001,
        "weight_decay": 0.0001,
        "n_epochs": 300,
        "patience": 30,
        "seed": 42,
        "output_dir": "results"
    },
    "model_name": "GAT_gossipcop_3_shot_combined_mutual_knn_4_smpf10",
    "training_history": {
        "final_train_loss": 0.5216794013977051,
        "final_train_acc": 0.8333333333333334,
        "final_val_loss": 0.6880537271499634,
        "final_val_acc": 0.5419161676646707,
        "final_val_f1": 0.5089828126689007,
        "best_val_f1": 0.5807802012046017,
        "best_epoch": 84,
        "total_epochs": 114,
        "training_time_seconds": 2.361945629119873
    },
    "final_test_metrics": {
        "accuracy": 0.7316616766467066,
        "precision": 0.31095406360424027,
        "recall": 0.3499005964214712,
        "f1_score": 0.3292797006548176,
        "confusion_matrix": [
            [
                1779,
                390
            ],
            [
                327,
                176
            ]
        ]
    }
}