{
    "args": {
        "graph_path": "graphs/gossipcop/8_shot_roberta_mutual_knn_5_smpf10.pt",
        "model": "GAT",
        "dropout_rate": 0.5,
        "hidden_channels": 128,
        "gat_heads": 8,
        "lr": 0.0001,
        "weight_decay": 0.0001,
        "n_epochs": 300,
        "patience": 30,
        "seed": 42,
        "output_dir": "results"
    },
    "model_name": "GAT_gossipcop_8_shot_roberta_mutual_knn_5_smpf10",
    "training_history": {
        "final_train_loss": 0.8650088906288147,
        "final_train_acc": 0.625,
        "final_val_loss": 0.6175249814987183,
        "final_val_acc": 0.8110029940119761,
        "final_val_f1": 0.44781979747881795,
        "best_val_f1": 0.4515961150815466,
        "best_epoch": 1,
        "total_epochs": 43,
        "training_time_seconds": 2.983891010284424
    },
    "final_test_metrics": {
        "accuracy": 0.7065868263473054,
        "precision": 0.44647516345945276,
        "recall": 0.4604195940081044,
        "f1_score": 0.4515961150815466,
        "confusion_matrix": [
            [
                1855,
                314
            ],
            [
                470,
                33
            ]
        ]
    }
}