{
    "args": {
        "graph_path": "graphs/politifact/9_shot_bert_knn_5_smpf10.pt",
        "model": "GAT",
        "dropout_rate": 0.5,
        "hidden_channels": 128,
        "gat_heads": 8,
        "lr": 0.0001,
        "weight_decay": 0.0001,
        "n_epochs": 300,
        "patience": 30,
        "seed": 42,
        "output_dir": "results"
    },
    "model_name": "GAT_politifact_9_shot_bert_knn_5_smpf10",
    "training_history": {
        "final_train_loss": 0.31617510318756104,
        "final_train_acc": 0.8888888888888888,
        "final_val_loss": 0.5736998915672302,
        "final_val_acc": 0.7549019607843137,
        "final_val_f1": 0.733347275959427,
        "best_val_f1": 0.7424242424242424,
        "best_epoch": 20,
        "total_epochs": 62,
        "training_time_seconds": 3.0035011768341064
    },
    "final_test_metrics": {
        "accuracy": 0.7647058823529411,
        "precision": 0.7366968860859282,
        "recall": 0.783656117146906,
        "f1_score": 0.7424242424242424,
        "confusion_matrix": [
            [
                54,
                19
            ],
            [
                5,
                24
            ]
        ]
    }
}