{
    "args": {
        "graph_path": "graphs_hetero/politifact/13_shot_distilbert_hetero_knn_5_smpf10.pt",
        "model": "HAN",
        "target_node_type": "news",
        "dropout_rate": 0.0,
        "hidden_channels": 128,
        "hgt_han_heads": 4,
        "hgt_layers": 1,
        "lr": 0.0001,
        "weight_decay": 0.0001,
        "n_epochs": 300,
        "patience": 30,
        "seed": 42,
        "output_dir_base": "results_hetero"
    },
    "model_name": "HAN_politifact_13_shot_distilbert_hetero_knn_5_smpf10",
    "training_history": {
        "final_train_loss": 0.3683657944202423,
        "final_train_acc": 0.8846153846153846,
        "final_val_loss": 0.690673291683197,
        "final_val_acc": 0.6372549019607843,
        "final_val_f1": 0.6292366637194223,
        "best_val_f1": 0.6470588235294118,
        "best_epoch": 89,
        "total_epochs_run": 119,
        "training_time_seconds": 3.174870491027832
    },
    "final_test_metrics_on_target_node": {
        "accuracy": 0.6568627450980392,
        "precision": 0.6797360248447205,
        "recall": 0.7187057156353329,
        "f1_score": 0.6470588235294118,
        "confusion_matrix": [
            [
                42,
                31
            ],
            [
                4,
                25
            ]
        ]
    }
}