{
    "args": {
        "graph_path": "graphs/politifact/7_shot_combined_knn_5_smpf10.pt",
        "model": "GAT",
        "dropout_rate": 0.5,
        "hidden_channels": 128,
        "gat_heads": 8,
        "lr": 0.0001,
        "weight_decay": 0.0001,
        "n_epochs": 300,
        "patience": 30,
        "seed": 42,
        "output_dir": "results"
    },
    "model_name": "GAT_politifact_7_shot_combined_knn_5_smpf10",
    "training_history": {
        "final_train_loss": 0.5832380652427673,
        "final_train_acc": 0.7857142857142857,
        "final_val_loss": 0.6669983863830566,
        "final_val_acc": 0.5980392156862745,
        "final_val_f1": 0.5933093455217349,
        "best_val_f1": 0.7615584415584415,
        "best_epoch": 37,
        "total_epochs": 73,
        "training_time_seconds": 2.9059576988220215
    },
    "final_test_metrics": {
        "accuracy": 0.8235294117647058,
        "precision": 0.800705467372134,
        "recall": 0.7416154936230515,
        "f1_score": 0.7615584415584415,
        "confusion_matrix": [
            [
                68,
                5
            ],
            [
                13,
                16
            ]
        ]
    }
}