{
    "args": {
        "graph_path": "graphs/gossipcop/9_shot_bert_knn_5_smpf10.pt",
        "model": "GAT",
        "dropout_rate": 0.5,
        "hidden_channels": 128,
        "gat_heads": 8,
        "lr": 0.0001,
        "weight_decay": 0.0001,
        "n_epochs": 300,
        "patience": 30,
        "seed": 42,
        "output_dir": "results"
    },
    "model_name": "GAT_gossipcop_9_shot_bert_knn_5_smpf10",
    "training_history": {
        "final_train_loss": 0.18440578877925873,
        "final_train_acc": 0.9444444444444444,
        "final_val_loss": 0.632220447063446,
        "final_val_acc": 0.7002245508982036,
        "final_val_f1": 0.5824692944218159,
        "best_val_f1": 0.5940467129880165,
        "best_epoch": 103,
        "total_epochs": 133,
        "training_time_seconds": 3.266382932662964
    },
    "final_test_metrics": {
        "accuracy": 0.7642215568862275,
        "precision": 0.599978373680361,
        "recall": 0.589832145898239,
        "f1_score": 0.5940467129880165,
        "confusion_matrix": [
            [
                1886,
                283
            ],
            [
                347,
                156
            ]
        ]
    }
}