{
    "model": "LSTM_gossipcop_10_shot_roberta",
    "dataset": "gossipcop",
    "embedding": "roberta",
    "k_shot": 10,
    "training_time": 0.4540553092956543,
    "best_epoch": 0,
    "final_train_accuracy": 0.5294117647058824,
    "final_train_loss": 0.6891592144966125,
    "final_val_accuracy": 0.3333333333333333,
    "final_val_loss": 0.7076537013053894,
    "final_val_f1": 0.25,
    "test_metrics": {
        "accuracy": 0.811751497005988,
        "precision": 0.405875748502994,
        "recall": 0.5,
        "f1_score": 0.4480479239826482,
        "confusion_matrix": [
            [
                2169,
                0
            ],
            [
                503,
                0
            ]
        ]
    }
}