{
    "args": {
        "graph_path": "graphs/politifact/11_shot_distilbert_knn_5_smpf10.pt",
        "model": "GAT",
        "dropout_rate": 0.5,
        "hidden_channels": 128,
        "gat_heads": 8,
        "lr": 0.0001,
        "weight_decay": 0.0001,
        "n_epochs": 300,
        "patience": 30,
        "seed": 42,
        "output_dir": "results"
    },
    "model_name": "GAT_politifact_11_shot_distilbert_knn_5_smpf10",
    "training_history": {
        "final_train_loss": 0.4725028872489929,
        "final_train_acc": 0.7727272727272727,
        "final_val_loss": 0.645505964756012,
        "final_val_acc": 0.696078431372549,
        "final_val_f1": 0.6766540546068105,
        "best_val_f1": 0.7310558294164852,
        "best_epoch": 39,
        "total_epochs": 69,
        "training_time_seconds": 2.162177562713623
    },
    "final_test_metrics": {
        "accuracy": 0.7745098039215687,
        "precision": 0.7254464285714286,
        "recall": 0.7385451110061407,
        "f1_score": 0.7310558294164852,
        "confusion_matrix": [
            [
                60,
                13
            ],
            [
                10,
                19
            ]
        ]
    }
}