{
  "accuracy": 0.8921568627450981,
  "precision": 0.8652777777777778,
  "recall": 0.872697213037317,
  "f1_score": 0.8688486265341906
}