{
    "args": {
        "graph_path": "graphs/politifact/11_shot_combined_knn_7_smpf10.pt",
        "model": "GAT",
        "dropout_rate": 0.5,
        "hidden_channels": 128,
        "gat_heads": 8,
        "lr": 0.0001,
        "weight_decay": 0.0001,
        "n_epochs": 300,
        "patience": 30,
        "seed": 42,
        "output_dir": "results"
    },
    "model_name": "GAT_politifact_11_shot_combined_knn_7_smpf10",
    "training_history": {
        "final_train_loss": 0.4556177258491516,
        "final_train_acc": 0.9090909090909091,
        "final_val_loss": 0.5692822933197021,
        "final_val_acc": 0.8235294117647058,
        "final_val_f1": 0.8042643923240937,
        "best_val_f1": 0.8306585500830106,
        "best_epoch": 172,
        "total_epochs": 218,
        "training_time_seconds": 3.1818795204162598
    },
    "final_test_metrics": {
        "accuracy": 0.8529411764705882,
        "precision": 0.6944444444444444,
        "recall": 0.8620689655172413,
        "f1_score": 0.7692307692307693,
        "confusion_matrix": [
            [
                62,
                11
            ],
            [
                4,
                25
            ]
        ]
    }
}