{
    "args": {
        "graph_path": "graphs/politifact/11_shot_combined_knn_7_smpf10.pt",
        "model": "GAT",
        "dropout_rate": 0.5,
        "hidden_channels": 128,
        "gat_heads": 8,
        "lr": 0.0001,
        "weight_decay": 0.0001,
        "n_epochs": 300,
        "patience": 30,
        "seed": 42,
        "output_dir": "results"
    },
    "model_name": "GAT_politifact_11_shot_combined_knn_7_smpf10",
    "training_history": {
        "final_train_loss": 0.2873638868331909,
        "final_train_acc": 0.9545454545454546,
        "final_val_loss": 0.4867342412471771,
        "final_val_acc": 0.7843137254901961,
        "final_val_f1": 0.7607675906183369,
        "best_val_f1": 0.770048309178744,
        "best_epoch": 135,
        "total_epochs": 300,
        "training_time_seconds": 10.419830322265625
    },
    "final_test_metrics": {
        "accuracy": 0.7941176470588235,
        "precision": 0.7596774193548387,
        "recall": 0.8042040623523854,
        "f1_score": 0.770048309178744,
        "confusion_matrix": [
            [
                57,
                16
            ],
            [
                5,
                24
            ]
        ]
    }
}