{
    "args": {
        "graph_path": "graphs/gossipcop/15_shot_combined_knn_6_smpf10.pt",
        "model": "GAT",
        "dropout_rate": 0.5,
        "hidden_channels": 128,
        "gat_heads": 8,
        "lr": 0.0001,
        "weight_decay": 0.0001,
        "n_epochs": 300,
        "patience": 30,
        "seed": 42,
        "output_dir": "results"
    },
    "model_name": "GAT_gossipcop_15_shot_combined_knn_6_smpf10",
    "training_history": {
        "final_train_loss": 0.5563021898269653,
        "final_train_acc": 0.8666666666666667,
        "final_val_loss": 0.65925532579422,
        "final_val_acc": 0.6313622754491018,
        "final_val_f1": 0.5077452983290699,
        "best_val_f1": 0.516699576406364,
        "best_epoch": 51,
        "total_epochs": 102,
        "training_time_seconds": 4.612916469573975
    },
    "final_test_metrics": {
        "accuracy": 0.7481287425149701,
        "precision": 0.5262011054421769,
        "recall": 0.5180750444314289,
        "f1_score": 0.516699576406364,
        "confusion_matrix": [
            [
                1924,
                245
            ],
            [
                428,
                75
            ]
        ]
    }
}