{
    "args": {
        "graph_path": "graphs/gossipcop/15_shot_combined_knn_6_smpf10.pt",
        "model": "GAT",
        "dropout_rate": 0.5,
        "hidden_channels": 128,
        "gat_heads": 8,
        "lr": 0.0001,
        "weight_decay": 0.0001,
        "n_epochs": 300,
        "patience": 30,
        "seed": 42,
        "output_dir": "results"
    },
    "model_name": "GAT_gossipcop_15_shot_combined_knn_6_smpf10",
    "training_history": {
        "final_train_loss": 0.5821269154548645,
        "final_train_acc": 0.8,
        "final_val_loss": 0.6497012376785278,
        "final_val_acc": 0.6627994011976048,
        "final_val_f1": 0.5201117858527509,
        "best_val_f1": 0.5409151335116771,
        "best_epoch": 109,
        "total_epochs": 139,
        "training_time_seconds": 2.6711831092834473
    },
    "final_test_metrics": {
        "accuracy": 0.749251497005988,
        "precision": 0.27371273712737126,
        "recall": 0.20079522862823063,
        "f1_score": 0.231651376146789,
        "confusion_matrix": [
            [
                1901,
                268
            ],
            [
                402,
                101
            ]
        ]
    }
}