{
    "args": {
        "graph_path": "graphs_hetero/politifact/5_shot_bigbird_hetero_knn_5_smpf10.pt",
        "model": "HGT",
        "target_node_type": "news",
        "dropout_rate": 0.0,
        "hidden_channels": 128,
        "hgt_han_heads": 4,
        "hgt_layers": 1,
        "lr": 0.0001,
        "weight_decay": 0.0001,
        "n_epochs": 300,
        "patience": 30,
        "seed": 42,
        "output_dir_base": "results_hetero"
    },
    "model_name": "HGT_politifact_5_shot_bigbird_hetero_knn_5_smpf10",
    "training_history": {
        "final_train_loss": 0.0015505756018683314,
        "final_train_acc": 1.0,
        "final_val_loss": 1.1606112718582153,
        "final_val_acc": 0.6862745098039216,
        "final_val_f1": 0.6520255863539446,
        "best_val_f1": 0.6520255863539446,
        "best_epoch": 157,
        "total_epochs_run": 187,
        "training_time_seconds": 7.136018991470337
    },
    "final_test_metrics_on_target_node": {
        "accuracy": 0.6862745098039216,
        "precision": 0.6497401039584166,
        "recall": 0.6769012753897024,
        "f1_score": 0.6520255863539446,
        "confusion_matrix": [
            [
                51,
                22
            ],
            [
                10,
                19
            ]
        ]
    }
}