{
    "args": {
        "graph_path": "graphs/politifact/5_shot_combined_knn_8.pt",
        "model": "GAT",
        "dropout_rate": 0.5,
        "hidden_channels": 128,
        "gat_heads": 8,
        "lr": 0.0001,
        "weight_decay": 0.0001,
        "n_epochs": 300,
        "patience": 30,
        "seed": 42,
        "output_dir": "results"
    },
    "model_name": "GAT_politifact_5_shot_combined_knn_8",
    "training_history": {
        "final_train_loss": 0.525343120098114,
        "final_train_acc": 0.9,
        "final_val_loss": 0.6551971435546875,
        "final_val_acc": 0.6274509803921569,
        "final_val_f1": 0.6125549780087964,
        "best_val_f1": 0.678082992402104,
        "best_epoch": 66,
        "total_epochs": 140,
        "training_time_seconds": 2.352383852005005
    },
    "final_test_metrics": {
        "accuracy": 0.7352941176470589,
        "precision": 0.5333333333333333,
        "recall": 0.5517241379310345,
        "f1_score": 0.5423728813559322,
        "confusion_matrix": [
            [
                59,
                14
            ],
            [
                13,
                16
            ]
        ]
    }
}