{
    "args": {
        "graph_path": "graphs/politifact/14_shot_roberta_knn_7.pt",
        "model": "GAT",
        "dropout_rate": 0.5,
        "hidden_channels": 128,
        "gat_heads": 8,
        "lr": 0.0001,
        "weight_decay": 0.0001,
        "n_epochs": 300,
        "patience": 30,
        "seed": 42,
        "output_dir": "results"
    },
    "model_name": "GAT_politifact_14_shot_roberta_knn_7",
    "training_history": {
        "final_train_loss": 0.47525522112846375,
        "final_train_acc": 0.8571428571428571,
        "final_val_loss": 0.5457794070243835,
        "final_val_acc": 0.7549019607843137,
        "final_val_f1": 0.6813694864425841,
        "best_val_f1": 0.7419028340080972,
        "best_epoch": 78,
        "total_epochs": 215,
        "training_time_seconds": 3.5404748916625977
    },
    "final_test_metrics": {
        "accuracy": 0.803921568627451,
        "precision": 0.6956521739130435,
        "recall": 0.5517241379310345,
        "f1_score": 0.6153846153846154,
        "confusion_matrix": [
            [
                66,
                7
            ],
            [
                13,
                16
            ]
        ]
    }
}