{
    "model": "MLP_politifact_8_shot_bert",
    "dataset": "politifact",
    "embedding": "bert",
    "k_shot": 8,
    "training_time": 0.5373976230621338,
    "best_epoch": 0,
    "final_train_accuracy": 1.0,
    "final_train_loss": 0.1542627513408661,
    "final_val_accuracy": 0.0,
    "final_val_loss": 1.3179826736450195,
    "final_val_f1": 0.0,
    "test_metrics": {
        "accuracy": 0.30392156862745096,
        "precision": 0.4739583333333333,
        "recall": 0.49291450165328293,
        "f1_score": 0.2666329113924051,
        "confusion_matrix": [
            [
                4,
                69
            ],
            [
                2,
                27
            ]
        ]
    }
}