{
    "args": {
        "graph_path": "graphs/gossipcop/9_shot_combined_mutual_knn_6_smpf10.pt",
        "model": "GAT",
        "dropout_rate": 0.5,
        "hidden_channels": 128,
        "gat_heads": 8,
        "lr": 0.0001,
        "weight_decay": 0.0001,
        "n_epochs": 300,
        "patience": 30,
        "seed": 42,
        "output_dir": "results"
    },
    "model_name": "GAT_gossipcop_9_shot_combined_mutual_knn_6_smpf10",
    "training_history": {
        "final_train_loss": 0.645083487033844,
        "final_train_acc": 0.6666666666666666,
        "final_val_loss": 0.6617475748062134,
        "final_val_acc": 0.6968562874251497,
        "final_val_f1": 0.5821440486340216,
        "best_val_f1": 0.5945915174317454,
        "best_epoch": 118,
        "total_epochs": 148,
        "training_time_seconds": 2.538944959640503
    },
    "final_test_metrics": {
        "accuracy": 0.7690868263473054,
        "precision": 0.3629807692307692,
        "recall": 0.30019880715705766,
        "f1_score": 0.32861806311207836,
        "confusion_matrix": [
            [
                1904,
                265
            ],
            [
                352,
                151
            ]
        ]
    }
}