{
    "args": {
        "graph_path": "graphs/gossipcop/5_shot_roberta_mutual_knn_6_smpf10.pt",
        "model": "GAT",
        "dropout_rate": 0.5,
        "hidden_channels": 128,
        "gat_heads": 8,
        "lr": 0.0001,
        "weight_decay": 0.0001,
        "n_epochs": 300,
        "patience": 30,
        "seed": 42,
        "output_dir": "results"
    },
    "model_name": "GAT_gossipcop_5_shot_roberta_mutual_knn_6_smpf10",
    "training_history": {
        "final_train_loss": 0.5949811935424805,
        "final_train_acc": 0.8,
        "final_val_loss": 0.6053756475448608,
        "final_val_acc": 0.7458832335329342,
        "final_val_f1": 0.5084742226984382,
        "best_val_f1": 0.522453277022942,
        "best_epoch": 220,
        "total_epochs": 272,
        "training_time_seconds": 14.764615535736084
    },
    "final_test_metrics": {
        "accuracy": 0.6598053892215568,
        "precision": 0.5247990028745958,
        "recall": 0.5323884264720575,
        "f1_score": 0.522453277022942,
        "confusion_matrix": [
            [
                1598,
                571
            ],
            [
                338,
                165
            ]
        ]
    }
}