{
    "args": {
        "graph_path": "graphs/politifact/6_shot_combined_knn_7.pt",
        "model": "GAT",
        "dropout_rate": 0.5,
        "hidden_channels": 128,
        "gat_heads": 8,
        "lr": 0.0001,
        "weight_decay": 0.0001,
        "n_epochs": 300,
        "patience": 30,
        "seed": 42,
        "output_dir": "results"
    },
    "model_name": "GAT_politifact_6_shot_combined_knn_7",
    "training_history": {
        "final_train_loss": 0.5207836627960205,
        "final_train_acc": 0.9166666666666666,
        "final_val_loss": 0.6667811870574951,
        "final_val_acc": 0.6078431372549019,
        "final_val_f1": 0.6003134796238244,
        "best_val_f1": 0.6902834008097165,
        "best_epoch": 68,
        "total_epochs": 98,
        "training_time_seconds": 1.9230024814605713
    },
    "final_test_metrics": {
        "accuracy": 0.7647058823529411,
        "precision": 0.6086956521739131,
        "recall": 0.4827586206896552,
        "f1_score": 0.5384615384615384,
        "confusion_matrix": [
            [
                64,
                9
            ],
            [
                15,
                14
            ]
        ]
    }
}