{
    "args": {
        "graph_path": "graphs/politifact/12_shot_roberta_mutual_knn_4_smpf10.pt",
        "model": "GAT",
        "dropout_rate": 0.5,
        "hidden_channels": 128,
        "gat_heads": 8,
        "lr": 0.0001,
        "weight_decay": 0.0001,
        "n_epochs": 300,
        "patience": 30,
        "seed": 42,
        "output_dir": "results"
    },
    "model_name": "GAT_politifact_12_shot_roberta_mutual_knn_4_smpf10",
    "training_history": {
        "final_train_loss": 0.6226163506507874,
        "final_train_acc": 0.6666666666666666,
        "final_val_loss": 0.6165686845779419,
        "final_val_acc": 0.6666666666666666,
        "final_val_f1": 0.647130647130647,
        "best_val_f1": 0.7292471042471043,
        "best_epoch": 123,
        "total_epochs": 196,
        "training_time_seconds": 3.0810163021087646
    },
    "final_test_metrics": {
        "accuracy": 0.7843137254901961,
        "precision": 0.6296296296296297,
        "recall": 0.5862068965517241,
        "f1_score": 0.6071428571428571,
        "confusion_matrix": [
            [
                63,
                10
            ],
            [
                12,
                17
            ]
        ]
    }
}