{
    "args": {
        "graph_path": "graphs/politifact/8_shot_roberta_knn_8_smpf10.pt",
        "model": "GAT",
        "dropout_rate": 0.5,
        "hidden_channels": 128,
        "gat_heads": 8,
        "lr": 0.0001,
        "weight_decay": 0.0001,
        "n_epochs": 300,
        "patience": 30,
        "seed": 42,
        "output_dir": "results"
    },
    "model_name": "GAT_politifact_8_shot_roberta_knn_8_smpf10",
    "training_history": {
        "final_train_loss": 0.4473152458667755,
        "final_train_acc": 0.875,
        "final_val_loss": 0.5386489033699036,
        "final_val_acc": 0.7549019607843137,
        "final_val_f1": 0.7177642501383509,
        "best_val_f1": 0.7734658094681472,
        "best_epoch": 131,
        "total_epochs": 169,
        "training_time_seconds": 6.685599088668823
    },
    "final_test_metrics": {
        "accuracy": 0.8137254901960784,
        "precision": 0.7708333333333333,
        "recall": 0.776334435521965,
        "f1_score": 0.7734658094681472,
        "confusion_matrix": [
            [
                63,
                10
            ],
            [
                9,
                20
            ]
        ]
    }
}