{
    "args": {
        "graph_path": "graphs/politifact/8_shot_roberta_knn_8_smpf10.pt",
        "model": "GAT",
        "dropout_rate": 0.5,
        "hidden_channels": 128,
        "gat_heads": 8,
        "lr": 0.0001,
        "weight_decay": 0.0001,
        "n_epochs": 300,
        "patience": 30,
        "seed": 42,
        "output_dir": "results"
    },
    "model_name": "GAT_politifact_8_shot_roberta_knn_8_smpf10",
    "training_history": {
        "final_train_loss": 0.5398983955383301,
        "final_train_acc": 0.75,
        "final_val_loss": 0.5850780010223389,
        "final_val_acc": 0.7647058823529411,
        "final_val_f1": 0.7352941176470589,
        "best_val_f1": 0.7352941176470589,
        "best_epoch": 138,
        "total_epochs": 213,
        "training_time_seconds": 3.1945011615753174
    },
    "final_test_metrics": {
        "accuracy": 0.7647058823529411,
        "precision": 0.5641025641025641,
        "recall": 0.7586206896551724,
        "f1_score": 0.6470588235294118,
        "confusion_matrix": [
            [
                56,
                17
            ],
            [
                7,
                22
            ]
        ]
    }
}