{
  "accuracy": 0.7743263473053892,
  "precision": 0.6453428780341312,
  "recall": 0.6632455153816612,
  "f1_score": 0.6527568936619496
}