{
    "args": {
        "graph_path": "graphs/politifact/4_shot_combined_mutual_knn_6_smpf10.pt",
        "model": "GAT",
        "dropout_rate": 0.5,
        "hidden_channels": 128,
        "gat_heads": 8,
        "lr": 0.0001,
        "weight_decay": 0.0001,
        "n_epochs": 300,
        "patience": 30,
        "seed": 42,
        "output_dir": "results"
    },
    "model_name": "GAT_politifact_4_shot_combined_mutual_knn_6_smpf10",
    "training_history": {
        "final_train_loss": 0.3860012888908386,
        "final_train_acc": 0.875,
        "final_val_loss": 0.5974920392036438,
        "final_val_acc": 0.6862745098039216,
        "final_val_f1": 0.667887667887668,
        "best_val_f1": 0.7390191897654584,
        "best_epoch": 131,
        "total_epochs": 300,
        "training_time_seconds": 4.782978296279907
    },
    "final_test_metrics": {
        "accuracy": 0.7647058823529411,
        "precision": 0.5609756097560976,
        "recall": 0.7931034482758621,
        "f1_score": 0.6571428571428571,
        "confusion_matrix": [
            [
                55,
                18
            ],
            [
                6,
                23
            ]
        ]
    }
}