{
  "accuracy": 0.6485778443113772,
  "precision": 0.5687424352457032,
  "recall": 0.6041148223613597,
  "f1_score": 0.5603457294181039
}