{
  "accuracy": 0.803921568627451,
  "precision": 0.7707231040564374,
  "recall": 0.7175247992442135,
  "f1_score": 0.735064935064935
}