{
    "args": {
        "graph_path": "graphs/gossipcop/7_shot_combined_knn_3_smpf10.pt",
        "model": "GAT",
        "dropout_rate": 0.5,
        "hidden_channels": 128,
        "gat_heads": 8,
        "lr": 0.0001,
        "weight_decay": 0.0001,
        "n_epochs": 300,
        "patience": 30,
        "seed": 42,
        "output_dir": "results"
    },
    "model_name": "GAT_gossipcop_7_shot_combined_knn_3_smpf10",
    "training_history": {
        "final_train_loss": 0.5946744084358215,
        "final_train_acc": 0.7857142857142857,
        "final_val_loss": 0.6289138793945312,
        "final_val_acc": 0.8207335329341318,
        "final_val_f1": 0.5230106031350635,
        "best_val_f1": 0.6113186957678614,
        "best_epoch": 38,
        "total_epochs": 88,
        "training_time_seconds": 1.897348165512085
    },
    "final_test_metrics": {
        "accuracy": 0.7896706586826348,
        "precision": 0.4178272980501393,
        "recall": 0.2982107355864811,
        "f1_score": 0.3480278422273782,
        "confusion_matrix": [
            [
                1960,
                209
            ],
            [
                353,
                150
            ]
        ]
    }
}