{
    "args": {
        "graph_path": "graphs/politifact/16_shot_roberta_knn_4_smpf10.pt",
        "model": "GAT",
        "dropout_rate": 0.5,
        "hidden_channels": 128,
        "gat_heads": 8,
        "lr": 0.0001,
        "weight_decay": 0.0001,
        "n_epochs": 300,
        "patience": 30,
        "seed": 42,
        "output_dir": "results"
    },
    "model_name": "GAT_politifact_16_shot_roberta_knn_4_smpf10",
    "training_history": {
        "final_train_loss": 0.6576855778694153,
        "final_train_acc": 0.65625,
        "final_val_loss": 0.5594239830970764,
        "final_val_acc": 0.7941176470588235,
        "final_val_f1": 0.7006289308176101,
        "best_val_f1": 0.7615584415584415,
        "best_epoch": 99,
        "total_epochs": 165,
        "training_time_seconds": 3.0618979930877686
    },
    "final_test_metrics": {
        "accuracy": 0.8235294117647058,
        "precision": 0.7619047619047619,
        "recall": 0.5517241379310345,
        "f1_score": 0.64,
        "confusion_matrix": [
            [
                68,
                5
            ],
            [
                13,
                16
            ]
        ]
    }
}