{
    "args": {
        "graph_path": "graphs_hetero/gossipcop/12_shot_roberta_hetero_dual_knn_sim5_dis5_smpf10.pt",
        "model": "HGT",
        "target_node_type": "news",
        "dropout_rate": 0.0,
        "hidden_channels": 128,
        "hgt_han_heads": 4,
        "hgt_layers": 1,
        "lr": 0.0001,
        "weight_decay": 0.0001,
        "n_epochs": 300,
        "patience": 30,
        "seed": 42,
        "output_dir_base": "results_hetero"
    },
    "model_name": "HGT_gossipcop_12_shot_roberta_hetero_dual_knn_sim5_dis5_smpf10",
    "training_history": {
        "final_train_loss": 0.016223488375544548,
        "final_train_acc": 1.0,
        "final_val_loss": 0.5985274314880371,
        "final_val_acc": 0.7151946107784432,
        "final_val_f1": 0.6019948486570357,
        "best_val_f1": 0.6127618138903447,
        "best_epoch": 131,
        "total_epochs_run": 173,
        "training_time_seconds": 9.20197057723999
    },
    "final_test_metrics_on_target_node": {
        "accuracy": 0.7230538922155688,
        "precision": 0.6054553053311815,
        "recall": 0.6385357747475497,
        "f1_score": 0.6127618138903447,
        "confusion_matrix": [
            [
                1679,
                490
            ],
            [
                250,
                253
            ]
        ]
    }
}