{
    "args": {
        "graph_path": "graphs_hetero/politifact/4_shot_distilbert_hetero_knn_5_smpf10.pt",
        "model": "HAN",
        "target_node_type": "news",
        "dropout_rate": 0.0,
        "hidden_channels": 128,
        "hgt_han_heads": 4,
        "hgt_layers": 1,
        "lr": 0.0001,
        "weight_decay": 0.0001,
        "n_epochs": 300,
        "patience": 30,
        "seed": 42,
        "output_dir_base": "results_hetero"
    },
    "model_name": "HAN_politifact_4_shot_distilbert_hetero_knn_5_smpf10",
    "training_history": {
        "final_train_loss": 0.24411480128765106,
        "final_train_acc": 1.0,
        "final_val_loss": 0.6268795132637024,
        "final_val_acc": 0.6666666666666666,
        "final_val_f1": 0.6351010101010102,
        "best_val_f1": 0.6824476650563607,
        "best_epoch": 35,
        "total_epochs_run": 101,
        "training_time_seconds": 5.187822341918945
    },
    "final_test_metrics_on_target_node": {
        "accuracy": 0.7156862745098039,
        "precision": 0.6774193548387097,
        "recall": 0.7078412848370336,
        "f1_score": 0.6824476650563607,
        "confusion_matrix": [
            [
                53,
                20
            ],
            [
                9,
                20
            ]
        ]
    }
}