{
    "args": {
        "graph_path": "graphs/politifact/9_shot_combined_mutual_knn_8_smpf10.pt",
        "model": "GAT",
        "dropout_rate": 0.5,
        "hidden_channels": 128,
        "gat_heads": 8,
        "lr": 0.0001,
        "weight_decay": 0.0001,
        "n_epochs": 300,
        "patience": 30,
        "seed": 42,
        "output_dir": "results"
    },
    "model_name": "GAT_politifact_9_shot_combined_mutual_knn_8_smpf10",
    "training_history": {
        "final_train_loss": 0.3800804913043976,
        "final_train_acc": 0.9444444444444444,
        "final_val_loss": 0.573897123336792,
        "final_val_acc": 0.7647058823529411,
        "final_val_f1": 0.7390191897654584,
        "best_val_f1": 0.7723214285714286,
        "best_epoch": 197,
        "total_epochs": 253,
        "training_time_seconds": 3.586549758911133
    },
    "final_test_metrics": {
        "accuracy": 0.803921568627451,
        "precision": 0.6285714285714286,
        "recall": 0.7586206896551724,
        "f1_score": 0.6875,
        "confusion_matrix": [
            [
                60,
                13
            ],
            [
                7,
                22
            ]
        ]
    }
}