{
  "accuracy": 0.7230538922155688,
  "precision": 0.59329730841712,
  "recall": 0.6163938453190493,
  "f1_score": 0.599524277098868
}