{
    "args": {
        "graph_path": "graphs/politifact/15_shot_combined_mutual_knn_3_smpf10.pt",
        "model": "GAT",
        "dropout_rate": 0.5,
        "hidden_channels": 128,
        "gat_heads": 8,
        "lr": 0.0001,
        "weight_decay": 0.0001,
        "n_epochs": 300,
        "patience": 30,
        "seed": 42,
        "output_dir": "results"
    },
    "model_name": "GAT_politifact_15_shot_combined_mutual_knn_3_smpf10",
    "training_history": {
        "final_train_loss": 0.5540571212768555,
        "final_train_acc": 0.7666666666666667,
        "final_val_loss": 0.6183626651763916,
        "final_val_acc": 0.7843137254901961,
        "final_val_f1": 0.7495535714285715,
        "best_val_f1": 0.7687074829931972,
        "best_epoch": 67,
        "total_epochs": 141,
        "training_time_seconds": 2.4930100440979004
    },
    "final_test_metrics": {
        "accuracy": 0.8137254901960784,
        "precision": 0.6785714285714286,
        "recall": 0.6551724137931034,
        "f1_score": 0.6666666666666666,
        "confusion_matrix": [
            [
                64,
                9
            ],
            [
                10,
                19
            ]
        ]
    }
}