{
  "accuracy": 0.7156862745098039,
  "precision": 0.6896551724137931,
  "recall": 0.7286254133207368,
  "f1_score": 0.6906828401129352
}