{
    "args": {
        "graph_path": "graphs_hetero/gossipcop/3_shot_roberta_hetero_dual_knn_sim5_dis5_smpf10_mv3.pt",
        "model": "HGT",
        "target_node_type": "news",
        "dropout_rate": 0.0,
        "hidden_channels": 128,
        "hgt_han_heads": 4,
        "hgt_layers": 1,
        "lr": 0.0001,
        "weight_decay": 0.0001,
        "n_epochs": 300,
        "patience": 30,
        "seed": 42,
        "output_dir_base": "results_hetero"
    },
    "model_name": "HGT_gossipcop_3_shot_roberta_hetero_dual_knn_sim5_dis5_smpf10_mv3",
    "training_history": {
        "final_train_loss": 0.014430403709411621,
        "final_train_acc": 1.0,
        "final_val_loss": 0.6950817704200745,
        "final_val_acc": 0.5950598802395209,
        "final_val_f1": 0.5445275639922842,
        "best_val_f1": 0.5516325323100586,
        "best_epoch": 46,
        "total_epochs_run": 149,
        "training_time_seconds": 12.051653146743774
    },
    "final_test_metrics_on_target_node": {
        "accuracy": 0.6912425149700598,
        "precision": 0.5497739531278201,
        "recall": 0.56167788107684,
        "f1_score": 0.5516325323100586,
        "confusion_matrix": [
            [
                1669,
                500
            ],
            [
                325,
                178
            ]
        ]
    }
}