{
    "model": "LSTM_politifact_11_shot_bert",
    "dataset": "politifact",
    "embedding": "bert",
    "k_shot": 11,
    "training_time": 0.7649524211883545,
    "best_epoch": 5,
    "final_train_accuracy": 0.9473684210526315,
    "final_train_loss": 0.5449849367141724,
    "final_val_accuracy": 0.6666666666666666,
    "final_val_loss": 0.598512589931488,
    "final_val_f1": 0.6666666666666666,
    "test_metrics": {
        "accuracy": 0.6862745098039216,
        "precision": 0.6862745098039216,
        "recall": 0.7288615965989608,
        "f1_score": 0.6709677419354838,
        "confusion_matrix": [
            [
                46,
                27
            ],
            [
                5,
                24
            ]
        ]
    }
}