{
    "args": {
        "graph_path": "graphs_hetero/gossipcop/6_shot_distilbert_hetero_knn_5_smpf10.pt",
        "model": "HAN",
        "target_node_type": "news",
        "dropout_rate": 0.0,
        "hidden_channels": 128,
        "hgt_han_heads": 4,
        "hgt_layers": 1,
        "lr": 0.0001,
        "weight_decay": 0.0001,
        "n_epochs": 300,
        "patience": 30,
        "seed": 42,
        "output_dir_base": "results_hetero"
    },
    "model_name": "HAN_gossipcop_6_shot_distilbert_hetero_knn_5_smpf10",
    "training_history": {
        "final_train_loss": 0.05917876958847046,
        "final_train_acc": 1.0,
        "final_val_loss": 0.6998239159584045,
        "final_val_acc": 0.6489520958083832,
        "final_val_f1": 0.5418300940347183,
        "best_val_f1": 0.5432084102630547,
        "best_epoch": 171,
        "total_epochs_run": 201,
        "training_time_seconds": 4.053878545761108
    },
    "final_test_metrics_on_target_node": {
        "accuracy": 0.6444610778443114,
        "precision": 0.5503876838763526,
        "recall": 0.5740925585262056,
        "f1_score": 0.5432084102630547,
        "confusion_matrix": [
            [
                1490,
                679
            ],
            [
                271,
                232
            ]
        ]
    }
}