{
  "accuracy": 0.781811377245509,
  "precision": 0.6541463082477754,
  "recall": 0.670146479353478,
  "f1_score": 0.6610257859816401
}