{
    "args": {
        "graph_path": "graphs/gossipcop/13_shot_roberta_mutual_knn_8_smpf10.pt",
        "model": "GAT",
        "dropout_rate": 0.5,
        "hidden_channels": 128,
        "gat_heads": 8,
        "lr": 0.0001,
        "weight_decay": 0.0001,
        "n_epochs": 300,
        "patience": 30,
        "seed": 42,
        "output_dir": "results"
    },
    "model_name": "GAT_gossipcop_13_shot_roberta_mutual_knn_8_smpf10",
    "training_history": {
        "final_train_loss": 0.6188949942588806,
        "final_train_acc": 0.6923076923076923,
        "final_val_loss": 0.6503771543502808,
        "final_val_acc": 0.6291167664670658,
        "final_val_f1": 0.478196474018226,
        "best_val_f1": 0.5062587228640124,
        "best_epoch": 105,
        "total_epochs": 135,
        "training_time_seconds": 2.4505534172058105
    },
    "final_test_metrics": {
        "accuracy": 0.7455089820359282,
        "precision": 0.5143289137964329,
        "recall": 0.5095897643186524,
        "f1_score": 0.5062587228640124,
        "confusion_matrix": [
            [
                1926,
                243
            ],
            [
                437,
                66
            ]
        ]
    }
}