{
    "args": {
        "graph_path": "graphs_hetero/politifact/16_shot_bigbird_hetero_knn_5_smpf10.pt",
        "model": "HGT",
        "target_node_type": "news",
        "dropout_rate": 0.0,
        "hidden_channels": 128,
        "hgt_han_heads": 4,
        "hgt_layers": 1,
        "lr": 0.0001,
        "weight_decay": 0.0001,
        "n_epochs": 300,
        "patience": 30,
        "seed": 42,
        "output_dir_base": "results_hetero"
    },
    "model_name": "HGT_politifact_16_shot_bigbird_hetero_knn_5_smpf10",
    "training_history": {
        "final_train_loss": 0.0011853231117129326,
        "final_train_acc": 1.0,
        "final_val_loss": 0.6413768529891968,
        "final_val_acc": 0.7941176470588235,
        "final_val_f1": 0.754442279032443,
        "best_val_f1": 0.754442279032443,
        "best_epoch": 166,
        "total_epochs_run": 196,
        "training_time_seconds": 6.269903182983398
    },
    "final_test_metrics_on_target_node": {
        "accuracy": 0.7941176470588235,
        "precision": 0.7482142857142857,
        "recall": 0.7626358053849788,
        "f1_score": 0.754442279032443,
        "confusion_matrix": [
            [
                61,
                12
            ],
            [
                9,
                20
            ]
        ]
    }
}