{
    "args": {
        "graph_path": "graphs/politifact/4_shot_distilbert_knn_7_smpf10.pt",
        "model": "GAT",
        "dropout_rate": 0.5,
        "hidden_channels": 128,
        "gat_heads": 8,
        "lr": 0.0001,
        "weight_decay": 0.0001,
        "n_epochs": 300,
        "patience": 30,
        "seed": 42,
        "output_dir": "results"
    },
    "model_name": "GAT_politifact_4_shot_distilbert_knn_7_smpf10",
    "training_history": {
        "final_train_loss": 0.29024791717529297,
        "final_train_acc": 0.875,
        "final_val_loss": 0.6142840385437012,
        "final_val_acc": 0.6862745098039216,
        "final_val_f1": 0.6644736842105263,
        "best_val_f1": 0.7219445706497047,
        "best_epoch": 58,
        "total_epochs": 90,
        "training_time_seconds": 2.65368914604187
    },
    "final_test_metrics": {
        "accuracy": 0.7647058823529411,
        "precision": 0.7154150197628459,
        "recall": 0.7316957959376476,
        "f1_score": 0.7219445706497047,
        "confusion_matrix": [
            [
                59,
                14
            ],
            [
                10,
                19
            ]
        ]
    }
}