{
    "args": {
        "graph_path": "graphs_hetero/gossipcop/9_shot_roberta_hetero_dual_knn_sim5_dis5_smpf10_mv3.pt",
        "model": "HAN",
        "target_node_type": "news",
        "dropout_rate": 0.0,
        "hidden_channels": 128,
        "hgt_han_heads": 4,
        "hgt_layers": 1,
        "lr": 0.0001,
        "weight_decay": 0.0001,
        "n_epochs": 300,
        "patience": 30,
        "seed": 42,
        "output_dir_base": "results_hetero"
    },
    "model_name": "HAN_gossipcop_9_shot_roberta_hetero_dual_knn_sim5_dis5_smpf10_mv3",
    "training_history": {
        "final_train_loss": 0.20672942698001862,
        "final_train_acc": 1.0,
        "final_val_loss": 0.5684760808944702,
        "final_val_acc": 0.7331586826347305,
        "final_val_f1": 0.6032407398730003,
        "best_val_f1": 0.6282161291764996,
        "best_epoch": 67,
        "total_epochs_run": 300,
        "training_time_seconds": 11.056930780410767
    },
    "final_test_metrics_on_target_node": {
        "accuracy": 0.7915419161676647,
        "precision": 0.6433011583864794,
        "recall": 0.6188764141751611,
        "f1_score": 0.6282161291764996,
        "confusion_matrix": [
            [
                1943,
                226
            ],
            [
                331,
                172
            ]
        ]
    }
}