{
    "model": "LSTM_gossipcop_bert_8_shot",
    "dataset": "gossipcop",
    "embedding": "bert",
    "k_shot": 8,
    "training_time": 0.5470945835113525,
    "best_epoch": 0,
    "final_train_accuracy": 0.9285714285714286,
    "final_train_loss": 0.6323493123054504,
    "final_val_accuracy": 0.5,
    "final_val_loss": 0.708591878414154,
    "final_val_f1": 0.3333333333333333,
    "test_metrics": {
        "accuracy": 0.811751497005988,
        "precision": 0.405875748502994,
        "recall": 0.5,
        "f1_score": 0.4480479239826482,
        "confusion_matrix": [
            [
                2169,
                0
            ],
            [
                503,
                0
            ]
        ]
    }
}