{
    "args": {
        "graph_path": "graphs/gossipcop/10_shot_combined_knn_8_smpf10.pt",
        "model": "GAT",
        "dropout_rate": 0.5,
        "hidden_channels": 128,
        "gat_heads": 8,
        "lr": 0.0001,
        "weight_decay": 0.0001,
        "n_epochs": 300,
        "patience": 30,
        "seed": 42,
        "output_dir": "results"
    },
    "model_name": "GAT_gossipcop_10_shot_combined_knn_8_smpf10",
    "training_history": {
        "final_train_loss": 0.6259096264839172,
        "final_train_acc": 0.75,
        "final_val_loss": 0.6315470933914185,
        "final_val_acc": 0.7776946107784432,
        "final_val_f1": 0.5974352210701459,
        "best_val_f1": 0.6030194508376377,
        "best_epoch": 51,
        "total_epochs": 101,
        "training_time_seconds": 4.323114633560181
    },
    "final_test_metrics": {
        "accuracy": 0.7851796407185628,
        "precision": 0.622952260867785,
        "recall": 0.5935791429385879,
        "f1_score": 0.6030194508376377,
        "confusion_matrix": [
            [
                1954,
                215
            ],
            [
                359,
                144
            ]
        ]
    }
}