{
    "args": {
        "graph_path": "graphs_hetero/gossipcop/4_shot_distilbert_hetero_knn_5_smpf10.pt",
        "model": "HGT",
        "target_node_type": "news",
        "dropout_rate": 0.0,
        "hidden_channels": 128,
        "hgt_han_heads": 4,
        "hgt_layers": 1,
        "lr": 0.0001,
        "weight_decay": 0.0001,
        "n_epochs": 300,
        "patience": 30,
        "seed": 42,
        "output_dir_base": "results_hetero"
    },
    "model_name": "HGT_gossipcop_4_shot_distilbert_hetero_knn_5_smpf10",
    "training_history": {
        "final_train_loss": 0.0013306885957717896,
        "final_train_acc": 1.0,
        "final_val_loss": 0.8683380484580994,
        "final_val_acc": 0.7361526946107785,
        "final_val_f1": 0.5972998550821611,
        "best_val_f1": 0.5994364000346986,
        "best_epoch": 154,
        "total_epochs_run": 184,
        "training_time_seconds": 7.365746974945068
    },
    "final_test_metrics_on_target_node": {
        "accuracy": 0.7335329341317365,
        "precision": 0.5939012649164491,
        "recall": 0.6098686809525512,
        "f1_score": 0.5994364000346986,
        "confusion_matrix": [
            [
                1753,
                416
            ],
            [
                296,
                207
            ]
        ]
    }
}