{
    "args": {
        "graph_path": "graphs/politifact/7_shot_roberta_mutual_knn_3_smpf10.pt",
        "model": "GAT",
        "dropout_rate": 0.5,
        "hidden_channels": 128,
        "gat_heads": 8,
        "lr": 0.0001,
        "weight_decay": 0.0001,
        "n_epochs": 300,
        "patience": 30,
        "seed": 42,
        "output_dir": "results"
    },
    "model_name": "GAT_politifact_7_shot_roberta_mutual_knn_3_smpf10",
    "training_history": {
        "final_train_loss": 0.48098239302635193,
        "final_train_acc": 0.7142857142857143,
        "final_val_loss": 0.593759298324585,
        "final_val_acc": 0.7549019607843137,
        "final_val_f1": 0.7299586995658159,
        "best_val_f1": 0.7481481481481481,
        "best_epoch": 168,
        "total_epochs": 222,
        "training_time_seconds": 3.4051640033721924
    },
    "final_test_metrics": {
        "accuracy": 0.7745098039215687,
        "precision": 0.575,
        "recall": 0.7931034482758621,
        "f1_score": 0.6666666666666666,
        "confusion_matrix": [
            [
                56,
                17
            ],
            [
                6,
                23
            ]
        ]
    }
}