{
    "args": {
        "graph_path": "graphs/politifact/3_shot_roberta_mutual_knn_3_smpf10.pt",
        "model": "GAT",
        "dropout_rate": 0.5,
        "hidden_channels": 128,
        "gat_heads": 8,
        "lr": 0.0001,
        "weight_decay": 0.0001,
        "n_epochs": 300,
        "patience": 30,
        "seed": 42,
        "output_dir": "results"
    },
    "model_name": "GAT_politifact_3_shot_roberta_mutual_knn_3_smpf10",
    "training_history": {
        "final_train_loss": 0.5969074368476868,
        "final_train_acc": 0.6666666666666666,
        "final_val_loss": 0.636585533618927,
        "final_val_acc": 0.6078431372549019,
        "final_val_f1": 0.5921631347461016,
        "best_val_f1": 0.6721174004192872,
        "best_epoch": 93,
        "total_epochs": 123,
        "training_time_seconds": 2.2737457752227783
    },
    "final_test_metrics": {
        "accuracy": 0.7745098039215687,
        "precision": 0.6875,
        "recall": 0.3793103448275862,
        "f1_score": 0.4888888888888889,
        "confusion_matrix": [
            [
                68,
                5
            ],
            [
                18,
                11
            ]
        ]
    }
}