{
  "accuracy": 0.7413922155688623,
  "precision": 0.6194651914933221,
  "recall": 0.6505948174484673,
  "f1_score": 0.6284897647919305
}