{
  "accuracy": 0.7369011976047904,
  "f1": 0.5404571169947952,
  "precision": 0.544405476566614,
  "recall": 0.5386459481928163,
  "confusion_matrix": [
    [
      1858,
      311
    ],
    [
      392,
      111
    ]
  ]
}