{
  "accuracy": 0.7369011976047904,
  "f1": 0.7277930290132566,
  "precision": 0.7198419488038141,
  "recall": 0.7369011976047904
}