{
    "args": {
        "graph_path": "graphs/politifact/10_shot_combined_knn_3.pt",
        "model": "GAT",
        "dropout_rate": 0.5,
        "hidden_channels": 128,
        "gat_heads": 8,
        "lr": 0.0001,
        "weight_decay": 0.0001,
        "n_epochs": 300,
        "patience": 30,
        "seed": 42,
        "output_dir": "results"
    },
    "model_name": "GAT_politifact_10_shot_combined_knn_3",
    "training_history": {
        "final_train_loss": 0.5533438920974731,
        "final_train_acc": 0.85,
        "final_val_loss": 0.586327850818634,
        "final_val_acc": 0.7843137254901961,
        "final_val_f1": 0.745115856428896,
        "best_val_f1": 0.7638888888888888,
        "best_epoch": 140,
        "total_epochs": 206,
        "training_time_seconds": 3.5972671508789062
    },
    "final_test_metrics": {
        "accuracy": 0.803921568627451,
        "precision": 0.6451612903225806,
        "recall": 0.6896551724137931,
        "f1_score": 0.6666666666666666,
        "confusion_matrix": [
            [
                62,
                11
            ],
            [
                9,
                20
            ]
        ]
    }
}