{
    "args": {
        "graph_path": "graphs/gossipcop/8_shot_bert_knn_6_smpf10.pt",
        "model": "GAT",
        "dropout_rate": 0.5,
        "hidden_channels": 128,
        "gat_heads": 8,
        "lr": 0.0001,
        "weight_decay": 0.0001,
        "n_epochs": 300,
        "patience": 30,
        "seed": 42,
        "output_dir": "results"
    },
    "model_name": "GAT_gossipcop_8_shot_bert_knn_6_smpf10",
    "training_history": {
        "final_train_loss": 0.39567074179649353,
        "final_train_acc": 0.875,
        "final_val_loss": 0.7110245823860168,
        "final_val_acc": 0.6107784431137725,
        "final_val_f1": 0.5260054950940559,
        "best_val_f1": 0.5421749468766566,
        "best_epoch": 46,
        "total_epochs": 76,
        "training_time_seconds": 2.4289684295654297
    },
    "final_test_metrics": {
        "accuracy": 0.6972305389221557,
        "precision": 0.5406161068429234,
        "recall": 0.5470418613262793,
        "f1_score": 0.5421749468766566,
        "confusion_matrix": [
            [
                1709,
                460
            ],
            [
                349,
                154
            ]
        ]
    }
}