{
    "args": {
        "graph_path": "graphs/gossipcop/16_shot_roberta_mutual_knn_5_smpf10.pt",
        "model": "GAT",
        "dropout_rate": 0.5,
        "hidden_channels": 128,
        "gat_heads": 8,
        "lr": 0.0001,
        "weight_decay": 0.0001,
        "n_epochs": 300,
        "patience": 30,
        "seed": 42,
        "output_dir": "results"
    },
    "model_name": "GAT_gossipcop_16_shot_roberta_mutual_knn_5_smpf10",
    "training_history": {
        "final_train_loss": 0.8522317409515381,
        "final_train_acc": 0.625,
        "final_val_loss": 0.6639049053192139,
        "final_val_acc": 0.6119011976047904,
        "final_val_f1": 0.4743086325946542,
        "best_val_f1": 0.5014160603579934,
        "best_epoch": 90,
        "total_epochs": 122,
        "training_time_seconds": 4.9833478927612305
    },
    "final_test_metrics": {
        "accuracy": 0.7264221556886228,
        "precision": 0.504033965829389,
        "recall": 0.5031777981259515,
        "f1_score": 0.5014160603579934,
        "confusion_matrix": [
            [
                1868,
                301
            ],
            [
                430,
                73
            ]
        ]
    }
}