{
    "args": {
        "graph_path": "graphs/politifact/6_shot_combined_knn_7_smpf10.pt",
        "model": "GAT",
        "dropout_rate": 0.5,
        "hidden_channels": 128,
        "gat_heads": 8,
        "lr": 0.0001,
        "weight_decay": 0.0001,
        "n_epochs": 300,
        "patience": 30,
        "seed": 42,
        "output_dir": "results"
    },
    "model_name": "GAT_politifact_6_shot_combined_knn_7_smpf10",
    "training_history": {
        "final_train_loss": 0.6102403998374939,
        "final_train_acc": 0.9166666666666666,
        "final_val_loss": 0.6803216934204102,
        "final_val_acc": 0.45098039215686275,
        "final_val_f1": 0.45013477088948783,
        "best_val_f1": 0.6731782945736434,
        "best_epoch": 25,
        "total_epochs": 55,
        "training_time_seconds": 3.0990965366363525
    },
    "final_test_metrics": {
        "accuracy": 0.696078431372549,
        "precision": 0.6766304347826086,
        "recall": 0.7149267831837506,
        "f1_score": 0.6731782945736434,
        "confusion_matrix": [
            [
                49,
                24
            ],
            [
                7,
                22
            ]
        ]
    }
}