{
    "args": {
        "graph_path": "graphs/politifact/6_shot_combined_knn_7_smpf10.pt",
        "model": "GAT",
        "dropout_rate": 0.5,
        "hidden_channels": 128,
        "gat_heads": 8,
        "lr": 0.0001,
        "weight_decay": 0.0001,
        "n_epochs": 300,
        "patience": 30,
        "seed": 42,
        "output_dir": "results"
    },
    "model_name": "GAT_politifact_6_shot_combined_knn_7_smpf10",
    "training_history": {
        "final_train_loss": 0.6566205620765686,
        "final_train_acc": 0.5833333333333334,
        "final_val_loss": 0.65779709815979,
        "final_val_acc": 0.6372549019607843,
        "final_val_f1": 0.6178227848101265,
        "best_val_f1": 0.7001763668430335,
        "best_epoch": 41,
        "total_epochs": 81,
        "training_time_seconds": 1.7174036502838135
    },
    "final_test_metrics": {
        "accuracy": 0.803921568627451,
        "precision": 0.8461538461538461,
        "recall": 0.3793103448275862,
        "f1_score": 0.5238095238095238,
        "confusion_matrix": [
            [
                71,
                2
            ],
            [
                18,
                11
            ]
        ]
    }
}