{
    "args": {
        "graph_path": "graphs_hetero/gossipcop/11_shot_bert_hetero_knn_5_smpf10.pt",
        "model": "HGT",
        "target_node_type": "news",
        "dropout_rate": 0.0,
        "hidden_channels": 128,
        "hgt_han_heads": 4,
        "hgt_layers": 1,
        "lr": 0.0001,
        "weight_decay": 0.0001,
        "n_epochs": 300,
        "patience": 30,
        "seed": 42,
        "output_dir_base": "results_hetero"
    },
    "model_name": "HGT_gossipcop_11_shot_bert_hetero_knn_5_smpf10",
    "training_history": {
        "final_train_loss": 0.001879091840237379,
        "final_train_acc": 1.0,
        "final_val_loss": 1.5229072570800781,
        "final_val_acc": 0.6717814371257484,
        "final_val_f1": 0.5521493579551959,
        "best_val_f1": 0.5531152367971347,
        "best_epoch": 130,
        "total_epochs_run": 160,
        "training_time_seconds": 5.918742656707764
    },
    "final_test_metrics_on_target_node": {
        "accuracy": 0.6699101796407185,
        "precision": 0.55415586414509,
        "recall": 0.5744976888324272,
        "f1_score": 0.5531152367971347,
        "confusion_matrix": [
            [
                1578,
                591
            ],
            [
                291,
                212
            ]
        ]
    }
}