{
    "args": {
        "graph_path": "graphs/gossipcop/12_shot_roberta_knn_7_smpf10.pt",
        "model": "GAT",
        "dropout_rate": 0.5,
        "hidden_channels": 128,
        "gat_heads": 8,
        "lr": 0.0001,
        "weight_decay": 0.0001,
        "n_epochs": 300,
        "patience": 30,
        "seed": 42,
        "output_dir": "results"
    },
    "model_name": "GAT_gossipcop_12_shot_roberta_knn_7_smpf10",
    "training_history": {
        "final_train_loss": 0.48509785532951355,
        "final_train_acc": 0.875,
        "final_val_loss": 0.6896897554397583,
        "final_val_acc": 0.5767215568862275,
        "final_val_f1": 0.48393336970693634,
        "best_val_f1": 0.5061785490307369,
        "best_epoch": 152,
        "total_epochs": 182,
        "training_time_seconds": 4.09026312828064
    },
    "final_test_metrics": {
        "accuracy": 0.6841317365269461,
        "precision": 0.5063290926578493,
        "recall": 0.5069060051860346,
        "f1_score": 0.5061785490307369,
        "confusion_matrix": [
            [
                1716,
                453
            ],
            [
                391,
                112
            ]
        ]
    }
}