{
  "accuracy": 0.7450980392156863,
  "precision": 0.7370042356565267,
  "recall": 0.7907416154936231,
  "f1_score": 0.7301587301587301
}