{
    "args": {
        "graph_path": "graphs/politifact/8_shot_bert_quantile_95.0.pt",
        "model": "GAT",
        "dropout_rate": 0.5,
        "hidden_channels": 128,
        "gat_heads": 8,
        "lr": 0.0001,
        "weight_decay": 0.0001,
        "n_epochs": 300,
        "patience": 30,
        "seed": 42,
        "output_dir": "results"
    },
    "model_name": "GAT_politifact_8_shot_bert_quantile_95.0",
    "training_history": {
        "final_train_loss": 0.8134140372276306,
        "final_train_acc": 0.875,
        "final_val_loss": 0.5595322251319885,
        "final_val_acc": 0.7549019607843137,
        "final_val_f1": 0.7221919599084867,
        "best_val_f1": 0.7312252964426877,
        "best_epoch": 53,
        "total_epochs": 87,
        "training_time_seconds": 2.179509401321411
    },
    "final_test_metrics": {
        "accuracy": 0.7647058823529411,
        "precision": 0.5675675675675675,
        "recall": 0.7241379310344828,
        "f1_score": 0.6363636363636364,
        "confusion_matrix": [
            [
                57,
                16
            ],
            [
                8,
                21
            ]
        ]
    }
}