{
    "args": {
        "graph_path": "graphs/politifact/10_shot_roberta_knn_6_smpf10.pt",
        "model": "GAT",
        "dropout_rate": 0.5,
        "hidden_channels": 128,
        "gat_heads": 8,
        "lr": 0.0001,
        "weight_decay": 0.0001,
        "n_epochs": 300,
        "patience": 30,
        "seed": 42,
        "output_dir": "results"
    },
    "model_name": "GAT_politifact_10_shot_roberta_knn_6_smpf10",
    "training_history": {
        "final_train_loss": 0.4161917567253113,
        "final_train_acc": 0.85,
        "final_val_loss": 0.5626755952835083,
        "final_val_acc": 0.696078431372549,
        "final_val_f1": 0.6693506221896894,
        "best_val_f1": 0.722962962962963,
        "best_epoch": 57,
        "total_epochs": 154,
        "training_time_seconds": 7.070448875427246
    },
    "final_test_metrics": {
        "accuracy": 0.7843137254901961,
        "precision": 0.7355844155844156,
        "recall": 0.7142182333490789,
        "f1_score": 0.722962962962963,
        "confusion_matrix": [
            [
                64,
                9
            ],
            [
                13,
                16
            ]
        ]
    }
}