{
    "args": {
        "graph_path": "graphs_hetero/politifact/11_shot_roberta_hetero_knn_5_psl10.pt",
        "model": "HGT",
        "target_node_type": "news",
        "dropout_rate": 0.0,
        "hidden_channels": 128,
        "hgt_han_heads": 4,
        "hgt_layers": 1,
        "lr": 0.0001,
        "weight_decay": 0.0001,
        "n_epochs": 300,
        "patience": 30,
        "seed": 42,
        "output_dir_base": "results_hetero"
    },
    "model_name": "HGT_politifact_11_shot_roberta_hetero_knn_5_psl10",
    "training_history": {
        "final_train_loss": 0.004895390477031469,
        "final_train_acc": 1.0,
        "final_val_loss": 0.44427961111068726,
        "final_val_acc": 0.803921568627451,
        "final_val_f1": 0.7794117647058824,
        "best_val_f1": 0.7888658895304499,
        "best_epoch": 129,
        "total_epochs_run": 175,
        "training_time_seconds": 5.8434836864471436
    },
    "final_test_metrics_on_target_node": {
        "accuracy": 0.8137254901960784,
        "precision": 0.7767269736842105,
        "recall": 0.8179026924893718,
        "f1_score": 0.7888658895304499,
        "confusion_matrix": [
            [
                59,
                14
            ],
            [
                5,
                24
            ]
        ]
    }
}