{
  "final_metrics": {
    "loss": 0.73054438829422,
    "accuracy": 0.28431372549019607,
    "precision": 0.08083429450211456,
    "recall": 0.28431372549019607,
    "f1": 0.12587935937733874
  },
  "training_time": 2.697859525680542,
  "best_val_acc": 0.6568627450980392,
  "total_epochs": 38
}