{
  "final_metrics": {
    "loss": 0.73054438829422,
    "accuracy": 0.28431372549019607,
    "precision": 0.14215686274509803,
    "recall": 0.5,
    "f1": 0.22137404580152673
  },
  "training_time": 2.8582117557525635,
  "best_val_acc": 0.6568627450980392,
  "total_epochs": 38
}