{
  "final_metrics": {
    "loss": 0.7149155139923096,
    "accuracy": 0.45098039215686275,
    "precision": 0.48443042964130867,
    "recall": 0.48134152102031175,
    "f1": 0.44043887147335425
  },
  "training_time": 2.797224760055542,
  "best_val_acc": 0.7156862745098039,
  "total_epochs": 40
}