{
  "final_metrics": {
    "loss": 0.8425952792167664,
    "accuracy": 0.28431372549019607,
    "precision": 0.14215686274509803,
    "recall": 0.5,
    "f1": 0.22137404580152673
  },
  "training_time": 2.7885751724243164,
  "best_val_acc": 0.6764705882352942,
  "total_epochs": 39
}