{
  "final_metrics": {
    "loss": 0.7242072820663452,
    "accuracy": 0.3235294117647059,
    "precision": 0.5625,
    "recall": 0.5170051960321209,
    "f1": 0.2872911392405063
  },
  "training_time": 1.8696198463439941,
  "best_val_acc": 0.3333333333333333,
  "total_epochs": 32
}