{
  "final_metrics": {
    "loss": 0.705838680267334,
    "accuracy": 0.18862275449101795,
    "precision": 0.39392575928009,
    "recall": 0.49870349136165026,
    "f1": 0.1594241088400628
  },
  "training_time": 2.9253599643707275,
  "best_val_acc": 0.812125748502994,
  "total_epochs": 41
}