{
  "final_metrics": {
    "loss": 0.6902012228965759,
    "accuracy": 0.7739520958083832,
    "precision": 0.4968853784221419,
    "recall": 0.49885931071019707,
    "f1": 0.4793042971023564
  },
  "training_time": 3.01216721534729,
  "best_val_acc": 0.8102544910179641,
  "total_epochs": 42
}