{
  "final_metrics": {
    "loss": 0.731055736541748,
    "accuracy": 0.28431372549019607,
    "precision": 0.14215686274509803,
    "recall": 0.5,
    "f1": 0.22137404580152673
  },
  "training_time": 3.8884785175323486,
  "best_val_acc": 0.4215686274509804,
  "total_epochs": 52
}