{
  "final_metrics": {
    "loss": 0.7341787219047546,
    "accuracy": 0.47058823529411764,
    "precision": 0.5978807762758237,
    "recall": 0.47058823529411764,
    "f1": 0.49237045915544897
  },
  "training_time": 2.9631311893463135,
  "best_val_acc": 0.5882352941176471,
  "total_epochs": 39
}