{
  "final_metrics": {
    "loss": 0.6917451620101929,
    "accuracy": 0.7788173652694611,
    "precision": 0.6927300922159662,
    "recall": 0.7788173652694611,
    "f1": 0.7244271463713536
  },
  "training_time": 3.731825828552246,
  "best_val_acc": 0.8012724550898204,
  "total_epochs": 55
}