{
  "final_metrics": {
    "loss": 0.6178674101829529,
    "accuracy": 0.7156862745098039,
    "precision": 0.35784313725490197,
    "recall": 0.5,
    "f1": 0.41714285714285715
  },
  "training_time": 3.313107490539551,
  "best_val_acc": 0.7156862745098039,
  "total_epochs": 51
}