{
  "final_metrics": {
    "loss": 0.7316235303878784,
    "accuracy": 0.18824850299401197,
    "precision": 0.09412425149700598,
    "recall": 0.5,
    "f1": 0.1584251968503937
  },
  "training_time": 3.0737223625183105,
  "best_val_acc": 0.811751497005988,
  "total_epochs": 39
}