{
  "final_metrics": {
    "loss": 0.8248952031135559,
    "accuracy": 0.45098039215686275,
    "precision": 0.5420263516583371,
    "recall": 0.5436939064714218,
    "f1": 0.4507692307692308
  },
  "training_time": 2.9429781436920166,
  "best_val_acc": 0.45098039215686275,
  "total_epochs": 41
}