{
  "final_metrics": {
    "loss": 0.7751272916793823,
    "accuracy": 0.28431372549019607,
    "precision": 0.14215686274509803,
    "recall": 0.5,
    "f1": 0.22137404580152673
  },
  "training_time": 2.9942047595977783,
  "best_val_acc": 0.696078431372549,
  "total_epochs": 44
}