{
  "final_metrics": {
    "loss": 0.7149155735969543,
    "accuracy": 0.45098039215686275,
    "precision": 0.5764180327235349,
    "recall": 0.45098039215686275,
    "f1": 0.4735693650500953
  },
  "training_time": 2.662814140319824,
  "best_val_acc": 0.7156862745098039,
  "total_epochs": 40
}