{
  "final_metrics": {
    "loss": 0.7130723595619202,
    "accuracy": 0.2028443113772455,
    "precision": 0.49397775220560036,
    "recall": 0.4990646256165176,
    "f1": 0.1808329039371076
  },
  "training_time": 2.885193347930908,
  "best_val_acc": 0.811751497005988,
  "total_epochs": 37
}