{
  "final_metrics": {
    "loss": 1.0129860639572144,
    "accuracy": 0.45098039215686275,
    "precision": 0.6421769071099589,
    "recall": 0.45098039215686275,
    "f1": 0.45541478129713425
  },
  "training_time": 2.165926218032837,
  "best_val_acc": 0.7156862745098039,
  "total_epochs": 31
}