{
  "final_metrics": {
    "loss": 0.743858814239502,
    "accuracy": 0.27450980392156865,
    "precision": 0.07881964667054941,
    "recall": 0.27450980392156865,
    "f1": 0.122473604826546
  },
  "training_time": 3.2744991779327393,
  "best_val_acc": 0.49019607843137253,
  "total_epochs": 51
}