{
  "final_metrics": {
    "loss": 0.7025097608566284,
    "accuracy": 0.5098039215686274,
    "precision": 0.5861265976409906,
    "recall": 0.5098039215686274,
    "f1": 0.5333865454076367
  },
  "training_time": 2.755868911743164,
  "best_val_acc": 0.6078431372549019,
  "total_epochs": 39
}