{
  "final_metrics": {
    "loss": 1.012986183166504,
    "accuracy": 0.45098039215686275,
    "precision": 0.5420263516583371,
    "recall": 0.5436939064714218,
    "f1": 0.4507692307692308
  },
  "training_time": 2.0155813694000244,
  "best_val_acc": 0.7156862745098039,
  "total_epochs": 31
}