{
  "final_metrics": {
    "loss": 0.7058385014533997,
    "accuracy": 0.18862275449101795,
    "precision": 0.5224136653576985,
    "recall": 0.18862275449101795,
    "f1": 0.06174349909208831
  },
  "training_time": 2.980783700942993,
  "best_val_acc": 0.812125748502994,
  "total_epochs": 41
}