{
  "final_metrics": {
    "loss": 0.7002422213554382,
    "accuracy": 0.18824850299401197,
    "precision": 0.09412425149700598,
    "recall": 0.5,
    "f1": 0.1584251968503937
  },
  "training_time": 3.2742903232574463,
  "best_val_acc": 0.8072604790419161,
  "total_epochs": 57
}