{
  "final_metrics": {
    "loss": 0.7529832124710083,
    "accuracy": 0.43137254901960786,
    "precision": 0.44796905222437133,
    "recall": 0.4364666981577704,
    "f1": 0.4130952380952381
  },
  "training_time": 3.1044838428497314,
  "best_val_acc": 0.4411764705882353,
  "total_epochs": 40
}