{
  "final_metrics": {
    "loss": 0.700242280960083,
    "accuracy": 0.18824850299401197,
    "precision": 0.03543749887948653,
    "recall": 0.18824850299401197,
    "f1": 0.05964661228723654
  },
  "training_time": 3.739786386489868,
  "best_val_acc": 0.8072604790419161,
  "total_epochs": 57
}