{
  "final_metrics": {
    "loss": 0.6985045075416565,
    "accuracy": 0.2122005988023952,
    "precision": 0.5111930641821947,
    "recall": 0.5025371056281033,
    "f1": 0.1934883247406235
  },
  "training_time": 3.0439035892486572,
  "best_val_acc": 0.811751497005988,
  "total_epochs": 43
}