{
  "final_metrics": {
    "loss": 0.7477088570594788,
    "accuracy": 0.37254901960784315,
    "precision": 0.5129993658845909,
    "recall": 0.50968351440718,
    "f1": 0.36645962732919257
  },
  "training_time": 2.4328298568725586,
  "best_val_acc": 0.7352941176470589,
  "total_epochs": 34
}