{
  "final_metrics": {
    "loss": 0.7316235303878784,
    "accuracy": 0.18824850299401197,
    "precision": 0.03543749887948653,
    "recall": 0.18824850299401197,
    "f1": 0.05964661228723654
  },
  "training_time": 2.774193525314331,
  "best_val_acc": 0.811751497005988,
  "total_epochs": 39
}