{
  "final_metrics": {
    "loss": 0.7059533596038818,
    "accuracy": 0.18787425149700598,
    "precision": 0.035380287721076,
    "recall": 0.18787425149700598,
    "f1": 0.05954678544612099
  },
  "training_time": 2.947021961212158,
  "best_val_acc": 0.7997754491017964,
  "total_epochs": 42
}