{
  "final_metrics": {
    "loss": 0.7025097608566284,
    "accuracy": 0.5098039215686274,
    "precision": 0.49284332688588006,
    "recall": 0.49126121870571565,
    "f1": 0.47574013157894735
  },
  "training_time": 3.0243723392486572,
  "best_val_acc": 0.6078431372549019,
  "total_epochs": 39
}