{
  "final_metrics": {
    "loss": 0.6558034420013428,
    "accuracy": 0.811751497005988,
    "precision": 0.6589404928914626,
    "recall": 0.811751497005988,
    "f1": 0.7274071460466797
  },
  "training_time": 4.4197351932525635,
  "best_val_acc": 0.811751497005988,
  "total_epochs": 76
}