{
  "final_metrics": {
    "loss": 0.702053964138031,
    "accuracy": 0.19086826347305388,
    "precision": 0.8472820774960399,
    "recall": 0.19086826347305388,
    "f1": 0.06500107308222236
  },
  "training_time": 3.0119576454162598,
  "best_val_acc": 0.811751497005988,
  "total_epochs": 38
}