{
  "final_metrics": {
    "loss": 0.6902011632919312,
    "accuracy": 0.7739520958083832,
    "precision": 0.6929742276853017,
    "recall": 0.7739520958083832,
    "f1": 0.72352481085571
  },
  "training_time": 3.0883591175079346,
  "best_val_acc": 0.8102544910179641,
  "total_epochs": 42
}