{
  "final_metrics": {
    "loss": 0.6972801685333252,
    "accuracy": 0.19199101796407186,
    "precision": 0.4688914027149321,
    "recall": 0.4984876357346928,
    "f1": 0.16469713500509317
  },
  "training_time": 3.0557923316955566,
  "best_val_acc": 0.7949101796407185,
  "total_epochs": 41
}