{
  "final_metrics": {
    "loss": 0.6985045671463013,
    "accuracy": 0.2122005988023952,
    "precision": 0.7120484864897534,
    "recall": 0.2122005988023952,
    "f1": 0.11689213656639325
  },
  "training_time": 2.9662134647369385,
  "best_val_acc": 0.811751497005988,
  "total_epochs": 43
}