{
  "final_metrics": {
    "loss": 0.7020539045333862,
    "accuracy": 0.19086826347305388,
    "precision": 0.5943714821763603,
    "recall": 0.5016136468418626,
    "f1": 0.16199216428995838
  },
  "training_time": 2.953587532043457,
  "best_val_acc": 0.811751497005988,
  "total_epochs": 38
}