{
  "final_metrics": {
    "loss": 0.6943188905715942,
    "accuracy": 0.31399700598802394,
    "precision": 0.5250589306760955,
    "recall": 0.5240090118578524,
    "f1": 0.3139269532719183
  },
  "training_time": 3.4448728561401367,
  "best_val_acc": 0.8061377245508982,
  "total_epochs": 55
}