{
  "final_metrics": {
    "loss": 0.7113306522369385,
    "accuracy": 0.35294117647058826,
    "precision": 0.4806594800253646,
    "recall": 0.48559282002834203,
    "f1": 0.3466614906832298
  },
  "training_time": 2.6340651512145996,
  "best_val_acc": 0.7156862745098039,
  "total_epochs": 39
}