{
  "final_metrics": {
    "loss": 0.8248952031135559,
    "accuracy": 0.45098039215686275,
    "precision": 0.6421769071099589,
    "recall": 0.45098039215686275,
    "f1": 0.45541478129713425
  },
  "training_time": 2.761369466781616,
  "best_val_acc": 0.45098039215686275,
  "total_epochs": 41
}