{
  "final_metrics": {
    "loss": 0.7341787219047546,
    "accuracy": 0.47058823529411764,
    "precision": 0.5045329128892393,
    "recall": 0.5054322153991497,
    "f1": 0.460423197492163
  },
  "training_time": 3.0163989067077637,
  "best_val_acc": 0.5882352941176471,
  "total_epochs": 39
}