{
  "final_metrics": {
    "loss": 0.6178674101829529,
    "accuracy": 0.7156862745098039,
    "precision": 0.5122068435217224,
    "recall": 0.7156862745098039,
    "f1": 0.5970868347338936
  },
  "training_time": 3.4459314346313477,
  "best_val_acc": 0.7156862745098039,
  "total_epochs": 51
}