{
  "final_metrics": {
    "loss": 0.7357496619224548,
    "accuracy": 0.19910179640718562,
    "precision": 0.5212800474641006,
    "recall": 0.5021040194975834,
    "f1": 0.17442038422555708
  },
  "training_time": 1.8362798690795898,
  "best_val_acc": 0.7982784431137725,
  "total_epochs": 31
}