{
  "final_metrics": {
    "loss": 0.7751271724700928,
    "accuracy": 0.28431372549019607,
    "precision": 0.08083429450211456,
    "recall": 0.28431372549019607,
    "f1": 0.12587935937733874
  },
  "training_time": 2.891146183013916,
  "best_val_acc": 0.696078431372549,
  "total_epochs": 44
}