{
  "final_metrics": {
    "loss": 0.7438589334487915,
    "accuracy": 0.27450980392156865,
    "precision": 0.13861386138613863,
    "recall": 0.4827586206896552,
    "f1": 0.2153846153846154
  },
  "training_time": 3.2509491443634033,
  "best_val_acc": 0.49019607843137253,
  "total_epochs": 51
}