{
  "final_metrics": {
    "loss": 0.8425953388214111,
    "accuracy": 0.28431372549019607,
    "precision": 0.08083429450211456,
    "recall": 0.28431372549019607,
    "f1": 0.12587935937733874
  },
  "training_time": 2.655421495437622,
  "best_val_acc": 0.6764705882352942,
  "total_epochs": 39
}