{
  "final_metrics": {
    "loss": 0.7091702222824097,
    "accuracy": 0.18937125748502995,
    "precision": 0.8472288282184227,
    "recall": 0.18937125748502995,
    "f1": 0.06194543204423227
  },
  "training_time": 3.2558677196502686,
  "best_val_acc": 0.811751497005988,
  "total_epochs": 47
}