{
  "final_metrics": {
    "loss": 0.6558034420013428,
    "accuracy": 0.811751497005988,
    "precision": 0.405875748502994,
    "recall": 0.5,
    "f1": 0.4480479239826482
  },
  "training_time": 4.919301509857178,
  "best_val_acc": 0.811751497005988,
  "total_epochs": 76
}