{
    "args": {
        "graph_path": "graphs/politifact/16_shot_combined_mutual_knn_7_smpf10.pt",
        "model": "GAT",
        "dropout_rate": 0.5,
        "hidden_channels": 128,
        "gat_heads": 8,
        "lr": 0.0001,
        "weight_decay": 0.0001,
        "n_epochs": 300,
        "patience": 30,
        "seed": 42,
        "output_dir": "results"
    },
    "model_name": "GAT_politifact_16_shot_combined_mutual_knn_7_smpf10",
    "training_history": {
        "final_train_loss": 0.4640551507472992,
        "final_train_acc": 0.84375,
        "final_val_loss": 0.5243595242500305,
        "final_val_acc": 0.7843137254901961,
        "final_val_f1": 0.7402777777777778,
        "best_val_f1": 0.7723214285714286,
        "best_epoch": 272,
        "total_epochs": 300,
        "training_time_seconds": 4.531476736068726
    },
    "final_test_metrics": {
        "accuracy": 0.803921568627451,
        "precision": 0.6285714285714286,
        "recall": 0.7586206896551724,
        "f1_score": 0.6875,
        "confusion_matrix": [
            [
                60,
                13
            ],
            [
                7,
                22
            ]
        ]
    }
}