{
    "args": {
        "graph_path": "graphs_hetero/politifact/3_shot_bert_hetero_knn_5_smpf10.pt",
        "model": "HGT",
        "target_node_type": "news",
        "dropout_rate": 0.0,
        "hidden_channels": 128,
        "hgt_han_heads": 4,
        "hgt_layers": 1,
        "lr": 0.0001,
        "weight_decay": 0.0001,
        "n_epochs": 300,
        "patience": 30,
        "seed": 42,
        "output_dir_base": "results_hetero"
    },
    "model_name": "HGT_politifact_3_shot_bert_hetero_knn_5_smpf10",
    "training_history": {
        "final_train_loss": 0.0010953355813398957,
        "final_train_acc": 1.0,
        "final_val_loss": 1.1686667203903198,
        "final_val_acc": 0.7058823529411765,
        "final_val_f1": 0.6691176470588236,
        "best_val_f1": 0.678030303030303,
        "best_epoch": 89,
        "total_epochs_run": 119,
        "training_time_seconds": 5.512480974197388
    },
    "final_test_metrics_on_target_node": {
        "accuracy": 0.7058823529411765,
        "precision": 0.6763894363421363,
        "recall": 0.7113840340103921,
        "f1_score": 0.678030303030303,
        "confusion_matrix": [
            [
                51,
                22
            ],
            [
                8,
                21
            ]
        ]
    }
}