{
  "accuracy": 0.7840568862275449,
  "precision": 0.6592258155295011,
  "recall": 0.6784012384888456,
  "f1_score": 0.6672754680659819
}