{
    "args": {
        "graph_path": "graphs/politifact/15_shot_roberta_mutual_knn_6_smpf10.pt",
        "model": "GAT",
        "dropout_rate": 0.5,
        "hidden_channels": 128,
        "gat_heads": 8,
        "lr": 0.0001,
        "weight_decay": 0.0001,
        "n_epochs": 300,
        "patience": 30,
        "seed": 42,
        "output_dir": "results"
    },
    "model_name": "GAT_politifact_15_shot_roberta_mutual_knn_6_smpf10",
    "training_history": {
        "final_train_loss": 0.4387575089931488,
        "final_train_acc": 0.8,
        "final_val_loss": 0.4919050931930542,
        "final_val_acc": 0.8431372549019608,
        "final_val_f1": 0.803088803088803,
        "best_val_f1": 0.803088803088803,
        "best_epoch": 293,
        "total_epochs": 300,
        "training_time_seconds": 3.992248058319092
    },
    "final_test_metrics": {
        "accuracy": 0.8431372549019608,
        "precision": 0.7407407407407407,
        "recall": 0.6896551724137931,
        "f1_score": 0.7142857142857143,
        "confusion_matrix": [
            [
                66,
                7
            ],
            [
                9,
                20
            ]
        ]
    }
}