{
  "accuracy": 0.6627994011976048,
  "f1": 0.5427770950216155,
  "precision": 0.5449626068376068,
  "recall": 0.5617191273749848,
  "confusion_matrix": [
    [
      1570,
      599
    ],
    [
      302,
      201
    ]
  ]
}