{
    "args": {
        "graph_path": "graphs/politifact/14_shot_combined_knn_7_smpf10.pt",
        "model": "GAT",
        "dropout_rate": 0.5,
        "hidden_channels": 128,
        "gat_heads": 8,
        "lr": 0.0001,
        "weight_decay": 0.0001,
        "n_epochs": 300,
        "patience": 30,
        "seed": 42,
        "output_dir": "results"
    },
    "model_name": "GAT_politifact_14_shot_combined_knn_7_smpf10",
    "training_history": {
        "final_train_loss": 0.4316233694553375,
        "final_train_acc": 0.9642857142857143,
        "final_val_loss": 0.5346589088439941,
        "final_val_acc": 0.8137254901960784,
        "final_val_f1": 0.7818304626815265,
        "best_val_f1": 0.813300793166565,
        "best_epoch": 186,
        "total_epochs": 300,
        "training_time_seconds": 4.0446977615356445
    },
    "final_test_metrics": {
        "accuracy": 0.8529411764705882,
        "precision": 0.7692307692307693,
        "recall": 0.6896551724137931,
        "f1_score": 0.7272727272727273,
        "confusion_matrix": [
            [
                67,
                6
            ],
            [
                9,
                20
            ]
        ]
    }
}