{
    "args": {
        "graph_path": "graphs/politifact/14_shot_combined_knn_7_smpf10.pt",
        "model": "GAT",
        "dropout_rate": 0.5,
        "hidden_channels": 128,
        "gat_heads": 8,
        "lr": 0.0001,
        "weight_decay": 0.0001,
        "n_epochs": 300,
        "patience": 30,
        "seed": 42,
        "output_dir": "results"
    },
    "model_name": "GAT_politifact_14_shot_combined_knn_7_smpf10",
    "training_history": {
        "final_train_loss": 0.39452672004699707,
        "final_train_acc": 0.8928571428571429,
        "final_val_loss": 0.4777567386627197,
        "final_val_acc": 0.7549019607843137,
        "final_val_f1": 0.712934819317798,
        "best_val_f1": 0.7677125506072875,
        "best_epoch": 15,
        "total_epochs": 300,
        "training_time_seconds": 7.472944736480713
    },
    "final_test_metrics": {
        "accuracy": 0.8235294117647058,
        "precision": 0.7936158503026967,
        "recall": 0.7520075578649031,
        "f1_score": 0.7677125506072875,
        "confusion_matrix": [
            [
                67,
                6
            ],
            [
                12,
                17
            ]
        ]
    }
}