{
    "args": {
        "graph_path": "graphs/politifact/8_shot_roberta_mutual_knn_3_smpf10.pt",
        "model": "GAT",
        "dropout_rate": 0.5,
        "hidden_channels": 128,
        "gat_heads": 8,
        "lr": 0.0001,
        "weight_decay": 0.0001,
        "n_epochs": 300,
        "patience": 30,
        "seed": 42,
        "output_dir": "results"
    },
    "model_name": "GAT_politifact_8_shot_roberta_mutual_knn_3_smpf10",
    "training_history": {
        "final_train_loss": 0.7372761368751526,
        "final_train_acc": 0.6875,
        "final_val_loss": 0.6793583035469055,
        "final_val_acc": 0.49019607843137253,
        "final_val_f1": 0.48842592592592593,
        "best_val_f1": 0.5921717171717171,
        "best_epoch": 30,
        "total_epochs": 60,
        "training_time_seconds": 1.5192265510559082
    },
    "final_test_metrics": {
        "accuracy": 0.6274509803921569,
        "precision": 0.3953488372093023,
        "recall": 0.5862068965517241,
        "f1_score": 0.4722222222222222,
        "confusion_matrix": [
            [
                47,
                26
            ],
            [
                12,
                17
            ]
        ]
    }
}