{
    "args": {
        "graph_path": "graphs/gossipcop/9_shot_combined_knn_4_smpf10.pt",
        "model": "GAT",
        "dropout_rate": 0.5,
        "hidden_channels": 128,
        "gat_heads": 8,
        "lr": 0.0001,
        "weight_decay": 0.0001,
        "n_epochs": 300,
        "patience": 30,
        "seed": 42,
        "output_dir": "results"
    },
    "model_name": "GAT_gossipcop_9_shot_combined_knn_4_smpf10",
    "training_history": {
        "final_train_loss": 0.4550358057022095,
        "final_train_acc": 0.8888888888888888,
        "final_val_loss": 0.6208816170692444,
        "final_val_acc": 0.7544910179640718,
        "final_val_f1": 0.5708135002252649,
        "best_val_f1": 0.5853667998603406,
        "best_epoch": 131,
        "total_epochs": 201,
        "training_time_seconds": 3.020326852798462
    },
    "final_test_metrics": {
        "accuracy": 0.7125748502994012,
        "precision": 0.3076923076923077,
        "recall": 0.42147117296222664,
        "f1_score": 0.35570469798657717,
        "confusion_matrix": [
            [
                1692,
                477
            ],
            [
                291,
                212
            ]
        ]
    }
}