{
    "args": {
        "graph_path": "graphs_hetero/gossipcop/10_shot_roberta_hetero_knn_5_smpf10.pt",
        "model": "HGT",
        "target_node_type": "news",
        "dropout_rate": 0.0,
        "hidden_channels": 128,
        "hgt_han_heads": 4,
        "hgt_layers": 1,
        "lr": 0.0001,
        "weight_decay": 0.0001,
        "n_epochs": 300,
        "patience": 30,
        "seed": 42,
        "output_dir_base": "results_hetero"
    },
    "model_name": "HGT_gossipcop_10_shot_roberta_hetero_knn_5_smpf10",
    "training_history": {
        "final_train_loss": 0.006774388253688812,
        "final_train_acc": 1.0,
        "final_val_loss": 0.6973344683647156,
        "final_val_acc": 0.7204341317365269,
        "final_val_f1": 0.5954927478928874,
        "best_val_f1": 0.599509732672359,
        "best_epoch": 139,
        "total_epochs_run": 169,
        "training_time_seconds": 6.702956676483154
    },
    "final_test_metrics_on_target_node": {
        "accuracy": 0.7279191616766467,
        "precision": 0.5934535907859079,
        "recall": 0.6132824995623309,
        "f1_score": 0.599509732672359,
        "confusion_matrix": [
            [
                1729,
                440
            ],
            [
                287,
                216
            ]
        ]
    }
}