{
  "accuracy": 0.7986526946107785,
  "precision": 0.6758860092483062,
  "recall": 0.6873915566077944,
  "f1_score": 0.6811639718765942
}