{
    "args": {
        "graph_path": "graphs_hetero/gossipcop/13_shot_roberta_hetero_dual_knn_sim5_dis5_smpf10.pt",
        "model": "HGT",
        "target_node_type": "news",
        "dropout_rate": 0.0,
        "hidden_channels": 128,
        "hgt_han_heads": 4,
        "hgt_layers": 1,
        "lr": 0.0001,
        "weight_decay": 0.0001,
        "n_epochs": 300,
        "patience": 30,
        "seed": 42,
        "output_dir_base": "results_hetero"
    },
    "model_name": "HGT_gossipcop_13_shot_roberta_hetero_dual_knn_sim5_dis5_smpf10",
    "training_history": {
        "final_train_loss": 0.01845422573387623,
        "final_train_acc": 1.0,
        "final_val_loss": 0.6133454442024231,
        "final_val_acc": 0.7069610778443114,
        "final_val_f1": 0.5954157420702257,
        "best_val_f1": 0.6038106535196649,
        "best_epoch": 132,
        "total_epochs_run": 170,
        "training_time_seconds": 8.597954988479614
    },
    "final_test_metrics_on_target_node": {
        "accuracy": 0.7125748502994012,
        "precision": 0.5979006523817365,
        "recall": 0.6313176725722199,
        "f1_score": 0.6038106535196649,
        "confusion_matrix": [
            [
                1652,
                517
            ],
            [
                251,
                252
            ]
        ]
    }
}