{
    "args": {
        "graph_path": "graphs/politifact/13_shot_roberta_knn_6.pt",
        "model": "GAT",
        "dropout_rate": 0.5,
        "hidden_channels": 128,
        "gat_heads": 8,
        "lr": 0.0001,
        "weight_decay": 0.0001,
        "n_epochs": 300,
        "patience": 30,
        "seed": 42,
        "output_dir": "results"
    },
    "model_name": "GAT_politifact_13_shot_roberta_knn_6",
    "training_history": {
        "final_train_loss": 0.5426896810531616,
        "final_train_acc": 0.7307692307692307,
        "final_val_loss": 0.5386878848075867,
        "final_val_acc": 0.803921568627451,
        "final_val_f1": 0.7193175564116676,
        "best_val_f1": 0.7275641025641026,
        "best_epoch": 156,
        "total_epochs": 218,
        "training_time_seconds": 3.3289594650268555
    },
    "final_test_metrics": {
        "accuracy": 0.803921568627451,
        "precision": 0.7368421052631579,
        "recall": 0.4827586206896552,
        "f1_score": 0.5833333333333334,
        "confusion_matrix": [
            [
                68,
                5
            ],
            [
                15,
                14
            ]
        ]
    }
}