{
    "args": {
        "graph_path": "graphs_hetero/gossipcop/12_shot_bert_hetero_knn_5_smpf10.pt",
        "model": "HGT",
        "target_node_type": "news",
        "dropout_rate": 0.0,
        "hidden_channels": 128,
        "hgt_han_heads": 4,
        "hgt_layers": 1,
        "lr": 0.0001,
        "weight_decay": 0.0001,
        "n_epochs": 300,
        "patience": 30,
        "seed": 42,
        "output_dir_base": "results_hetero"
    },
    "model_name": "HGT_gossipcop_12_shot_bert_hetero_knn_5_smpf10",
    "training_history": {
        "final_train_loss": 0.004130351357161999,
        "final_train_acc": 1.0,
        "final_val_loss": 1.4742231369018555,
        "final_val_acc": 0.6605538922155688,
        "final_val_f1": 0.5489764937767792,
        "best_val_f1": 0.556136562253985,
        "best_epoch": 113,
        "total_epochs_run": 143,
        "training_time_seconds": 5.8032238483428955
    },
    "final_test_metrics_on_target_node": {
        "accuracy": 0.6642964071856288,
        "precision": 0.558651126751469,
        "recall": 0.5832561110973624,
        "f1_score": 0.556136562253985,
        "confusion_matrix": [
            [
                1547,
                622
            ],
            [
                275,
                228
            ]
        ]
    }
}