{
    "args": {
        "graph_path": "graphs_hetero/gossipcop/10_shot_roberta_hetero_knn_5_psl10.pt",
        "model": "HAN",
        "target_node_type": "news",
        "dropout_rate": 0.0,
        "hidden_channels": 128,
        "hgt_han_heads": 4,
        "hgt_layers": 1,
        "lr": 0.0001,
        "weight_decay": 0.0001,
        "n_epochs": 300,
        "patience": 30,
        "seed": 42,
        "output_dir_base": "results_hetero"
    },
    "model_name": "HAN_gossipcop_10_shot_roberta_hetero_knn_5_psl10",
    "training_history": {
        "final_train_loss": 0.2149328738451004,
        "final_train_acc": 1.0,
        "final_val_loss": 0.568529486656189,
        "final_val_acc": 0.7297904191616766,
        "final_val_f1": 0.6020157660166671,
        "best_val_f1": 0.6161317760305376,
        "best_epoch": 56,
        "total_epochs_run": 300,
        "training_time_seconds": 5.155112028121948
    },
    "final_test_metrics_on_target_node": {
        "accuracy": 0.7926646706586826,
        "precision": 0.638691761801913,
        "recall": 0.6050611957576808,
        "f1_score": 0.6161317760305376,
        "confusion_matrix": [
            [
                1965,
                204
            ],
            [
                350,
                153
            ]
        ]
    }
}