{
    "args": {
        "graph_path": "graphs_hetero/gossipcop/7_shot_bert_hetero_knn_5_smpf10.pt",
        "model": "HGT",
        "target_node_type": "news",
        "dropout_rate": 0.0,
        "hidden_channels": 128,
        "hgt_han_heads": 4,
        "hgt_layers": 1,
        "lr": 0.0001,
        "weight_decay": 0.0001,
        "n_epochs": 300,
        "patience": 30,
        "seed": 42,
        "output_dir_base": "results_hetero"
    },
    "model_name": "HGT_gossipcop_7_shot_bert_hetero_knn_5_smpf10",
    "training_history": {
        "final_train_loss": 0.07492578774690628,
        "final_train_acc": 1.0,
        "final_val_loss": 1.0208420753479004,
        "final_val_acc": 0.5134730538922155,
        "final_val_f1": 0.4776214572219856,
        "best_val_f1": 0.511797109353695,
        "best_epoch": 24,
        "total_epochs_run": 99,
        "training_time_seconds": 3.753753423690796
    },
    "final_test_metrics_on_target_node": {
        "accuracy": 0.5988023952095808,
        "precision": 0.531500920859123,
        "recall": 0.5490230585138317,
        "f1_score": 0.511797109353695,
        "confusion_matrix": [
            [
                1364,
                805
            ],
            [
                267,
                236
            ]
        ]
    }
}