{
    "args": {
        "graph_path": "graphs/politifact/3_shot_combined_mutual_knn_5_smpf10.pt",
        "model": "GAT",
        "dropout_rate": 0.5,
        "hidden_channels": 128,
        "gat_heads": 8,
        "lr": 0.0001,
        "weight_decay": 0.0001,
        "n_epochs": 300,
        "patience": 30,
        "seed": 42,
        "output_dir": "results"
    },
    "model_name": "GAT_politifact_3_shot_combined_mutual_knn_5_smpf10",
    "training_history": {
        "final_train_loss": 0.7520699501037598,
        "final_train_acc": 0.6666666666666666,
        "final_val_loss": 0.6774023175239563,
        "final_val_acc": 0.5980392156862745,
        "final_val_f1": 0.5948852077884336,
        "best_val_f1": 0.6480184042664436,
        "best_epoch": 66,
        "total_epochs": 96,
        "training_time_seconds": 1.9930555820465088
    },
    "final_test_metrics": {
        "accuracy": 0.6764705882352942,
        "precision": 0.45454545454545453,
        "recall": 0.6896551724137931,
        "f1_score": 0.547945205479452,
        "confusion_matrix": [
            [
                49,
                24
            ],
            [
                9,
                20
            ]
        ]
    }
}