{
    "args": {
        "graph_path": "graphs_hetero/gossipcop/12_shot_distilbert_hetero_knn_5_smpf10.pt",
        "model": "HGT",
        "target_node_type": "news",
        "dropout_rate": 0.0,
        "hidden_channels": 128,
        "hgt_han_heads": 4,
        "hgt_layers": 1,
        "lr": 0.0001,
        "weight_decay": 0.0001,
        "n_epochs": 300,
        "patience": 30,
        "seed": 42,
        "output_dir_base": "results_hetero"
    },
    "model_name": "HGT_gossipcop_12_shot_distilbert_hetero_knn_5_smpf10",
    "training_history": {
        "final_train_loss": 0.0005411392194218934,
        "final_train_acc": 1.0,
        "final_val_loss": 1.6041102409362793,
        "final_val_acc": 0.6549401197604791,
        "final_val_f1": 0.5734319592198581,
        "best_val_f1": 0.5785924036050041,
        "best_epoch": 157,
        "total_epochs_run": 187,
        "training_time_seconds": 6.443910121917725
    },
    "final_test_metrics_on_target_node": {
        "accuracy": 0.6598053892215568,
        "precision": 0.5860398635113245,
        "recall": 0.6316453514963699,
        "f1_score": 0.5785924036050041,
        "confusion_matrix": [
            [
                1468,
                701
            ],
            [
                208,
                295
            ]
        ]
    }
}