{
    "args": {
        "graph_path": "graphs/gossipcop/9_shot_distilbert_knn_5_smpf10.pt",
        "model": "GAT",
        "dropout_rate": 0.5,
        "hidden_channels": 128,
        "gat_heads": 8,
        "lr": 0.0001,
        "weight_decay": 0.0001,
        "n_epochs": 300,
        "patience": 30,
        "seed": 42,
        "output_dir": "results"
    },
    "model_name": "GAT_gossipcop_9_shot_distilbert_knn_5_smpf10",
    "training_history": {
        "final_train_loss": 0.44735002517700195,
        "final_train_acc": 0.8888888888888888,
        "final_val_loss": 0.6786523461341858,
        "final_val_acc": 0.6182634730538922,
        "final_val_f1": 0.5303595503759274,
        "best_val_f1": 0.5554836868960952,
        "best_epoch": 53,
        "total_epochs": 95,
        "training_time_seconds": 5.07100510597229
    },
    "final_test_metrics": {
        "accuracy": 0.7058383233532934,
        "precision": 0.5530439388010797,
        "recall": 0.5615060215012369,
        "f1_score": 0.5554836868960952,
        "confusion_matrix": [
            [
                1720,
                449
            ],
            [
                337,
                166
            ]
        ]
    }
}