{
    "model": "LSTM_gossipcop_11_shot_roberta",
    "dataset": "gossipcop",
    "embedding": "roberta",
    "k_shot": 11,
    "training_time": 0.448559045791626,
    "best_epoch": 0,
    "final_train_accuracy": 0.5263157894736842,
    "final_train_loss": 0.689235508441925,
    "final_val_accuracy": 0.3333333333333333,
    "final_val_loss": 0.7089501023292542,
    "final_val_f1": 0.25,
    "test_metrics": {
        "accuracy": 0.811751497005988,
        "precision": 0.405875748502994,
        "recall": 0.5,
        "f1_score": 0.4480479239826482,
        "confusion_matrix": [
            [
                2169,
                0
            ],
            [
                503,
                0
            ]
        ]
    }
}