{
    "args": {
        "graph_path": "graphs_hetero/gossipcop/5_shot_bert_hetero_knn_5_smpf10.pt",
        "model": "HAN",
        "target_node_type": "news",
        "dropout_rate": 0.0,
        "hidden_channels": 128,
        "hgt_han_heads": 4,
        "hgt_layers": 1,
        "lr": 0.0001,
        "weight_decay": 0.0001,
        "n_epochs": 300,
        "patience": 30,
        "seed": 42,
        "output_dir_base": "results_hetero"
    },
    "model_name": "HAN_gossipcop_5_shot_bert_hetero_knn_5_smpf10",
    "training_history": {
        "final_train_loss": 0.5327934622764587,
        "final_train_acc": 1.0,
        "final_val_loss": 0.7014793157577515,
        "final_val_acc": 0.48540419161676646,
        "final_val_f1": 0.44943088626791616,
        "best_val_f1": 0.5202746106991438,
        "best_epoch": 1,
        "total_epochs_run": 31,
        "training_time_seconds": 1.4097378253936768
    },
    "final_test_metrics_on_target_node": {
        "accuracy": 0.7552395209580839,
        "precision": 0.5333539104220135,
        "recall": 0.5216914281943196,
        "f1_score": 0.5202746106991438,
        "confusion_matrix": [
            [
                1944,
                225
            ],
            [
                429,
                74
            ]
        ]
    }
}