{
  "accuracy": 0.7732035928143712,
  "precision": 0.6428831246248625,
  "recall": 0.659499893217917,
  "f1_score": 0.6498343060446504
}