{
    "model": "LSTM_gossipcop_bert_9_shot",
    "dataset": "gossipcop",
    "embedding": "bert",
    "k_shot": 9,
    "training_time": 0.6568276882171631,
    "best_epoch": 0,
    "final_train_accuracy": 0.625,
    "final_train_loss": 0.6542565226554871,
    "final_val_accuracy": 0.0,
    "final_val_loss": 0.766939640045166,
    "final_val_f1": 0.0,
    "test_metrics": {
        "accuracy": 0.811751497005988,
        "precision": 0.405875748502994,
        "recall": 0.5,
        "f1_score": 0.4480479239826482,
        "confusion_matrix": [
            [
                2169,
                0
            ],
            [
                503,
                0
            ]
        ]
    }
}