{
    "args": {
        "graph_path": "graphs/gossipcop/6_shot_roberta_mutual_knn_4_smpf10.pt",
        "model": "GAT",
        "dropout_rate": 0.5,
        "hidden_channels": 128,
        "gat_heads": 8,
        "lr": 0.0001,
        "weight_decay": 0.0001,
        "n_epochs": 300,
        "patience": 30,
        "seed": 42,
        "output_dir": "results"
    },
    "model_name": "GAT_gossipcop_6_shot_roberta_mutual_knn_4_smpf10",
    "training_history": {
        "final_train_loss": 0.803748607635498,
        "final_train_acc": 0.5833333333333334,
        "final_val_loss": 0.6342254281044006,
        "final_val_acc": 0.7735778443113772,
        "final_val_f1": 0.4722682612398771,
        "best_val_f1": 0.5230301946074565,
        "best_epoch": 68,
        "total_epochs": 125,
        "training_time_seconds": 7.513397216796875
    },
    "final_test_metrics": {
        "accuracy": 0.6583083832335329,
        "precision": 0.5256327272626037,
        "recall": 0.5337568869860596,
        "f1_score": 0.5230301946074565,
        "confusion_matrix": [
            [
                1591,
                578
            ],
            [
                335,
                168
            ]
        ]
    }
}