{
  "accuracy": 0.7964071856287425,
  "precision": 0.6709440695533524,
  "recall": 0.6791367974724268,
  "f1_score": 0.6747899377755822
}