{
    "model": "MLP_gossipcop_bert_14_shot",
    "dataset": "gossipcop",
    "embedding": "bert",
    "k_shot": 14,
    "training_time": 0.7938747406005859,
    "best_epoch": 8,
    "final_train_accuracy": 1.0,
    "final_train_loss": 0.12166284769773483,
    "final_val_accuracy": 1.0,
    "final_val_loss": 0.3120841085910797,
    "final_val_f1": 1.0,
    "test_metrics": {
        "accuracy": 0.5486526946107785,
        "precision": 0.5409772469779521,
        "recall": 0.56699819524531,
        "f1_score": 0.4956776826444357,
        "confusion_matrix": [
            [
                1166,
                1003
            ],
            [
                203,
                300
            ]
        ]
    }
}