{
    "args": {
        "graph_path": "graphs/politifact/13_shot_combined_knn_7_smpf10.pt",
        "model": "GAT",
        "dropout_rate": 0.5,
        "hidden_channels": 128,
        "gat_heads": 8,
        "lr": 0.0001,
        "weight_decay": 0.0001,
        "n_epochs": 300,
        "patience": 30,
        "seed": 42,
        "output_dir": "results"
    },
    "model_name": "GAT_politifact_13_shot_combined_knn_7_smpf10",
    "training_history": {
        "final_train_loss": 0.32854902744293213,
        "final_train_acc": 0.8846153846153846,
        "final_val_loss": 0.4700014889240265,
        "final_val_acc": 0.7549019607843137,
        "final_val_f1": 0.7221919599084867,
        "best_val_f1": 0.7880519480519481,
        "best_epoch": 16,
        "total_epochs": 300,
        "training_time_seconds": 9.584589004516602
    },
    "final_test_metrics": {
        "accuracy": 0.8431372549019608,
        "precision": 0.8306878306878307,
        "recall": 0.7657061880018894,
        "f1_score": 0.7880519480519481,
        "confusion_matrix": [
            [
                69,
                4
            ],
            [
                12,
                17
            ]
        ]
    }
}