{
    "args": {
        "graph_path": "graphs/politifact/13_shot_combined_knn_7_smpf10.pt",
        "model": "GAT",
        "dropout_rate": 0.5,
        "hidden_channels": 128,
        "gat_heads": 8,
        "lr": 0.0001,
        "weight_decay": 0.0001,
        "n_epochs": 300,
        "patience": 30,
        "seed": 42,
        "output_dir": "results"
    },
    "model_name": "GAT_politifact_13_shot_combined_knn_7_smpf10",
    "training_history": {
        "final_train_loss": 0.42407700419425964,
        "final_train_acc": 0.8846153846153846,
        "final_val_loss": 0.5434044599533081,
        "final_val_acc": 0.8235294117647058,
        "final_val_f1": 0.7914584279872785,
        "best_val_f1": 0.8012151782643586,
        "best_epoch": 298,
        "total_epochs": 300,
        "training_time_seconds": 4.1147143840789795
    },
    "final_test_metrics": {
        "accuracy": 0.8333333333333334,
        "precision": 0.6875,
        "recall": 0.7586206896551724,
        "f1_score": 0.7213114754098361,
        "confusion_matrix": [
            [
                63,
                10
            ],
            [
                7,
                22
            ]
        ]
    }
}