{
    "args": {
        "graph_path": "graphs_hetero/gossipcop/11_shot_roberta_hetero_dual_knn_sim5_dis5_smpf10_mv3.pt",
        "model": "HGT",
        "target_node_type": "news",
        "dropout_rate": 0.0,
        "hidden_channels": 128,
        "hgt_han_heads": 4,
        "hgt_layers": 1,
        "lr": 0.0001,
        "weight_decay": 0.0001,
        "n_epochs": 300,
        "patience": 30,
        "seed": 42,
        "output_dir_base": "results_hetero"
    },
    "model_name": "HGT_gossipcop_11_shot_roberta_hetero_dual_knn_sim5_dis5_smpf10_mv3",
    "training_history": {
        "final_train_loss": 0.0021795080974698067,
        "final_train_acc": 1.0,
        "final_val_loss": 0.7683770656585693,
        "final_val_acc": 0.7297904191616766,
        "final_val_f1": 0.5932805990791182,
        "best_val_f1": 0.6061829681802274,
        "best_epoch": 152,
        "total_epochs_run": 182,
        "training_time_seconds": 15.268707036972046
    },
    "final_test_metrics_on_target_node": {
        "accuracy": 0.751122754491018,
        "precision": 0.6031193726201768,
        "recall": 0.610013959580461,
        "f1_score": 0.6061829681802274,
        "confusion_matrix": [
            [
                1814,
                355
            ],
            [
                310,
                193
            ]
        ]
    }
}