{
    "args": {
        "graph_path": "graphs/gossipcop/16_shot_roberta_knn_6_smpf10.pt",
        "model": "GAT",
        "dropout_rate": 0.5,
        "hidden_channels": 128,
        "gat_heads": 8,
        "lr": 0.0001,
        "weight_decay": 0.0001,
        "n_epochs": 300,
        "patience": 30,
        "seed": 42,
        "output_dir": "results"
    },
    "model_name": "GAT_gossipcop_16_shot_roberta_knn_6_smpf10",
    "training_history": {
        "final_train_loss": 0.6370017528533936,
        "final_train_acc": 0.84375,
        "final_val_loss": 0.6572323441505432,
        "final_val_acc": 0.6111526946107785,
        "final_val_f1": 0.47219808275488917,
        "best_val_f1": 0.49794633933033483,
        "best_epoch": 155,
        "total_epochs": 185,
        "training_time_seconds": 2.8741588592529297
    },
    "final_test_metrics": {
        "accuracy": 0.7118263473053892,
        "precision": 0.18588235294117647,
        "recall": 0.15705765407554673,
        "f1_score": 0.17025862068965517,
        "confusion_matrix": [
            [
                1823,
                346
            ],
            [
                424,
                79
            ]
        ]
    }
}