{
    "args": {
        "graph_path": "graphs_hetero/gossipcop/14_shot_distilbert_hetero_knn_5_smpf10.pt",
        "model": "HAN",
        "target_node_type": "news",
        "dropout_rate": 0.0,
        "hidden_channels": 128,
        "hgt_han_heads": 4,
        "hgt_layers": 1,
        "lr": 0.0001,
        "weight_decay": 0.0001,
        "n_epochs": 300,
        "patience": 30,
        "seed": 42,
        "output_dir_base": "results_hetero"
    },
    "model_name": "HAN_gossipcop_14_shot_distilbert_hetero_knn_5_smpf10",
    "training_history": {
        "final_train_loss": 0.40797075629234314,
        "final_train_acc": 0.8928571428571429,
        "final_val_loss": 0.6750674247741699,
        "final_val_acc": 0.6021706586826348,
        "final_val_f1": 0.5175587009800383,
        "best_val_f1": 0.5209413652413504,
        "best_epoch": 17,
        "total_epochs_run": 89,
        "training_time_seconds": 2.3299965858459473
    },
    "final_test_metrics_on_target_node": {
        "accuracy": 0.6216317365269461,
        "precision": 0.5330008239171374,
        "recall": 0.5493415715939494,
        "f1_score": 0.5209413652413504,
        "confusion_matrix": [
            [
                1443,
                726
            ],
            [
                285,
                218
            ]
        ]
    }
}