{
    "args": {
        "graph_path": "graphs/politifact/13_shot_roberta_knn_8_smpf10.pt",
        "model": "GAT",
        "dropout_rate": 0.5,
        "hidden_channels": 128,
        "gat_heads": 8,
        "lr": 0.0001,
        "weight_decay": 0.0001,
        "n_epochs": 300,
        "patience": 30,
        "seed": 42,
        "output_dir": "results"
    },
    "model_name": "GAT_politifact_13_shot_roberta_knn_8_smpf10",
    "training_history": {
        "final_train_loss": 0.304947167634964,
        "final_train_acc": 0.9230769230769231,
        "final_val_loss": 0.45407530665397644,
        "final_val_acc": 0.7647058823529411,
        "final_val_f1": 0.7166666666666667,
        "best_val_f1": 0.7359000337723742,
        "best_epoch": 284,
        "total_epochs": 300,
        "training_time_seconds": 8.290903329849243
    },
    "final_test_metrics": {
        "accuracy": 0.7745098039215687,
        "precision": 0.7279411764705883,
        "recall": 0.7489371752479925,
        "f1_score": 0.7359000337723742,
        "confusion_matrix": [
            [
                59,
                14
            ],
            [
                9,
                20
            ]
        ]
    }
}