{
    "model": "MLP_politifact_4_shot_roberta",
    "dataset": "politifact",
    "embedding": "roberta",
    "k_shot": 4,
    "training_time": 0.5933828353881836,
    "best_epoch": 0,
    "final_train_accuracy": 0.5714285714285714,
    "final_train_loss": 0.6056252717971802,
    "final_val_accuracy": 0.0,
    "final_val_loss": 0.8715842962265015,
    "final_val_f1": 0.0,
    "test_metrics": {
        "accuracy": 0.7156862745098039,
        "precision": 0.35784313725490197,
        "recall": 0.5,
        "f1_score": 0.41714285714285715,
        "confusion_matrix": [
            [
                73,
                0
            ],
            [
                29,
                0
            ]
        ]
    }
}