{
    "args": {
        "graph_path": "graphs/politifact/7_shot_combined_knn_7.pt",
        "model": "GAT",
        "dropout_rate": 0.5,
        "hidden_channels": 128,
        "gat_heads": 8,
        "lr": 0.0001,
        "weight_decay": 0.0001,
        "n_epochs": 300,
        "patience": 30,
        "seed": 42,
        "output_dir": "results"
    },
    "model_name": "GAT_politifact_7_shot_combined_knn_7",
    "training_history": {
        "final_train_loss": 0.4617065489292145,
        "final_train_acc": 0.7857142857142857,
        "final_val_loss": 0.5742579698562622,
        "final_val_acc": 0.7941176470588235,
        "final_val_f1": 0.770048309178744,
        "best_val_f1": 0.8047956771361027,
        "best_epoch": 226,
        "total_epochs": 260,
        "training_time_seconds": 3.9924280643463135
    },
    "final_test_metrics": {
        "accuracy": 0.8333333333333334,
        "precision": 0.6764705882352942,
        "recall": 0.7931034482758621,
        "f1_score": 0.7301587301587301,
        "confusion_matrix": [
            [
                62,
                11
            ],
            [
                6,
                23
            ]
        ]
    }
}