{
    "args": {
        "graph_path": "graphs/politifact/10_shot_combined_mutual_knn_5_smpf10.pt",
        "model": "GAT",
        "dropout_rate": 0.5,
        "hidden_channels": 128,
        "gat_heads": 8,
        "lr": 0.0001,
        "weight_decay": 0.0001,
        "n_epochs": 300,
        "patience": 30,
        "seed": 42,
        "output_dir": "results"
    },
    "model_name": "GAT_politifact_10_shot_combined_mutual_knn_5_smpf10",
    "training_history": {
        "final_train_loss": 0.5136867165565491,
        "final_train_acc": 0.9,
        "final_val_loss": 0.5930121541023254,
        "final_val_acc": 0.7647058823529411,
        "final_val_f1": 0.7219445706497047,
        "best_val_f1": 0.7733333333333333,
        "best_epoch": 65,
        "total_epochs": 159,
        "training_time_seconds": 2.7526233196258545
    },
    "final_test_metrics": {
        "accuracy": 0.8235294117647058,
        "precision": 0.72,
        "recall": 0.6206896551724138,
        "f1_score": 0.6666666666666666,
        "confusion_matrix": [
            [
                66,
                7
            ],
            [
                11,
                18
            ]
        ]
    }
}