{
    "args": {
        "graph_path": "graphs/politifact/9_shot_combined_knn_6_smpf10.pt",
        "model": "GAT",
        "dropout_rate": 0.5,
        "hidden_channels": 128,
        "gat_heads": 8,
        "lr": 0.0001,
        "weight_decay": 0.0001,
        "n_epochs": 300,
        "patience": 30,
        "seed": 42,
        "output_dir": "results"
    },
    "model_name": "GAT_politifact_9_shot_combined_knn_6_smpf10",
    "training_history": {
        "final_train_loss": 0.3261069059371948,
        "final_train_acc": 1.0,
        "final_val_loss": 0.521466851234436,
        "final_val_acc": 0.7450980392156863,
        "final_val_f1": 0.7209595959595959,
        "best_val_f1": 0.7481481481481482,
        "best_epoch": 19,
        "total_epochs": 260,
        "training_time_seconds": 8.259171724319458
    },
    "final_test_metrics": {
        "accuracy": 0.803921568627451,
        "precision": 0.7620779220779221,
        "recall": 0.7383089277279169,
        "f1_score": 0.7481481481481482,
        "confusion_matrix": [
            [
                65,
                8
            ],
            [
                12,
                17
            ]
        ]
    }
}