{
  "accuracy": 0.8431372549019608,
  "precision": 0.8072744449692961,
  "recall": 0.8072744449692961,
  "f1_score": 0.8072744449692961
}