{
    "args": {
        "graph_path": "graphs/politifact/15_shot_roberta_knn_8_smpf10.pt",
        "model": "GAT",
        "dropout_rate": 0.5,
        "hidden_channels": 128,
        "gat_heads": 8,
        "lr": 0.0001,
        "weight_decay": 0.0001,
        "n_epochs": 300,
        "patience": 30,
        "seed": 42,
        "output_dir": "results"
    },
    "model_name": "GAT_politifact_15_shot_roberta_knn_8_smpf10",
    "training_history": {
        "final_train_loss": 0.6226053237915039,
        "final_train_acc": 0.7666666666666667,
        "final_val_loss": 0.5391265749931335,
        "final_val_acc": 0.7647058823529411,
        "final_val_f1": 0.6902834008097165,
        "best_val_f1": 0.7515620036005506,
        "best_epoch": 162,
        "total_epochs": 206,
        "training_time_seconds": 3.336186647415161
    },
    "final_test_metrics": {
        "accuracy": 0.7745098039215687,
        "precision": 0.5714285714285714,
        "recall": 0.8275862068965517,
        "f1_score": 0.676056338028169,
        "confusion_matrix": [
            [
                55,
                18
            ],
            [
                5,
                24
            ]
        ]
    }
}