{
    "args": {
        "graph_path": "graphs/politifact/15_shot_roberta_knn_8_smpf10.pt",
        "model": "GAT",
        "dropout_rate": 0.5,
        "hidden_channels": 128,
        "gat_heads": 8,
        "lr": 0.0001,
        "weight_decay": 0.0001,
        "n_epochs": 300,
        "patience": 30,
        "seed": 42,
        "output_dir": "results"
    },
    "model_name": "GAT_politifact_15_shot_roberta_knn_8_smpf10",
    "training_history": {
        "final_train_loss": 0.3737006187438965,
        "final_train_acc": 0.8333333333333334,
        "final_val_loss": 0.482441782951355,
        "final_val_acc": 0.7549019607843137,
        "final_val_f1": 0.7076693798005274,
        "best_val_f1": 0.7448321263989467,
        "best_epoch": 135,
        "total_epochs": 258,
        "training_time_seconds": 6.5745689868927
    },
    "final_test_metrics": {
        "accuracy": 0.8137254901960784,
        "precision": 0.7896341463414633,
        "recall": 0.7243741143127067,
        "f1_score": 0.7448321263989467,
        "confusion_matrix": [
            [
                68,
                5
            ],
            [
                14,
                15
            ]
        ]
    }
}