{
    "args": {
        "graph_path": "graphs_hetero/gossipcop/16_shot_bert_hetero_knn_5_smpf10.pt",
        "model": "HAN",
        "target_node_type": "news",
        "dropout_rate": 0.0,
        "hidden_channels": 128,
        "hgt_han_heads": 4,
        "hgt_layers": 1,
        "lr": 0.0001,
        "weight_decay": 0.0001,
        "n_epochs": 300,
        "patience": 30,
        "seed": 42,
        "output_dir_base": "results_hetero"
    },
    "model_name": "HAN_gossipcop_16_shot_bert_hetero_knn_5_smpf10",
    "training_history": {
        "final_train_loss": 0.06490963697433472,
        "final_train_acc": 1.0,
        "final_val_loss": 0.7266930937767029,
        "final_val_acc": 0.6687874251497006,
        "final_val_f1": 0.5703433099983047,
        "best_val_f1": 0.5723232721848983,
        "best_epoch": 169,
        "total_epochs_run": 199,
        "training_time_seconds": 6.236990690231323
    },
    "final_test_metrics_on_target_node": {
        "accuracy": 0.6687874251497006,
        "precision": 0.5750401304238777,
        "recall": 0.6096913218705289,
        "f1_score": 0.5723232721848983,
        "confusion_matrix": [
            [
                1528,
                641
            ],
            [
                244,
                259
            ]
        ]
    }
}