{
    "args": {
        "graph_path": "graphs/politifact/11_shot_combined_mutual_knn_6.pt",
        "model": "GAT",
        "dropout_rate": 0.5,
        "hidden_channels": 128,
        "gat_heads": 8,
        "lr": 0.0001,
        "weight_decay": 0.0001,
        "n_epochs": 300,
        "patience": 30,
        "seed": 42,
        "output_dir": "results"
    },
    "model_name": "GAT_politifact_11_shot_combined_mutual_knn_6",
    "training_history": {
        "final_train_loss": 0.4597363770008087,
        "final_train_acc": 0.8636363636363636,
        "final_val_loss": 0.5611435174942017,
        "final_val_acc": 0.7647058823529411,
        "final_val_f1": 0.7390191897654584,
        "best_val_f1": 0.7677125506072875,
        "best_epoch": 58,
        "total_epochs": 263,
        "training_time_seconds": 3.764627695083618
    },
    "final_test_metrics": {
        "accuracy": 0.8235294117647058,
        "precision": 0.7391304347826086,
        "recall": 0.5862068965517241,
        "f1_score": 0.6538461538461539,
        "confusion_matrix": [
            [
                67,
                6
            ],
            [
                12,
                17
            ]
        ]
    }
}