{
    "args": {
        "graph_path": "graphs/politifact/3_shot_roberta_mutual_knn_6_smpf10.pt",
        "model": "GAT",
        "dropout_rate": 0.5,
        "hidden_channels": 128,
        "gat_heads": 8,
        "lr": 0.0001,
        "weight_decay": 0.0001,
        "n_epochs": 300,
        "patience": 30,
        "seed": 42,
        "output_dir": "results"
    },
    "model_name": "GAT_politifact_3_shot_roberta_mutual_knn_6_smpf10",
    "training_history": {
        "final_train_loss": 0.40136802196502686,
        "final_train_acc": 0.8333333333333334,
        "final_val_loss": 0.5781293511390686,
        "final_val_acc": 0.6666666666666666,
        "final_val_f1": 0.630277185501066,
        "best_val_f1": 0.7085714285714286,
        "best_epoch": 74,
        "total_epochs": 217,
        "training_time_seconds": 3.265901803970337
    },
    "final_test_metrics": {
        "accuracy": 0.7843137254901961,
        "precision": 0.6666666666666666,
        "recall": 0.4827586206896552,
        "f1_score": 0.56,
        "confusion_matrix": [
            [
                66,
                7
            ],
            [
                15,
                14
            ]
        ]
    }
}