{
    "args": {
        "graph_path": "graphs_hetero/politifact/6_shot_bert_hetero_knn_5_smpf10.pt",
        "model": "HAN",
        "target_node_type": "news",
        "dropout_rate": 0.0,
        "hidden_channels": 128,
        "hgt_han_heads": 4,
        "hgt_layers": 1,
        "lr": 0.0001,
        "weight_decay": 0.0001,
        "n_epochs": 300,
        "patience": 30,
        "seed": 42,
        "output_dir_base": "results_hetero"
    },
    "model_name": "HAN_politifact_6_shot_bert_hetero_knn_5_smpf10",
    "training_history": {
        "final_train_loss": 0.08333899825811386,
        "final_train_acc": 1.0,
        "final_val_loss": 0.7081549167633057,
        "final_val_acc": 0.6470588235294118,
        "final_val_f1": 0.6298387096774194,
        "best_val_f1": 0.6648411829134722,
        "best_epoch": 56,
        "total_epochs_run": 104,
        "training_time_seconds": 3.634571075439453
    },
    "final_test_metrics_on_target_node": {
        "accuracy": 0.6764705882352942,
        "precision": 0.6898148148148148,
        "recall": 0.7324043457723193,
        "f1_score": 0.6648411829134722,
        "confusion_matrix": [
            [
                44,
                29
            ],
            [
                4,
                25
            ]
        ]
    }
}