{
    "args": {
        "graph_path": "graphs/politifact/9_shot_roberta_knn_6_smpf10.pt",
        "model": "GAT",
        "dropout_rate": 0.5,
        "hidden_channels": 128,
        "gat_heads": 8,
        "lr": 0.0001,
        "weight_decay": 0.0001,
        "n_epochs": 300,
        "patience": 30,
        "seed": 42,
        "output_dir": "results"
    },
    "model_name": "GAT_politifact_9_shot_roberta_knn_6_smpf10",
    "training_history": {
        "final_train_loss": 0.5426927804946899,
        "final_train_acc": 0.8333333333333334,
        "final_val_loss": 0.5819902420043945,
        "final_val_acc": 0.696078431372549,
        "final_val_f1": 0.6731782945736434,
        "best_val_f1": 0.7179723502304147,
        "best_epoch": 57,
        "total_epochs": 138,
        "training_time_seconds": 5.480024099349976
    },
    "final_test_metrics": {
        "accuracy": 0.7941176470588235,
        "precision": 0.7585365853658537,
        "recall": 0.7002834199338687,
        "f1_score": 0.7179723502304147,
        "confusion_matrix": [
            [
                67,
                6
            ],
            [
                15,
                14
            ]
        ]
    }
}