{
    "args": {
        "graph_path": "graphs/gossipcop/16_shot_distilbert_knn_5_smpf10.pt",
        "model": "GAT",
        "dropout_rate": 0.5,
        "hidden_channels": 128,
        "gat_heads": 8,
        "lr": 0.0001,
        "weight_decay": 0.0001,
        "n_epochs": 300,
        "patience": 30,
        "seed": 42,
        "output_dir": "results"
    },
    "model_name": "GAT_gossipcop_16_shot_distilbert_knn_5_smpf10",
    "training_history": {
        "final_train_loss": 0.4366711676120758,
        "final_train_acc": 0.84375,
        "final_val_loss": 0.7518366575241089,
        "final_val_acc": 0.5422904191616766,
        "final_val_f1": 0.503258376461922,
        "best_val_f1": 0.5455542135398168,
        "best_epoch": 17,
        "total_epochs": 70,
        "training_time_seconds": 3.401099681854248
    },
    "final_test_metrics": {
        "accuracy": 0.6904940119760479,
        "precision": 0.5440222302548345,
        "recall": 0.5535816910432289,
        "f1_score": 0.5455542135398168,
        "confusion_matrix": [
            [
                1677,
                492
            ],
            [
                335,
                168
            ]
        ]
    }
}