{
    "args": {
        "graph_path": "graphs/politifact/6_shot_combined_knn_4_smpf10.pt",
        "model": "GAT",
        "dropout_rate": 0.5,
        "hidden_channels": 128,
        "gat_heads": 8,
        "lr": 0.0001,
        "weight_decay": 0.0001,
        "n_epochs": 300,
        "patience": 30,
        "seed": 42,
        "output_dir": "results"
    },
    "model_name": "GAT_politifact_6_shot_combined_knn_4_smpf10",
    "training_history": {
        "final_train_loss": 0.5820651650428772,
        "final_train_acc": 0.75,
        "final_val_loss": 0.6441154479980469,
        "final_val_acc": 0.6568627450980392,
        "final_val_f1": 0.641674194519723,
        "best_val_f1": 0.6813694864425841,
        "best_epoch": 68,
        "total_epochs": 138,
        "training_time_seconds": 2.5012083053588867
    },
    "final_test_metrics": {
        "accuracy": 0.7549019607843137,
        "precision": 0.5833333333333334,
        "recall": 0.4827586206896552,
        "f1_score": 0.5283018867924528,
        "confusion_matrix": [
            [
                63,
                10
            ],
            [
                15,
                14
            ]
        ]
    }
}