{
    "args": {
        "graph_path": "graphs_hetero/gossipcop/14_shot_bert_hetero_knn_5_smpf10.pt",
        "model": "HAN",
        "target_node_type": "news",
        "dropout_rate": 0.0,
        "hidden_channels": 128,
        "hgt_han_heads": 4,
        "hgt_layers": 1,
        "lr": 0.0001,
        "weight_decay": 0.0001,
        "n_epochs": 300,
        "patience": 30,
        "seed": 42,
        "output_dir_base": "results_hetero"
    },
    "model_name": "HAN_gossipcop_14_shot_bert_hetero_knn_5_smpf10",
    "training_history": {
        "final_train_loss": 0.2411951869726181,
        "final_train_acc": 1.0,
        "final_val_loss": 0.6819599270820618,
        "final_val_acc": 0.6145209580838323,
        "final_val_f1": 0.5082811924917188,
        "best_val_f1": 0.5209002138062124,
        "best_epoch": 6,
        "total_epochs_run": 101,
        "training_time_seconds": 2.808459997177124
    },
    "final_test_metrics_on_target_node": {
        "accuracy": 0.7035928143712575,
        "precision": 0.5206831530498734,
        "recall": 0.5211836404349376,
        "f1_score": 0.5209002138062124,
        "confusion_matrix": [
            [
                1765,
                404
            ],
            [
                388,
                115
            ]
        ]
    }
}