{
    "args": {
        "graph_path": "graphs/politifact/11_shot_combined_knn_5.pt",
        "model": "GAT",
        "dropout_rate": 0.5,
        "hidden_channels": 128,
        "gat_heads": 8,
        "lr": 0.0001,
        "weight_decay": 0.0001,
        "n_epochs": 300,
        "patience": 30,
        "seed": 42,
        "output_dir": "results"
    },
    "model_name": "GAT_politifact_11_shot_combined_knn_5",
    "training_history": {
        "final_train_loss": 0.3823002874851227,
        "final_train_acc": 0.9090909090909091,
        "final_val_loss": 0.5702404975891113,
        "final_val_acc": 0.7745098039215687,
        "final_val_f1": 0.7546794938826729,
        "best_val_f1": 0.7578408096963638,
        "best_epoch": 123,
        "total_epochs": 256,
        "training_time_seconds": 3.7609527111053467
    },
    "final_test_metrics": {
        "accuracy": 0.8137254901960784,
        "precision": 0.7083333333333334,
        "recall": 0.5862068965517241,
        "f1_score": 0.6415094339622641,
        "confusion_matrix": [
            [
                66,
                7
            ],
            [
                12,
                17
            ]
        ]
    }
}