{
  "accuracy": 0.7836826347305389,
  "precision": 0.6538004978635561,
  "recall": 0.6651909657774882,
  "f1_score": 0.6589283695160562
}