{
    "args": {
        "graph_path": "graphs/politifact/14_shot_roberta_knn_4_smpf10.pt",
        "model": "GAT",
        "dropout_rate": 0.5,
        "hidden_channels": 128,
        "gat_heads": 8,
        "lr": 0.0001,
        "weight_decay": 0.0001,
        "n_epochs": 300,
        "patience": 30,
        "seed": 42,
        "output_dir": "results"
    },
    "model_name": "GAT_politifact_14_shot_roberta_knn_4_smpf10",
    "training_history": {
        "final_train_loss": 0.5010741353034973,
        "final_train_acc": 0.8571428571428571,
        "final_val_loss": 0.5193141102790833,
        "final_val_acc": 0.7843137254901961,
        "final_val_f1": 0.7160931174089069,
        "best_val_f1": 0.7778287286484007,
        "best_epoch": 240,
        "total_epochs": 300,
        "training_time_seconds": 3.953019857406616
    },
    "final_test_metrics": {
        "accuracy": 0.8137254901960784,
        "precision": 0.65625,
        "recall": 0.7241379310344828,
        "f1_score": 0.6885245901639344,
        "confusion_matrix": [
            [
                62,
                11
            ],
            [
                8,
                21
            ]
        ]
    }
}