{
    "args": {
        "graph_path": "graphs/politifact/5_shot_combined_knn_7_smpf10.pt",
        "model": "GAT",
        "dropout_rate": 0.5,
        "hidden_channels": 128,
        "gat_heads": 8,
        "lr": 0.0001,
        "weight_decay": 0.0001,
        "n_epochs": 300,
        "patience": 30,
        "seed": 42,
        "output_dir": "results"
    },
    "model_name": "GAT_politifact_5_shot_combined_knn_7_smpf10",
    "training_history": {
        "final_train_loss": 0.5422300100326538,
        "final_train_acc": 0.9,
        "final_val_loss": 0.6319517493247986,
        "final_val_acc": 0.6568627450980392,
        "final_val_f1": 0.6470588235294118,
        "best_val_f1": 0.7666412463231289,
        "best_epoch": 129,
        "total_epochs": 194,
        "training_time_seconds": 3.1134603023529053
    },
    "final_test_metrics": {
        "accuracy": 0.7941176470588235,
        "precision": 0.6052631578947368,
        "recall": 0.7931034482758621,
        "f1_score": 0.6865671641791045,
        "confusion_matrix": [
            [
                58,
                15
            ],
            [
                6,
                23
            ]
        ]
    }
}