{
  "accuracy": 0.7758233532934131,
  "precision": 0.6475234047553762,
  "recall": 0.6656946289070556,
  "f1_score": 0.6550603305199133
}