{
    "args": {
        "graph_path": "graphs/politifact/7_shot_roberta_knn_3_smpf10.pt",
        "model": "GAT",
        "dropout_rate": 0.5,
        "hidden_channels": 128,
        "gat_heads": 8,
        "lr": 0.0001,
        "weight_decay": 0.0001,
        "n_epochs": 300,
        "patience": 30,
        "seed": 42,
        "output_dir": "results"
    },
    "model_name": "GAT_politifact_7_shot_roberta_knn_3_smpf10",
    "training_history": {
        "final_train_loss": 0.35207870602607727,
        "final_train_acc": 0.9285714285714286,
        "final_val_loss": 0.5819038152694702,
        "final_val_acc": 0.7254901960784313,
        "final_val_f1": 0.6911764705882353,
        "best_val_f1": 0.7267857142857144,
        "best_epoch": 190,
        "total_epochs": 234,
        "training_time_seconds": 3.5871269702911377
    },
    "final_test_metrics": {
        "accuracy": 0.7647058823529411,
        "precision": 0.5714285714285714,
        "recall": 0.6896551724137931,
        "f1_score": 0.625,
        "confusion_matrix": [
            [
                58,
                15
            ],
            [
                9,
                20
            ]
        ]
    }
}