{
    "args": {
        "graph_path": "graphs/gossipcop/9_shot_roberta_knn_4_smpf10.pt",
        "model": "GAT",
        "dropout_rate": 0.5,
        "hidden_channels": 128,
        "gat_heads": 8,
        "lr": 0.0001,
        "weight_decay": 0.0001,
        "n_epochs": 300,
        "patience": 30,
        "seed": 42,
        "output_dir": "results"
    },
    "model_name": "GAT_gossipcop_9_shot_roberta_knn_4_smpf10",
    "training_history": {
        "final_train_loss": 0.5007550120353699,
        "final_train_acc": 0.7222222222222222,
        "final_val_loss": 0.614255428314209,
        "final_val_acc": 0.7267964071856288,
        "final_val_f1": 0.5123112311231124,
        "best_val_f1": 0.5265752181970879,
        "best_epoch": 129,
        "total_epochs": 201,
        "training_time_seconds": 3.1699705123901367
    },
    "final_test_metrics": {
        "accuracy": 0.7005988023952096,
        "precision": 0.22950819672131148,
        "recall": 0.2504970178926441,
        "f1_score": 0.23954372623574144,
        "confusion_matrix": [
            [
                1746,
                423
            ],
            [
                377,
                126
            ]
        ]
    }
}