{
    "args": {
        "graph_path": "graphs/gossipcop/5_shot_roberta_mutual_knn_8_smpf10.pt",
        "model": "GAT",
        "dropout_rate": 0.5,
        "hidden_channels": 128,
        "gat_heads": 8,
        "lr": 0.0001,
        "weight_decay": 0.0001,
        "n_epochs": 300,
        "patience": 30,
        "seed": 42,
        "output_dir": "results"
    },
    "model_name": "GAT_gossipcop_5_shot_roberta_mutual_knn_8_smpf10",
    "training_history": {
        "final_train_loss": 0.6512137055397034,
        "final_train_acc": 0.5,
        "final_val_loss": 0.6434624195098877,
        "final_val_acc": 0.8083832335329342,
        "final_val_f1": 0.44894345489845405,
        "best_val_f1": 0.4543602003642987,
        "best_epoch": 1,
        "total_epochs": 61,
        "training_time_seconds": 1.7500419616699219
    },
    "final_test_metrics": {
        "accuracy": 0.5703592814371258,
        "precision": 0.47502637333571185,
        "recall": 0.46278713152161255,
        "f1_score": 0.4543602003642987,
        "confusion_matrix": [
            [
                1378,
                791
            ],
            [
                357,
                146
            ]
        ]
    }
}