{
    "args": {
        "graph_path": "graphs/politifact/5_shot_roberta_knn_5_psl10.pt",
        "model": "GAT",
        "dropout_rate": 0.5,
        "hidden_channels": 128,
        "gat_heads": 8,
        "lr": 0.0001,
        "weight_decay": 0.0001,
        "n_epochs": 300,
        "patience": 30,
        "seed": 42,
        "output_dir": "results"
    },
    "model_name": "GAT_politifact_5_shot_roberta_knn_5_psl10",
    "training_history": {
        "final_train_loss": 0.3799270689487457,
        "final_train_acc": 0.9,
        "final_val_loss": 0.5882969498634338,
        "final_val_acc": 0.6764705882352942,
        "final_val_f1": 0.6648411829134722,
        "best_val_f1": 0.7359000337723742,
        "best_epoch": 121,
        "total_epochs": 204,
        "training_time_seconds": 5.046064376831055
    },
    "final_test_metrics": {
        "accuracy": 0.7745098039215687,
        "precision": 0.7279411764705883,
        "recall": 0.7489371752479925,
        "f1_score": 0.7359000337723742,
        "confusion_matrix": [
            [
                59,
                14
            ],
            [
                9,
                20
            ]
        ]
    }
}