{
    "args": {
        "graph_path": "graphs/politifact/15_shot_roberta_mutual_knn_8.pt",
        "model": "GAT",
        "dropout_rate": 0.5,
        "hidden_channels": 128,
        "gat_heads": 8,
        "lr": 0.0001,
        "weight_decay": 0.0001,
        "n_epochs": 300,
        "patience": 30,
        "seed": 42,
        "output_dir": "results"
    },
    "model_name": "GAT_politifact_15_shot_roberta_mutual_knn_8",
    "training_history": {
        "final_train_loss": 0.5297573208808899,
        "final_train_acc": 0.7333333333333333,
        "final_val_loss": 0.4905489385128021,
        "final_val_acc": 0.8235294117647058,
        "final_val_f1": 0.7784749034749034,
        "best_val_f1": 0.8146297137664698,
        "best_epoch": 250,
        "total_epochs": 300,
        "training_time_seconds": 4.215704917907715
    },
    "final_test_metrics": {
        "accuracy": 0.8431372549019608,
        "precision": 0.696969696969697,
        "recall": 0.7931034482758621,
        "f1_score": 0.7419354838709677,
        "confusion_matrix": [
            [
                63,
                10
            ],
            [
                6,
                23
            ]
        ]
    }
}