{
    "args": {
        "graph_path": "graphs/politifact/6_shot_combined_knn_5_smpf10.pt",
        "model": "GAT",
        "dropout_rate": 0.5,
        "hidden_channels": 128,
        "gat_heads": 8,
        "lr": 0.0001,
        "weight_decay": 0.0001,
        "n_epochs": 300,
        "patience": 30,
        "seed": 42,
        "output_dir": "results"
    },
    "model_name": "GAT_politifact_6_shot_combined_knn_5_smpf10",
    "training_history": {
        "final_train_loss": 0.5457285046577454,
        "final_train_acc": 0.9166666666666666,
        "final_val_loss": 0.6839922666549683,
        "final_val_acc": 0.47058823529411764,
        "final_val_f1": 0.4703846153846154,
        "best_val_f1": 0.738621110433191,
        "best_epoch": 29,
        "total_epochs": 70,
        "training_time_seconds": 3.587740898132324
    },
    "final_test_metrics": {
        "accuracy": 0.7941176470588235,
        "precision": 0.7479757085020242,
        "recall": 0.7314596126594237,
        "f1_score": 0.738621110433191,
        "confusion_matrix": [
            [
                64,
                9
            ],
            [
                12,
                17
            ]
        ]
    }
}