{
    "args": {
        "graph_path": "graphs/politifact/6_shot_combined_knn_5_smpf10.pt",
        "model": "GAT",
        "dropout_rate": 0.5,
        "hidden_channels": 128,
        "gat_heads": 8,
        "lr": 0.0001,
        "weight_decay": 0.0001,
        "n_epochs": 300,
        "patience": 30,
        "seed": 42,
        "output_dir": "results"
    },
    "model_name": "GAT_politifact_6_shot_combined_knn_5_smpf10",
    "training_history": {
        "final_train_loss": 0.34730878472328186,
        "final_train_acc": 0.9166666666666666,
        "final_val_loss": 0.5708812475204468,
        "final_val_acc": 0.7156862745098039,
        "final_val_f1": 0.7004556962025317,
        "best_val_f1": 0.7179723502304147,
        "best_epoch": 52,
        "total_epochs": 300,
        "training_time_seconds": 4.458869695663452
    },
    "final_test_metrics": {
        "accuracy": 0.7941176470588235,
        "precision": 0.7,
        "recall": 0.4827586206896552,
        "f1_score": 0.5714285714285714,
        "confusion_matrix": [
            [
                67,
                6
            ],
            [
                15,
                14
            ]
        ]
    }
}