{
  "accuracy": 0.6991017964071856,
  "f1": 0.7126198927946348,
  "precision": 0.7293957226149576,
  "recall": 0.6991017964071856
}