{
    "args": {
        "graph_path": "graphs/gossipcop/6_shot_combined_mutual_knn_8_smpf10.pt",
        "model": "GAT",
        "dropout_rate": 0.5,
        "hidden_channels": 128,
        "gat_heads": 8,
        "lr": 0.0001,
        "weight_decay": 0.0001,
        "n_epochs": 300,
        "patience": 30,
        "seed": 42,
        "output_dir": "results"
    },
    "model_name": "GAT_gossipcop_6_shot_combined_mutual_knn_8_smpf10",
    "training_history": {
        "final_train_loss": 0.8566029667854309,
        "final_train_acc": 0.6666666666666666,
        "final_val_loss": 0.6556349396705627,
        "final_val_acc": 0.7013473053892215,
        "final_val_f1": 0.5670932952182952,
        "best_val_f1": 0.5709634195552193,
        "best_epoch": 109,
        "total_epochs": 145,
        "training_time_seconds": 2.8748607635498047
    },
    "final_test_metrics": {
        "accuracy": 0.7863023952095808,
        "precision": 0.37681159420289856,
        "recall": 0.20675944333996024,
        "f1_score": 0.26700898587933247,
        "confusion_matrix": [
            [
                1997,
                172
            ],
            [
                399,
                104
            ]
        ]
    }
}