{
    "args": {
        "graph_path": "graphs_hetero/politifact/3_shot_bigbird_hetero_knn_5_smpf10.pt",
        "model": "HGT",
        "target_node_type": "news",
        "dropout_rate": 0.0,
        "hidden_channels": 128,
        "hgt_han_heads": 4,
        "hgt_layers": 1,
        "lr": 0.0001,
        "weight_decay": 0.0001,
        "n_epochs": 300,
        "patience": 30,
        "seed": 42,
        "output_dir_base": "results_hetero"
    },
    "model_name": "HGT_politifact_3_shot_bigbird_hetero_knn_5_smpf10",
    "training_history": {
        "final_train_loss": 0.015291263349354267,
        "final_train_acc": 1.0,
        "final_val_loss": 1.083219289779663,
        "final_val_acc": 0.5490196078431373,
        "final_val_f1": 0.5488461538461539,
        "best_val_f1": 0.5948852077884336,
        "best_epoch": 85,
        "total_epochs_run": 119,
        "training_time_seconds": 4.665217399597168
    },
    "final_test_metrics_on_target_node": {
        "accuracy": 0.5980392156862745,
        "precision": 0.6636513157894737,
        "recall": 0.6880018894662258,
        "f1_score": 0.5948852077884336,
        "confusion_matrix": [
            [
                35,
                38
            ],
            [
                3,
                26
            ]
        ]
    }
}