{
    "args": {
        "graph_path": "graphs/gossipcop/8_shot_combined_knn_4_smpf10.pt",
        "model": "GAT",
        "dropout_rate": 0.5,
        "hidden_channels": 128,
        "gat_heads": 8,
        "lr": 0.0001,
        "weight_decay": 0.0001,
        "n_epochs": 300,
        "patience": 30,
        "seed": 42,
        "output_dir": "results"
    },
    "model_name": "GAT_gossipcop_8_shot_combined_knn_4_smpf10",
    "training_history": {
        "final_train_loss": 0.6371237635612488,
        "final_train_acc": 0.6875,
        "final_val_loss": 0.6247655153274536,
        "final_val_acc": 0.7754491017964071,
        "final_val_f1": 0.5678333441159346,
        "best_val_f1": 0.5895453327244832,
        "best_epoch": 91,
        "total_epochs": 169,
        "training_time_seconds": 2.888503313064575
    },
    "final_test_metrics": {
        "accuracy": 0.7537425149700598,
        "precision": 0.33820459290187893,
        "recall": 0.3220675944333996,
        "f1_score": 0.329938900203666,
        "confusion_matrix": [
            [
                1852,
                317
            ],
            [
                341,
                162
            ]
        ]
    }
}