{
    "args": {
        "graph_path": "graphs/politifact/12_shot_distilbert_knn_5_smpf10.pt",
        "model": "GAT",
        "dropout_rate": 0.5,
        "hidden_channels": 128,
        "gat_heads": 8,
        "lr": 0.0001,
        "weight_decay": 0.0001,
        "n_epochs": 300,
        "patience": 30,
        "seed": 42,
        "output_dir": "results"
    },
    "model_name": "GAT_politifact_12_shot_distilbert_knn_5_smpf10",
    "training_history": {
        "final_train_loss": 0.3578170835971832,
        "final_train_acc": 0.8333333333333334,
        "final_val_loss": 0.7271033525466919,
        "final_val_acc": 0.6568627450980392,
        "final_val_f1": 0.6511968734733757,
        "best_val_f1": 0.71727078891258,
        "best_epoch": 54,
        "total_epochs": 86,
        "training_time_seconds": 2.8157870769500732
    },
    "final_test_metrics": {
        "accuracy": 0.7450980392156863,
        "precision": 0.7109156337465015,
        "recall": 0.7491733585262164,
        "f1_score": 0.71727078891258,
        "confusion_matrix": [
            [
                54,
                19
            ],
            [
                7,
                22
            ]
        ]
    }
}