{
    "args": {
        "graph_path": "graphs/gossipcop/7_shot_distilbert_knn_5_smpf10.pt",
        "model": "GAT",
        "dropout_rate": 0.5,
        "hidden_channels": 128,
        "gat_heads": 8,
        "lr": 0.0001,
        "weight_decay": 0.0001,
        "n_epochs": 300,
        "patience": 30,
        "seed": 42,
        "output_dir": "results"
    },
    "model_name": "GAT_gossipcop_7_shot_distilbert_knn_5_smpf10",
    "training_history": {
        "final_train_loss": 0.45193570852279663,
        "final_train_acc": 0.8571428571428571,
        "final_val_loss": 0.6564871668815613,
        "final_val_acc": 0.6006736526946108,
        "final_val_f1": 0.5135122498836688,
        "best_val_f1": 0.5639898962098555,
        "best_epoch": 19,
        "total_epochs": 63,
        "training_time_seconds": 3.5862271785736084
    },
    "final_test_metrics": {
        "accuracy": 0.750374251497006,
        "precision": 0.5697324907846235,
        "recall": 0.5606879699213663,
        "f1_score": 0.5639898962098555,
        "confusion_matrix": [
            [
                1876,
                293
            ],
            [
                374,
                129
            ]
        ]
    }
}