{
    "args": {
        "graph_path": "graphs/gossipcop/16_shot_bert_knn_8_smpf10.pt",
        "model": "GAT",
        "dropout_rate": 0.5,
        "hidden_channels": 128,
        "gat_heads": 8,
        "lr": 0.0001,
        "weight_decay": 0.0001,
        "n_epochs": 300,
        "patience": 30,
        "seed": 42,
        "output_dir": "results"
    },
    "model_name": "GAT_gossipcop_16_shot_bert_knn_8_smpf10",
    "training_history": {
        "final_train_loss": 0.25425323843955994,
        "final_train_acc": 0.96875,
        "final_val_loss": 0.7137895226478577,
        "final_val_acc": 0.6452095808383234,
        "final_val_f1": 0.5676021139743537,
        "best_val_f1": 0.5885233336923299,
        "best_epoch": 128,
        "total_epochs": 158,
        "training_time_seconds": 4.244358539581299
    },
    "final_test_metrics": {
        "accuracy": 0.7062125748502994,
        "precision": 0.5838187566448436,
        "recall": 0.6098379753750434,
        "f1_score": 0.5885233336923299,
        "confusion_matrix": [
            [
                1658,
                511
            ],
            [
                274,
                229
            ]
        ]
    }
}