{
    "args": {
        "graph_path": "graphs/gossipcop/6_shot_roberta_mutual_knn_3_smpf10.pt",
        "model": "GAT",
        "dropout_rate": 0.5,
        "hidden_channels": 128,
        "gat_heads": 8,
        "lr": 0.0001,
        "weight_decay": 0.0001,
        "n_epochs": 300,
        "patience": 30,
        "seed": 42,
        "output_dir": "results"
    },
    "model_name": "GAT_gossipcop_6_shot_roberta_mutual_knn_3_smpf10",
    "training_history": {
        "final_train_loss": 0.7063467502593994,
        "final_train_acc": 0.75,
        "final_val_loss": 0.6171799302101135,
        "final_val_acc": 0.811751497005988,
        "final_val_f1": 0.45000664976603055,
        "best_val_f1": 0.46311007040461327,
        "best_epoch": 9,
        "total_epochs": 80,
        "training_time_seconds": 6.312542200088501
    },
    "final_test_metrics": {
        "accuracy": 0.5591317365269461,
        "precision": 0.1751684311838306,
        "recall": 0.36182902584493043,
        "f1_score": 0.23605706874189364,
        "confusion_matrix": [
            [
                1312,
                857
            ],
            [
                321,
                182
            ]
        ]
    }
}