{
    "model": "LSTM_politifact_7_shot_bert",
    "dataset": "politifact",
    "embedding": "bert",
    "k_shot": 7,
    "training_time": 0.6084079742431641,
    "best_epoch": 0,
    "final_train_accuracy": 0.6666666666666666,
    "final_train_loss": 0.6120367646217346,
    "final_val_accuracy": 0.0,
    "final_val_loss": 0.7920809388160706,
    "final_val_f1": 0.0,
    "test_metrics": {
        "accuracy": 0.7156862745098039,
        "precision": 0.35784313725490197,
        "recall": 0.5,
        "f1_score": 0.41714285714285715,
        "confusion_matrix": [
            [
                73,
                0
            ],
            [
                29,
                0
            ]
        ]
    }
}