{
    "args": {
        "graph_path": "graphs/gossipcop/8_shot_bert_knn_5_smpf10.pt",
        "model": "GAT",
        "dropout_rate": 0.5,
        "hidden_channels": 128,
        "gat_heads": 8,
        "lr": 0.0001,
        "weight_decay": 0.0001,
        "n_epochs": 300,
        "patience": 30,
        "seed": 42,
        "output_dir": "results"
    },
    "model_name": "GAT_gossipcop_8_shot_bert_knn_5_smpf10",
    "training_history": {
        "final_train_loss": 0.43141844868659973,
        "final_train_acc": 0.75,
        "final_val_loss": 0.7449196577072144,
        "final_val_acc": 0.5905688622754491,
        "final_val_f1": 0.5151220800349264,
        "best_val_f1": 0.548941289469532,
        "best_epoch": 50,
        "total_epochs": 80,
        "training_time_seconds": 2.459693431854248
    },
    "final_test_metrics": {
        "accuracy": 0.7249251497005988,
        "precision": 0.5490552486187845,
        "recall": 0.5488301174969547,
        "f1_score": 0.548941289469532,
        "confusion_matrix": [
            [
                1803,
                366
            ],
            [
                369,
                134
            ]
        ]
    }
}