{
    "args": {
        "graph_path": "graphs_hetero/gossipcop/12_shot_roberta_hetero_dual_knn_sim5_dis5_smpf10_mv3.pt",
        "model": "HAN",
        "target_node_type": "news",
        "dropout_rate": 0.0,
        "hidden_channels": 128,
        "hgt_han_heads": 4,
        "hgt_layers": 1,
        "lr": 0.0001,
        "weight_decay": 0.0001,
        "n_epochs": 300,
        "patience": 30,
        "seed": 42,
        "output_dir_base": "results_hetero"
    },
    "model_name": "HAN_gossipcop_12_shot_roberta_hetero_dual_knn_sim5_dis5_smpf10_mv3",
    "training_history": {
        "final_train_loss": 0.21245305240154266,
        "final_train_acc": 1.0,
        "final_val_loss": 0.5826570391654968,
        "final_val_acc": 0.6998502994011976,
        "final_val_f1": 0.5953212398638823,
        "best_val_f1": 0.6126330351750496,
        "best_epoch": 90,
        "total_epochs_run": 300,
        "training_time_seconds": 11.654579401016235
    },
    "final_test_metrics_on_target_node": {
        "accuracy": 0.749625748502994,
        "precision": 0.6077025779653195,
        "recall": 0.6197810829811358,
        "f1_score": 0.6126330351750496,
        "confusion_matrix": [
            [
                1796,
                373
            ],
            [
                296,
                207
            ]
        ]
    }
}