{
    "args": {
        "graph_path": "graphs/gossipcop/3_shot_distilbert_knn_5_smpf10.pt",
        "model": "GAT",
        "dropout_rate": 0.5,
        "hidden_channels": 128,
        "gat_heads": 8,
        "lr": 0.0001,
        "weight_decay": 0.0001,
        "n_epochs": 300,
        "patience": 30,
        "seed": 42,
        "output_dir": "results"
    },
    "model_name": "GAT_gossipcop_3_shot_distilbert_knn_5_smpf10",
    "training_history": {
        "final_train_loss": 0.41079333424568176,
        "final_train_acc": 1.0,
        "final_val_loss": 0.6701570749282837,
        "final_val_acc": 0.5830838323353293,
        "final_val_f1": 0.5031036324786324,
        "best_val_f1": 0.5362766416361768,
        "best_epoch": 27,
        "total_epochs": 63,
        "training_time_seconds": 3.8603761196136475
    },
    "final_test_metrics": {
        "accuracy": 0.7264221556886228,
        "precision": 0.5379216419529551,
        "recall": 0.5352454200568832,
        "f1_score": 0.5362766416361768,
        "confusion_matrix": [
            [
                1826,
                343
            ],
            [
                388,
                115
            ]
        ]
    }
}