{
    "args": {
        "graph_path": "graphs/politifact/13_shot_roberta_mutual_knn_6_smpf10.pt",
        "model": "GAT",
        "dropout_rate": 0.5,
        "hidden_channels": 128,
        "gat_heads": 8,
        "lr": 0.0001,
        "weight_decay": 0.0001,
        "n_epochs": 300,
        "patience": 30,
        "seed": 42,
        "output_dir": "results"
    },
    "model_name": "GAT_politifact_13_shot_roberta_mutual_knn_6_smpf10",
    "training_history": {
        "final_train_loss": 0.7310425043106079,
        "final_train_acc": 0.5,
        "final_val_loss": 0.5764340758323669,
        "final_val_acc": 0.7941176470588235,
        "final_val_f1": 0.7496201052016365,
        "best_val_f1": 0.7635143380109823,
        "best_epoch": 99,
        "total_epochs": 154,
        "training_time_seconds": 2.731447219848633
    },
    "final_test_metrics": {
        "accuracy": 0.8137254901960784,
        "precision": 0.6923076923076923,
        "recall": 0.6206896551724138,
        "f1_score": 0.6545454545454545,
        "confusion_matrix": [
            [
                65,
                8
            ],
            [
                11,
                18
            ]
        ]
    }
}