{
    "args": {
        "graph_path": "graphs/gossipcop/12_shot_combined_mutual_knn_7_smpf10.pt",
        "model": "GAT",
        "dropout_rate": 0.5,
        "hidden_channels": 128,
        "gat_heads": 8,
        "lr": 0.0001,
        "weight_decay": 0.0001,
        "n_epochs": 300,
        "patience": 30,
        "seed": 42,
        "output_dir": "results"
    },
    "model_name": "GAT_gossipcop_12_shot_combined_mutual_knn_7_smpf10",
    "training_history": {
        "final_train_loss": 0.5628781914710999,
        "final_train_acc": 0.7916666666666666,
        "final_val_loss": 0.6590890884399414,
        "final_val_acc": 0.6654191616766467,
        "final_val_f1": 0.5484356852497096,
        "best_val_f1": 0.5749687372733152,
        "best_epoch": 104,
        "total_epochs": 134,
        "training_time_seconds": 3.9209492206573486
    },
    "final_test_metrics": {
        "accuracy": 0.7514970059880239,
        "precision": 0.319910514541387,
        "recall": 0.28429423459244535,
        "f1_score": 0.30105263157894735,
        "confusion_matrix": [
            [
                1865,
                304
            ],
            [
                360,
                143
            ]
        ]
    }
}