{
    "args": {
        "graph_path": "graphs/gossipcop/9_shot_roberta_mutual_knn_6_smpf10.pt",
        "model": "GAT",
        "dropout_rate": 0.5,
        "hidden_channels": 128,
        "gat_heads": 8,
        "lr": 0.0001,
        "weight_decay": 0.0001,
        "n_epochs": 300,
        "patience": 30,
        "seed": 42,
        "output_dir": "results"
    },
    "model_name": "GAT_gossipcop_9_shot_roberta_mutual_knn_6_smpf10",
    "training_history": {
        "final_train_loss": 0.9282532930374146,
        "final_train_acc": 0.5555555555555556,
        "final_val_loss": 0.6469195485115051,
        "final_val_acc": 0.7795658682634731,
        "final_val_f1": 0.4526568682380183,
        "best_val_f1": 0.46376721330669246,
        "best_epoch": 3,
        "total_epochs": 51,
        "training_time_seconds": 3.557670831680298
    },
    "final_test_metrics": {
        "accuracy": 0.5984281437125748,
        "precision": 0.47706461023246083,
        "recall": 0.4678599679012142,
        "f1_score": 0.46376721330669246,
        "confusion_matrix": [
            [
                1469,
                700
            ],
            [
                373,
                130
            ]
        ]
    }
}