{
    "args": {
        "graph_path": "graphs/politifact/8_shot_combined_knn_4.pt",
        "model": "GAT",
        "dropout_rate": 0.5,
        "hidden_channels": 128,
        "gat_heads": 8,
        "lr": 0.0001,
        "weight_decay": 0.0001,
        "n_epochs": 300,
        "patience": 30,
        "seed": 42,
        "output_dir": "results"
    },
    "model_name": "GAT_politifact_8_shot_combined_knn_4",
    "training_history": {
        "final_train_loss": 0.46578946709632874,
        "final_train_acc": 0.9375,
        "final_val_loss": 0.584922730922699,
        "final_val_acc": 0.7745098039215687,
        "final_val_f1": 0.7515620036005506,
        "best_val_f1": 0.7778287286484007,
        "best_epoch": 208,
        "total_epochs": 249,
        "training_time_seconds": 3.5786197185516357
    },
    "final_test_metrics": {
        "accuracy": 0.8137254901960784,
        "precision": 0.65625,
        "recall": 0.7241379310344828,
        "f1_score": 0.6885245901639344,
        "confusion_matrix": [
            [
                62,
                11
            ],
            [
                8,
                21
            ]
        ]
    }
}