{
    "args": {
        "graph_path": "graphs/politifact/16_shot_distilbert_knn_5_smpf10.pt",
        "model": "GAT",
        "dropout_rate": 0.5,
        "hidden_channels": 128,
        "gat_heads": 8,
        "lr": 0.0001,
        "weight_decay": 0.0001,
        "n_epochs": 300,
        "patience": 30,
        "seed": 42,
        "output_dir": "results"
    },
    "model_name": "GAT_politifact_16_shot_distilbert_knn_5_smpf10",
    "training_history": {
        "final_train_loss": 0.4191572368144989,
        "final_train_acc": 0.90625,
        "final_val_loss": 0.6656835675239563,
        "final_val_acc": 0.6862745098039216,
        "final_val_f1": 0.6737305077968813,
        "best_val_f1": 0.7209595959595959,
        "best_epoch": 25,
        "total_epochs": 76,
        "training_time_seconds": 2.444016218185425
    },
    "final_test_metrics": {
        "accuracy": 0.7450980392156863,
        "precision": 0.7165944028379976,
        "recall": 0.759565422768068,
        "f1_score": 0.7209595959595959,
        "confusion_matrix": [
            [
                53,
                20
            ],
            [
                6,
                23
            ]
        ]
    }
}