{
    "args": {
        "graph_path": "graphs_hetero/gossipcop/9_shot_roberta_hetero_knn_5_psl10.pt",
        "model": "HAN",
        "target_node_type": "news",
        "dropout_rate": 0.0,
        "hidden_channels": 128,
        "hgt_han_heads": 4,
        "hgt_layers": 1,
        "lr": 0.0001,
        "weight_decay": 0.0001,
        "n_epochs": 300,
        "patience": 30,
        "seed": 42,
        "output_dir_base": "results_hetero"
    },
    "model_name": "HAN_gossipcop_9_shot_roberta_hetero_knn_5_psl10",
    "training_history": {
        "final_train_loss": 0.20254701375961304,
        "final_train_acc": 1.0,
        "final_val_loss": 0.5744436383247375,
        "final_val_acc": 0.7282934131736527,
        "final_val_f1": 0.6047166527968754,
        "best_val_f1": 0.6166108401402519,
        "best_epoch": 74,
        "total_epochs_run": 300,
        "training_time_seconds": 5.056834936141968
    },
    "final_test_metrics_on_target_node": {
        "accuracy": 0.780688622754491,
        "precision": 0.6265233398510665,
        "recall": 0.6099007614066637,
        "f1_score": 0.6166108401402519,
        "confusion_matrix": [
            [
                1917,
                252
            ],
            [
                334,
                169
            ]
        ]
    }
}