{
    "model": "LSTM_gossipcop_7_shot_roberta",
    "dataset": "gossipcop",
    "embedding": "roberta",
    "k_shot": 7,
    "training_time": 0.41617822647094727,
    "best_epoch": 0,
    "final_train_accuracy": 0.5833333333333334,
    "final_train_loss": 0.6772408485412598,
    "final_val_accuracy": 0.0,
    "final_val_loss": 0.855634868144989,
    "final_val_f1": 0.0,
    "test_metrics": {
        "accuracy": 0.811751497005988,
        "precision": 0.405875748502994,
        "recall": 0.5,
        "f1_score": 0.4480479239826482,
        "confusion_matrix": [
            [
                2169,
                0
            ],
            [
                503,
                0
            ]
        ]
    }
}