{
    "args": {
        "graph_path": "graphs/gossipcop/5_shot_roberta_knn_3_smpf10.pt",
        "model": "GAT",
        "dropout_rate": 0.5,
        "hidden_channels": 128,
        "gat_heads": 8,
        "lr": 0.0001,
        "weight_decay": 0.0001,
        "n_epochs": 300,
        "patience": 30,
        "seed": 42,
        "output_dir": "results"
    },
    "model_name": "GAT_gossipcop_5_shot_roberta_knn_3_smpf10",
    "training_history": {
        "final_train_loss": 0.5696664452552795,
        "final_train_acc": 0.7,
        "final_val_loss": 0.589825451374054,
        "final_val_acc": 0.811751497005988,
        "final_val_f1": 0.4480479239826482,
        "best_val_f1": 0.5532641555349875,
        "best_epoch": 65,
        "total_epochs": 117,
        "training_time_seconds": 2.337155342102051
    },
    "final_test_metrics": {
        "accuracy": 0.6927395209580839,
        "precision": 0.26479289940828404,
        "recall": 0.3558648111332008,
        "f1_score": 0.30364715860899066,
        "confusion_matrix": [
            [
                1672,
                497
            ],
            [
                324,
                179
            ]
        ]
    }
}