{
    "args": {
        "graph_path": "graphs/gossipcop/4_shot_roberta_knn_3_smpf10.pt",
        "model": "GAT",
        "dropout_rate": 0.5,
        "hidden_channels": 128,
        "gat_heads": 8,
        "lr": 0.0001,
        "weight_decay": 0.0001,
        "n_epochs": 300,
        "patience": 30,
        "seed": 42,
        "output_dir": "results"
    },
    "model_name": "GAT_gossipcop_4_shot_roberta_knn_3_smpf10",
    "training_history": {
        "final_train_loss": 0.9513092041015625,
        "final_train_acc": 0.5,
        "final_val_loss": 0.6155856251716614,
        "final_val_acc": 0.811751497005988,
        "final_val_f1": 0.45000664976603055,
        "best_val_f1": 0.4539314644823596,
        "best_epoch": 1,
        "total_epochs": 65,
        "training_time_seconds": 1.796410083770752
    },
    "final_test_metrics": {
        "accuracy": 0.7028443113772455,
        "precision": 0.10136986301369863,
        "recall": 0.073558648111332,
        "f1_score": 0.08525345622119816,
        "confusion_matrix": [
            [
                1841,
                328
            ],
            [
                466,
                37
            ]
        ]
    }
}