{
    "args": {
        "graph_path": "graphs/gossipcop/9_shot_roberta_knn_8_smpf10.pt",
        "model": "GAT",
        "dropout_rate": 0.5,
        "hidden_channels": 128,
        "gat_heads": 8,
        "lr": 0.0001,
        "weight_decay": 0.0001,
        "n_epochs": 300,
        "patience": 30,
        "seed": 42,
        "output_dir": "results"
    },
    "model_name": "GAT_gossipcop_9_shot_roberta_knn_8_smpf10",
    "training_history": {
        "final_train_loss": 0.6731953620910645,
        "final_train_acc": 0.5,
        "final_val_loss": 0.6035206317901611,
        "final_val_acc": 0.7668413173652695,
        "final_val_f1": 0.4594147678136911,
        "best_val_f1": 0.464252265166725,
        "best_epoch": 24,
        "total_epochs": 72,
        "training_time_seconds": 2.031001567840576
    },
    "final_test_metrics": {
        "accuracy": 0.7747005988023952,
        "precision": 0.4710813296544475,
        "recall": 0.4909216897783424,
        "f1_score": 0.464252265166725,
        "confusion_matrix": [
            [
                2052,
                117
            ],
            [
                485,
                18
            ]
        ]
    }
}