{
    "args": {
        "graph_path": "graphs/gossipcop/3_shot_roberta_knn_7_smpf10.pt",
        "model": "GAT",
        "dropout_rate": 0.5,
        "hidden_channels": 128,
        "gat_heads": 8,
        "lr": 0.0001,
        "weight_decay": 0.0001,
        "n_epochs": 300,
        "patience": 30,
        "seed": 42,
        "output_dir": "results"
    },
    "model_name": "GAT_gossipcop_3_shot_roberta_knn_7_smpf10",
    "training_history": {
        "final_train_loss": 0.46078887581825256,
        "final_train_acc": 1.0,
        "final_val_loss": 0.5850942730903625,
        "final_val_acc": 0.7619760479041916,
        "final_val_f1": 0.49662320674505567,
        "best_val_f1": 0.5217893636701987,
        "best_epoch": 126,
        "total_epochs": 168,
        "training_time_seconds": 3.9410932064056396
    },
    "final_test_metrics": {
        "accuracy": 0.6755239520958084,
        "precision": 0.5221545842766782,
        "recall": 0.5268000113656466,
        "f1_score": 0.5217893636701987,
        "confusion_matrix": [
            [
                1660,
                509
            ],
            [
                358,
                145
            ]
        ]
    }
}