{
    "args": {
        "graph_path": "graphs/gossipcop/3_shot_roberta_knn_7_smpf10.pt",
        "model": "GAT",
        "dropout_rate": 0.5,
        "hidden_channels": 128,
        "gat_heads": 8,
        "lr": 0.0001,
        "weight_decay": 0.0001,
        "n_epochs": 300,
        "patience": 30,
        "seed": 42,
        "output_dir": "results"
    },
    "model_name": "GAT_gossipcop_3_shot_roberta_knn_7_smpf10",
    "training_history": {
        "final_train_loss": 0.9334796071052551,
        "final_train_acc": 0.6666666666666666,
        "final_val_loss": 0.5998469591140747,
        "final_val_acc": 0.811377245508982,
        "final_val_f1": 0.4479338842975207,
        "best_val_f1": 0.45494324808985764,
        "best_epoch": 2,
        "total_epochs": 84,
        "training_time_seconds": 1.8761546611785889
    },
    "final_test_metrics": {
        "accuracy": 0.7028443113772455,
        "precision": 0.10354223433242507,
        "recall": 0.07554671968190854,
        "f1_score": 0.08735632183908046,
        "confusion_matrix": [
            [
                1840,
                329
            ],
            [
                465,
                38
            ]
        ]
    }
}