{
    "args": {
        "graph_path": "graphs/gossipcop/7_shot_distilbert_knn_8_smpf10.pt",
        "model": "GAT",
        "dropout_rate": 0.5,
        "hidden_channels": 128,
        "gat_heads": 8,
        "lr": 0.0001,
        "weight_decay": 0.0001,
        "n_epochs": 300,
        "patience": 30,
        "seed": 42,
        "output_dir": "results"
    },
    "model_name": "GAT_gossipcop_7_shot_distilbert_knn_8_smpf10",
    "training_history": {
        "final_train_loss": 0.33236241340637207,
        "final_train_acc": 0.9285714285714286,
        "final_val_loss": 0.6683636903762817,
        "final_val_acc": 0.6133982035928144,
        "final_val_f1": 0.521495861116442,
        "best_val_f1": 0.5578788344468648,
        "best_epoch": 40,
        "total_epochs": 86,
        "training_time_seconds": 4.27551794052124
    },
    "final_test_metrics": {
        "accuracy": 0.6953592814371258,
        "precision": 0.5554632672379839,
        "recall": 0.5687947006756144,
        "f1_score": 0.5578788344468648,
        "confusion_matrix": [
            [
                1674,
                495
            ],
            [
                319,
                184
            ]
        ]
    }
}