{
    "args": {
        "graph_path": "graphs/politifact/6_shot_distilbert_knn_5_smpf10.pt",
        "model": "GAT",
        "dropout_rate": 0.5,
        "hidden_channels": 128,
        "gat_heads": 8,
        "lr": 0.0001,
        "weight_decay": 0.0001,
        "n_epochs": 300,
        "patience": 30,
        "seed": 42,
        "output_dir": "results"
    },
    "model_name": "GAT_politifact_6_shot_distilbert_knn_5_smpf10",
    "training_history": {
        "final_train_loss": 0.39349547028541565,
        "final_train_acc": 0.8333333333333334,
        "final_val_loss": 0.7097849249839783,
        "final_val_acc": 0.6176470588235294,
        "final_val_f1": 0.6039032161704669,
        "best_val_f1": 0.6951853901494189,
        "best_epoch": 36,
        "total_epochs": 66,
        "training_time_seconds": 2.017354726791382
    },
    "final_test_metrics": {
        "accuracy": 0.7352941176470589,
        "precision": 0.6881313131313131,
        "recall": 0.7111478507321681,
        "f1_score": 0.6951853901494189,
        "confusion_matrix": [
            [
                56,
                17
            ],
            [
                10,
                19
            ]
        ]
    }
}