{
    "args": {
        "graph_path": "graphs/politifact/12_shot_distilbert_knn_8_smpf10.pt",
        "model": "GAT",
        "dropout_rate": 0.5,
        "hidden_channels": 128,
        "gat_heads": 8,
        "lr": 0.0001,
        "weight_decay": 0.0001,
        "n_epochs": 300,
        "patience": 30,
        "seed": 42,
        "output_dir": "results"
    },
    "model_name": "GAT_politifact_12_shot_distilbert_knn_8_smpf10",
    "training_history": {
        "final_train_loss": 0.45066705346107483,
        "final_train_acc": 0.75,
        "final_val_loss": 0.6938400864601135,
        "final_val_acc": 0.6862745098039216,
        "final_val_f1": 0.6737305077968813,
        "best_val_f1": 0.7043478260869566,
        "best_epoch": 60,
        "total_epochs": 90,
        "training_time_seconds": 2.469616651535034
    },
    "final_test_metrics": {
        "accuracy": 0.7352941176470589,
        "precision": 0.697983870967742,
        "recall": 0.7319319792158715,
        "f1_score": 0.7043478260869566,
        "confusion_matrix": [
            [
                54,
                19
            ],
            [
                8,
                21
            ]
        ]
    }
}