{
    "args": {
        "graph_path": "graphs/gossipcop/14_shot_combined_knn_8_smpf10.pt",
        "model": "GAT",
        "dropout_rate": 0.5,
        "hidden_channels": 128,
        "gat_heads": 8,
        "lr": 0.0001,
        "weight_decay": 0.0001,
        "n_epochs": 300,
        "patience": 30,
        "seed": 42,
        "output_dir": "results"
    },
    "model_name": "GAT_gossipcop_14_shot_combined_knn_8_smpf10",
    "training_history": {
        "final_train_loss": 0.5723104476928711,
        "final_train_acc": 0.7142857142857143,
        "final_val_loss": 0.645068347454071,
        "final_val_acc": 0.6620508982035929,
        "final_val_f1": 0.5031742237097245,
        "best_val_f1": 0.5140906491278239,
        "best_epoch": 109,
        "total_epochs": 141,
        "training_time_seconds": 2.593579053878784
    },
    "final_test_metrics": {
        "accuracy": 0.6953592814371258,
        "precision": 0.21042830540037244,
        "recall": 0.22465208747514911,
        "f1_score": 0.2173076923076923,
        "confusion_matrix": [
            [
                1745,
                424
            ],
            [
                390,
                113
            ]
        ]
    }
}