{
    "args": {
        "graph_path": "graphs/gossipcop/14_shot_combined_knn_8_smpf10.pt",
        "model": "GAT",
        "dropout_rate": 0.5,
        "hidden_channels": 128,
        "gat_heads": 8,
        "lr": 0.0001,
        "weight_decay": 0.0001,
        "n_epochs": 300,
        "patience": 30,
        "seed": 42,
        "output_dir": "results"
    },
    "model_name": "GAT_gossipcop_14_shot_combined_knn_8_smpf10",
    "training_history": {
        "final_train_loss": 0.6234285235404968,
        "final_train_acc": 0.8214285714285714,
        "final_val_loss": 0.6606855988502502,
        "final_val_acc": 0.6485778443113772,
        "final_val_f1": 0.4963472747737033,
        "best_val_f1": 0.5029441532520256,
        "best_epoch": 41,
        "total_epochs": 71,
        "training_time_seconds": 3.1516902446746826
    },
    "final_test_metrics": {
        "accuracy": 0.7537425149700598,
        "precision": 0.5143413491610968,
        "recall": 0.5085531073586146,
        "f1_score": 0.5029441532520256,
        "confusion_matrix": [
            [
                1956,
                213
            ],
            [
                445,
                58
            ]
        ]
    }
}