{
    "model": "MLP_politifact_6_shot_roberta",
    "dataset": "politifact",
    "embedding": "roberta",
    "k_shot": 6,
    "training_time": 0.5062439441680908,
    "best_epoch": 0,
    "final_train_accuracy": 0.9090909090909091,
    "final_train_loss": 0.5872089862823486,
    "final_val_accuracy": 0.0,
    "final_val_loss": 0.9856711626052856,
    "final_val_f1": 0.0,
    "test_metrics": {
        "accuracy": 0.7156862745098039,
        "precision": 0.35784313725490197,
        "recall": 0.5,
        "f1_score": 0.41714285714285715,
        "confusion_matrix": [
            [
                73,
                0
            ],
            [
                29,
                0
            ]
        ]
    }
}