{
    "args": {
        "graph_path": "graphs/politifact/9_shot_roberta_knn_8_smpf10.pt",
        "model": "GAT",
        "dropout_rate": 0.5,
        "hidden_channels": 128,
        "gat_heads": 8,
        "lr": 0.0001,
        "weight_decay": 0.0001,
        "n_epochs": 300,
        "patience": 30,
        "seed": 42,
        "output_dir": "results"
    },
    "model_name": "GAT_politifact_9_shot_roberta_knn_8_smpf10",
    "training_history": {
        "final_train_loss": 0.417105108499527,
        "final_train_acc": 0.9444444444444444,
        "final_val_loss": 0.5654487609863281,
        "final_val_acc": 0.7745098039215687,
        "final_val_f1": 0.7359000337723742,
        "best_val_f1": 0.745115856428896,
        "best_epoch": 195,
        "total_epochs": 233,
        "training_time_seconds": 3.417769193649292
    },
    "final_test_metrics": {
        "accuracy": 0.7843137254901961,
        "precision": 0.6060606060606061,
        "recall": 0.6896551724137931,
        "f1_score": 0.6451612903225806,
        "confusion_matrix": [
            [
                60,
                13
            ],
            [
                9,
                20
            ]
        ]
    }
}