{
    "args": {
        "graph_path": "graphs/politifact/9_shot_roberta_knn_8_smpf10.pt",
        "model": "GAT",
        "dropout_rate": 0.5,
        "hidden_channels": 128,
        "gat_heads": 8,
        "lr": 0.0001,
        "weight_decay": 0.0001,
        "n_epochs": 300,
        "patience": 30,
        "seed": 42,
        "output_dir": "results"
    },
    "model_name": "GAT_politifact_9_shot_roberta_knn_8_smpf10",
    "training_history": {
        "final_train_loss": 0.30630528926849365,
        "final_train_acc": 0.9444444444444444,
        "final_val_loss": 0.49742066860198975,
        "final_val_acc": 0.7450980392156863,
        "final_val_f1": 0.71727078891258,
        "best_val_f1": 0.733347275959427,
        "best_epoch": 235,
        "total_epochs": 300,
        "training_time_seconds": 12.248600959777832
    },
    "final_test_metrics": {
        "accuracy": 0.7549019607843137,
        "precision": 0.7296238244514106,
        "recall": 0.7768068020784129,
        "f1_score": 0.733347275959427,
        "confusion_matrix": [
            [
                53,
                20
            ],
            [
                5,
                24
            ]
        ]
    }
}