{
    "args": {
        "graph_path": "graphs_hetero/gossipcop/14_shot_roberta_hetero_dual_knn_sim5_dis5_smpf10.pt",
        "model": "HAN",
        "target_node_type": "news",
        "dropout_rate": 0.0,
        "hidden_channels": 128,
        "hgt_han_heads": 4,
        "hgt_layers": 1,
        "lr": 0.0001,
        "weight_decay": 0.0001,
        "n_epochs": 300,
        "patience": 30,
        "seed": 42,
        "output_dir_base": "results_hetero"
    },
    "model_name": "HAN_gossipcop_14_shot_roberta_hetero_dual_knn_sim5_dis5_smpf10",
    "training_history": {
        "final_train_loss": 0.23290899395942688,
        "final_train_acc": 1.0,
        "final_val_loss": 0.6107994914054871,
        "final_val_acc": 0.6744011976047904,
        "final_val_f1": 0.5786029858018877,
        "best_val_f1": 0.5980958723500043,
        "best_epoch": 121,
        "total_epochs_run": 300,
        "training_time_seconds": 8.85894227027893
    },
    "final_test_metrics_on_target_node": {
        "accuracy": 0.7286676646706587,
        "precision": 0.5922703003371037,
        "recall": 0.6106894822856316,
        "f1_score": 0.5980958723500043,
        "confusion_matrix": [
            [
                1735,
                434
            ],
            [
                291,
                212
            ]
        ]
    }
}