{
    "model": "MLP_gossipcop_6_shot_bert",
    "dataset": "gossipcop",
    "embedding": "bert",
    "k_shot": 6,
    "training_time": 0.3203542232513428,
    "best_epoch": 0,
    "final_train_accuracy": 1.0,
    "final_train_loss": 0.2281849980354309,
    "final_val_accuracy": 0.0,
    "final_val_loss": 1.5177781581878662,
    "final_val_f1": 0.0,
    "test_metrics": {
        "accuracy": 0.780314371257485,
        "precision": 0.5475168739507315,
        "recall": 0.5203390079073736,
        "f1_score": 0.5121756717963264,
        "confusion_matrix": [
            [
                2033,
                136
            ],
            [
                451,
                52
            ]
        ]
    }
}