{
    "args": {
        "graph_path": "graphs/gossipcop/9_shot_combined_mutual_knn_8_smpf10.pt",
        "model": "GAT",
        "dropout_rate": 0.5,
        "hidden_channels": 128,
        "gat_heads": 8,
        "lr": 0.0001,
        "weight_decay": 0.0001,
        "n_epochs": 300,
        "patience": 30,
        "seed": 42,
        "output_dir": "results"
    },
    "model_name": "GAT_gossipcop_9_shot_combined_mutual_knn_8_smpf10",
    "training_history": {
        "final_train_loss": 0.6227834224700928,
        "final_train_acc": 0.6666666666666666,
        "final_val_loss": 0.6395593285560608,
        "final_val_acc": 0.7241766467065869,
        "final_val_f1": 0.571485427561696,
        "best_val_f1": 0.584823699192581,
        "best_epoch": 103,
        "total_epochs": 185,
        "training_time_seconds": 3.0377721786499023
    },
    "final_test_metrics": {
        "accuracy": 0.7398952095808383,
        "precision": 0.3208955223880597,
        "recall": 0.341948310139165,
        "f1_score": 0.3310875842155919,
        "confusion_matrix": [
            [
                1805,
                364
            ],
            [
                331,
                172
            ]
        ]
    }
}