{
    "args": {
        "graph_path": "graphs/politifact/12_shot_combined_knn_7_smpf10.pt",
        "model": "GAT",
        "dropout_rate": 0.5,
        "hidden_channels": 128,
        "gat_heads": 8,
        "lr": 0.0001,
        "weight_decay": 0.0001,
        "n_epochs": 300,
        "patience": 30,
        "seed": 42,
        "output_dir": "results"
    },
    "model_name": "GAT_politifact_12_shot_combined_knn_7_smpf10",
    "training_history": {
        "final_train_loss": 0.3561664819717407,
        "final_train_acc": 0.9166666666666666,
        "final_val_loss": 0.4597005546092987,
        "final_val_acc": 0.7745098039215687,
        "final_val_f1": 0.7403431101272828,
        "best_val_f1": 0.7777777777777777,
        "best_epoch": 13,
        "total_epochs": 300,
        "training_time_seconds": 8.317220687866211
    },
    "final_test_metrics": {
        "accuracy": 0.8333333333333334,
        "precision": 0.8113636363636363,
        "recall": 0.7588568729333962,
        "f1_score": 0.7777777777777777,
        "confusion_matrix": [
            [
                68,
                5
            ],
            [
                12,
                17
            ]
        ]
    }
}