{
  "accuracy": 0.5381736526946108,
  "precision": 0.5748574925616823,
  "recall": 0.6208612777003264,
  "f1": 0.5061918317662056,
  "confusion_matrix": [
    [
      1059,
      1110
    ],
    [
      124,
      379
    ]
  ],
  "num_samples": 2672,
  "num_generation_errors": 0,
  "run_info": {
    "model_type": "gemma",
    "model_hf_id": "google/gemma-7b-it",
    "dataset_name": "gossipcop",
    "k_shot": 10,
    "internal_seed": 42,
    "max_new_tokens": 10,
    "batch_size": 4,
    "max_example_length": 500,
    "effective_device_type": "cuda",
    "execution_time_seconds": 3205.3482191562653
  }
}