{
    "args": {
        "graph_path": "graphs/politifact/4_shot_roberta_knn_8.pt",
        "model": "GAT",
        "dropout_rate": 0.5,
        "hidden_channels": 128,
        "gat_heads": 8,
        "lr": 0.0001,
        "weight_decay": 0.0001,
        "n_epochs": 300,
        "patience": 30,
        "seed": 42,
        "output_dir": "results"
    },
    "model_name": "GAT_politifact_4_shot_roberta_knn_8",
    "training_history": {
        "final_train_loss": 0.4715977609157562,
        "final_train_acc": 0.875,
        "final_val_loss": 0.5766291618347168,
        "final_val_acc": 0.7156862745098039,
        "final_val_f1": 0.6670043904086458,
        "best_val_f1": 0.7001763668430335,
        "best_epoch": 133,
        "total_epochs": 163,
        "training_time_seconds": 2.967132329940796
    },
    "final_test_metrics": {
        "accuracy": 0.803921568627451,
        "precision": 0.8461538461538461,
        "recall": 0.3793103448275862,
        "f1_score": 0.5238095238095238,
        "confusion_matrix": [
            [
                71,
                2
            ],
            [
                18,
                11
            ]
        ]
    }
}