{
    "args": {
        "graph_path": "graphs/politifact/6_shot_roberta_knn_4.pt",
        "model": "GAT",
        "dropout_rate": 0.5,
        "hidden_channels": 128,
        "gat_heads": 8,
        "lr": 0.0001,
        "weight_decay": 0.0001,
        "n_epochs": 300,
        "patience": 30,
        "seed": 42,
        "output_dir": "results"
    },
    "model_name": "GAT_politifact_6_shot_roberta_knn_4",
    "training_history": {
        "final_train_loss": 0.5554094314575195,
        "final_train_acc": 0.8333333333333334,
        "final_val_loss": 0.5980675220489502,
        "final_val_acc": 0.696078431372549,
        "final_val_f1": 0.6440391759540696,
        "best_val_f1": 0.678082992402104,
        "best_epoch": 196,
        "total_epochs": 247,
        "training_time_seconds": 3.560225009918213
    },
    "final_test_metrics": {
        "accuracy": 0.7352941176470589,
        "precision": 0.5333333333333333,
        "recall": 0.5517241379310345,
        "f1_score": 0.5423728813559322,
        "confusion_matrix": [
            [
                59,
                14
            ],
            [
                13,
                16
            ]
        ]
    }
}