{
    "args": {
        "graph_path": "graphs_hetero/gossipcop/4_shot_roberta_hetero_knn_5_smpf10.pt",
        "model": "HGT",
        "target_node_type": "news",
        "dropout_rate": 0.0,
        "hidden_channels": 128,
        "hgt_han_heads": 4,
        "hgt_layers": 1,
        "lr": 0.0001,
        "weight_decay": 0.0001,
        "n_epochs": 300,
        "patience": 30,
        "seed": 42,
        "output_dir_base": "results_hetero"
    },
    "model_name": "HGT_gossipcop_4_shot_roberta_hetero_knn_5_smpf10",
    "training_history": {
        "final_train_loss": 0.004661118611693382,
        "final_train_acc": 1.0,
        "final_val_loss": 0.5500627756118774,
        "final_val_acc": 0.7282934131736527,
        "final_val_f1": 0.6221907836513892,
        "best_val_f1": 0.6450803771113665,
        "best_epoch": 111,
        "total_epochs_run": 207,
        "training_time_seconds": 8.36376166343689
    },
    "final_test_metrics_on_target_node": {
        "accuracy": 0.7425149700598802,
        "precision": 0.6344181762148193,
        "recall": 0.6802999430801085,
        "f1_score": 0.6450803771113665,
        "confusion_matrix": [
            [
                1692,
                477
            ],
            [
                211,
                292
            ]
        ]
    }
}