{
    "args": {
        "graph_path": "graphs_hetero/gossipcop/4_shot_roberta_hetero_knn_5_smpf10.pt",
        "model": "HGT",
        "target_node_type": "news",
        "dropout_rate": 0.0,
        "hidden_channels": 128,
        "hgt_han_heads": 4,
        "hgt_layers": 1,
        "lr": 0.0001,
        "weight_decay": 0.0001,
        "n_epochs": 300,
        "patience": 30,
        "seed": 42,
        "output_dir_base": "results_hetero"
    },
    "model_name": "HGT_gossipcop_4_shot_roberta_hetero_knn_5_smpf10",
    "training_history": {
        "final_train_loss": 0.01072559505701065,
        "final_train_acc": 1.0,
        "final_val_loss": 0.582079291343689,
        "final_val_acc": 0.7144461077844312,
        "final_val_f1": 0.6087076602467092,
        "best_val_f1": 0.6193249458874459,
        "best_epoch": 123,
        "total_epochs_run": 155,
        "training_time_seconds": 6.806650161743164
    },
    "final_test_metrics_on_target_node": {
        "accuracy": 0.7477544910179641,
        "precision": 0.6125866073576327,
        "recall": 0.6308447150201603,
        "f1_score": 0.6193249458874459,
        "confusion_matrix": [
            [
                1775,
                394
            ],
            [
                280,
                223
            ]
        ]
    }
}