{
    "args": {
        "graph_path": "graphs/gossipcop/12_shot_roberta_knn_8_smpf10.pt",
        "model": "GAT",
        "dropout_rate": 0.5,
        "hidden_channels": 128,
        "gat_heads": 8,
        "lr": 0.0001,
        "weight_decay": 0.0001,
        "n_epochs": 300,
        "patience": 30,
        "seed": 42,
        "output_dir": "results"
    },
    "model_name": "GAT_gossipcop_12_shot_roberta_knn_8_smpf10",
    "training_history": {
        "final_train_loss": 0.4906700849533081,
        "final_train_acc": 0.875,
        "final_val_loss": 0.6511332988739014,
        "final_val_acc": 0.6463323353293413,
        "final_val_f1": 0.5052099101455836,
        "best_val_f1": 0.5111008754351593,
        "best_epoch": 200,
        "total_epochs": 230,
        "training_time_seconds": 5.2337541580200195
    },
    "final_test_metrics": {
        "accuracy": 0.6875,
        "precision": 0.5110437105521687,
        "recall": 0.5120347532142323,
        "f1_score": 0.5111008754351593,
        "confusion_matrix": [
            [
                1721,
                448
            ],
            [
                387,
                116
            ]
        ]
    }
}