{
  "accuracy": 0.5381736526946108,
  "f1": 0.49219733726279685,
  "precision": 0.5449618985961756,
  "recall": 0.5735233596118082,
  "confusion_matrix": [
    [
      1121,
      1048
    ],
    [
      186,
      317
    ]
  ]
}