{
    "args": {
        "graph_path": "graphs/gossipcop/8_shot_roberta_knn_8_smpf10.pt",
        "model": "GAT",
        "dropout_rate": 0.5,
        "hidden_channels": 128,
        "gat_heads": 8,
        "lr": 0.0001,
        "weight_decay": 0.0001,
        "n_epochs": 300,
        "patience": 30,
        "seed": 42,
        "output_dir": "results"
    },
    "model_name": "GAT_gossipcop_8_shot_roberta_knn_8_smpf10",
    "training_history": {
        "final_train_loss": 0.4313141107559204,
        "final_train_acc": 0.9375,
        "final_val_loss": 0.6406850814819336,
        "final_val_acc": 0.6725299401197605,
        "final_val_f1": 0.5522238558965205,
        "best_val_f1": 0.5530469745100747,
        "best_epoch": 299,
        "total_epochs": 300,
        "training_time_seconds": 5.793151140213013
    },
    "final_test_metrics": {
        "accuracy": 0.6736526946107785,
        "precision": 0.5533523239335054,
        "recall": 0.5722218097592409,
        "f1_score": 0.5530469745100747,
        "confusion_matrix": [
            [
                1594,
                575
            ],
            [
                297,
                206
            ]
        ]
    }
}