{
    "args": {
        "graph_path": "graphs/gossipcop/8_shot_roberta_knn_8_smpf10.pt",
        "model": "GAT",
        "dropout_rate": 0.5,
        "hidden_channels": 128,
        "gat_heads": 8,
        "lr": 0.0001,
        "weight_decay": 0.0001,
        "n_epochs": 300,
        "patience": 30,
        "seed": 42,
        "output_dir": "results"
    },
    "model_name": "GAT_gossipcop_8_shot_roberta_knn_8_smpf10",
    "training_history": {
        "final_train_loss": 0.5825597047805786,
        "final_train_acc": 0.625,
        "final_val_loss": 0.5950685143470764,
        "final_val_acc": 0.8087574850299402,
        "final_val_f1": 0.4509739900721169,
        "best_val_f1": 0.45500225570120534,
        "best_epoch": 1,
        "total_epochs": 59,
        "training_time_seconds": 5.170022249221802
    },
    "final_test_metrics": {
        "accuracy": 0.7597305389221557,
        "precision": 0.0935672514619883,
        "recall": 0.03180914512922465,
        "f1_score": 0.04747774480712166,
        "confusion_matrix": [
            [
                2014,
                155
            ],
            [
                487,
                16
            ]
        ]
    }
}