{
  "accuracy": 0.6274509803921569,
  "f1": 0.6056166056166056,
  "precision": 0.6191759722757028,
  "recall": 0.6461974492205952,
  "confusion_matrix": [
    [
      44,
      29
    ],
    [
      9,
      20
    ]
  ]
}