{
    "args": {
        "graph_path": "graphs_hetero/gossipcop/15_shot_roberta_hetero_dual_knn_sim5_dis5_smpf10_mv3.pt",
        "model": "HAN",
        "target_node_type": "news",
        "dropout_rate": 0.0,
        "hidden_channels": 128,
        "hgt_han_heads": 4,
        "hgt_layers": 1,
        "lr": 0.0001,
        "weight_decay": 0.0001,
        "n_epochs": 300,
        "patience": 30,
        "seed": 42,
        "output_dir_base": "results_hetero"
    },
    "model_name": "HAN_gossipcop_15_shot_roberta_hetero_dual_knn_sim5_dis5_smpf10_mv3",
    "training_history": {
        "final_train_loss": 0.21713034808635712,
        "final_train_acc": 1.0,
        "final_val_loss": 0.6191296577453613,
        "final_val_acc": 0.6650449101796407,
        "final_val_f1": 0.5729192394396431,
        "best_val_f1": 0.5944897176646284,
        "best_epoch": 93,
        "total_epochs_run": 300,
        "training_time_seconds": 11.594881534576416
    },
    "final_test_metrics_on_target_node": {
        "accuracy": 0.718562874251497,
        "precision": 0.5887369956701545,
        "recall": 0.611337049166504,
        "f1_score": 0.5944897176646284,
        "confusion_matrix": [
            [
                1699,
                470
            ],
            [
                282,
                221
            ]
        ]
    }
}