{
    "args": {
        "graph_path": "graphs_hetero/gossipcop/4_shot_distilbert_hetero_knn_5_smpf10.pt",
        "model": "HAN",
        "target_node_type": "news",
        "dropout_rate": 0.0,
        "hidden_channels": 128,
        "hgt_han_heads": 4,
        "hgt_layers": 1,
        "lr": 0.0001,
        "weight_decay": 0.0001,
        "n_epochs": 300,
        "patience": 30,
        "seed": 42,
        "output_dir_base": "results_hetero"
    },
    "model_name": "HAN_gossipcop_4_shot_distilbert_hetero_knn_5_smpf10",
    "training_history": {
        "final_train_loss": 0.027700623497366905,
        "final_train_acc": 1.0,
        "final_val_loss": 0.578484833240509,
        "final_val_acc": 0.7533682634730539,
        "final_val_f1": 0.5785169169094413,
        "best_val_f1": 0.5892996060126979,
        "best_epoch": 184,
        "total_epochs_run": 214,
        "training_time_seconds": 4.192731142044067
    },
    "final_test_metrics_on_target_node": {
        "accuracy": 0.7432634730538922,
        "precision": 0.5874937614410128,
        "recall": 0.5914297525130453,
        "f1_score": 0.5892996060126979,
        "confusion_matrix": [
            [
                1811,
                358
            ],
            [
                328,
                175
            ]
        ]
    }
}