{
    "args": {
        "graph_path": "graphs/politifact/7_shot_roberta_mutual_knn_4.pt",
        "model": "GAT",
        "dropout_rate": 0.5,
        "hidden_channels": 128,
        "gat_heads": 8,
        "lr": 0.0001,
        "weight_decay": 0.0001,
        "n_epochs": 300,
        "patience": 30,
        "seed": 42,
        "output_dir": "results"
    },
    "model_name": "GAT_politifact_7_shot_roberta_mutual_knn_4",
    "training_history": {
        "final_train_loss": 0.540922224521637,
        "final_train_acc": 0.8571428571428571,
        "final_val_loss": 0.5683578252792358,
        "final_val_acc": 0.7549019607843137,
        "final_val_f1": 0.6956677407805227,
        "best_val_f1": 0.7262479871175522,
        "best_epoch": 167,
        "total_epochs": 225,
        "training_time_seconds": 3.404162645339966
    },
    "final_test_metrics": {
        "accuracy": 0.7549019607843137,
        "precision": 0.55,
        "recall": 0.7586206896551724,
        "f1_score": 0.6376811594202898,
        "confusion_matrix": [
            [
                55,
                18
            ],
            [
                7,
                22
            ]
        ]
    }
}