{
  "accuracy": 0.7455089820359282,
  "precision": 0.6249946425004087,
  "recall": 0.6577116370472418,
  "f1_score": 0.6346203346203346
}