{
    "args": {
        "graph_path": "graphs/gossipcop/5_shot_roberta_knn_7_smpf10.pt",
        "model": "GAT",
        "dropout_rate": 0.5,
        "hidden_channels": 128,
        "gat_heads": 8,
        "lr": 0.0001,
        "weight_decay": 0.0001,
        "n_epochs": 300,
        "patience": 30,
        "seed": 42,
        "output_dir": "results"
    },
    "model_name": "GAT_gossipcop_5_shot_roberta_knn_7_smpf10",
    "training_history": {
        "final_train_loss": 0.5250803232192993,
        "final_train_acc": 0.7,
        "final_val_loss": 0.5926750302314758,
        "final_val_acc": 0.7630988023952096,
        "final_val_f1": 0.4925643146505907,
        "best_val_f1": 0.5156815542779462,
        "best_epoch": 131,
        "total_epochs": 179,
        "training_time_seconds": 4.3349339962005615
    },
    "final_test_metrics": {
        "accuracy": 0.6646706586826348,
        "precision": 0.5173143554827142,
        "recall": 0.5216419326365459,
        "f1_score": 0.5156815542779462,
        "confusion_matrix": [
            [
                1629,
                540
            ],
            [
                356,
                147
            ]
        ]
    }
}