{
    "args": {
        "graph_path": "graphs/gossipcop/10_shot_roberta_knn_4_smpf10.pt",
        "model": "GAT",
        "dropout_rate": 0.5,
        "hidden_channels": 128,
        "gat_heads": 8,
        "lr": 0.0001,
        "weight_decay": 0.0001,
        "n_epochs": 300,
        "patience": 30,
        "seed": 42,
        "output_dir": "results"
    },
    "model_name": "GAT_gossipcop_10_shot_roberta_knn_4_smpf10",
    "training_history": {
        "final_train_loss": 0.6184462308883667,
        "final_train_acc": 0.6,
        "final_val_loss": 0.5981080532073975,
        "final_val_acc": 0.7619760479041916,
        "final_val_f1": 0.4641711229946524,
        "best_val_f1": 0.4972728509629907,
        "best_epoch": 65,
        "total_epochs": 128,
        "training_time_seconds": 2.371497869491577
    },
    "final_test_metrics": {
        "accuracy": 0.7107035928143712,
        "precision": 0.18457943925233644,
        "recall": 0.15705765407554673,
        "f1_score": 0.16970998925886144,
        "confusion_matrix": [
            [
                1820,
                349
            ],
            [
                424,
                79
            ]
        ]
    }
}