{
    "args": {
        "graph_path": "graphs/gossipcop/3_shot_roberta_knn_8_smpf10.pt",
        "model": "GAT",
        "dropout_rate": 0.5,
        "hidden_channels": 128,
        "gat_heads": 8,
        "lr": 0.0001,
        "weight_decay": 0.0001,
        "n_epochs": 300,
        "patience": 30,
        "seed": 42,
        "output_dir": "results"
    },
    "model_name": "GAT_gossipcop_3_shot_roberta_knn_8_smpf10",
    "training_history": {
        "final_train_loss": 0.6124474406242371,
        "final_train_acc": 0.8333333333333334,
        "final_val_loss": 0.5901608467102051,
        "final_val_acc": 0.8125,
        "final_val_f1": 0.4560488253830229,
        "best_val_f1": 0.45637985463163044,
        "best_epoch": 2,
        "total_epochs": 84,
        "training_time_seconds": 2.640868902206421
    },
    "final_test_metrics": {
        "accuracy": 0.6957335329341318,
        "precision": 0.10858585858585859,
        "recall": 0.08548707753479125,
        "f1_score": 0.09566184649610679,
        "confusion_matrix": [
            [
                1816,
                353
            ],
            [
                460,
                43
            ]
        ]
    }
}