{
    "args": {
        "graph_path": "graphs/politifact/7_shot_combined_knn_8.pt",
        "model": "GAT",
        "dropout_rate": 0.5,
        "hidden_channels": 128,
        "gat_heads": 8,
        "lr": 0.0001,
        "weight_decay": 0.0001,
        "n_epochs": 300,
        "patience": 30,
        "seed": 42,
        "output_dir": "results"
    },
    "model_name": "GAT_politifact_7_shot_combined_knn_8",
    "training_history": {
        "final_train_loss": 0.44663646817207336,
        "final_train_acc": 0.9285714285714286,
        "final_val_loss": 0.5643989443778992,
        "final_val_acc": 0.7647058823529411,
        "final_val_f1": 0.7352941176470589,
        "best_val_f1": 0.7723214285714286,
        "best_epoch": 144,
        "total_epochs": 300,
        "training_time_seconds": 3.9589622020721436
    },
    "final_test_metrics": {
        "accuracy": 0.803921568627451,
        "precision": 0.6285714285714286,
        "recall": 0.7586206896551724,
        "f1_score": 0.6875,
        "confusion_matrix": [
            [
                60,
                13
            ],
            [
                7,
                22
            ]
        ]
    }
}