{
    "args": {
        "graph_path": "graphs/politifact/13_shot_combined_mutual_knn_6_smpf10.pt",
        "model": "GAT",
        "dropout_rate": 0.5,
        "hidden_channels": 128,
        "gat_heads": 8,
        "lr": 0.0001,
        "weight_decay": 0.0001,
        "n_epochs": 300,
        "patience": 30,
        "seed": 42,
        "output_dir": "results"
    },
    "model_name": "GAT_politifact_13_shot_combined_mutual_knn_6_smpf10",
    "training_history": {
        "final_train_loss": 0.5936051607131958,
        "final_train_acc": 0.6923076923076923,
        "final_val_loss": 0.6270632743835449,
        "final_val_acc": 0.7745098039215687,
        "final_val_f1": 0.7359000337723742,
        "best_val_f1": 0.7784749034749034,
        "best_epoch": 46,
        "total_epochs": 110,
        "training_time_seconds": 2.2420363426208496
    },
    "final_test_metrics": {
        "accuracy": 0.8235294117647058,
        "precision": 0.7037037037037037,
        "recall": 0.6551724137931034,
        "f1_score": 0.6785714285714286,
        "confusion_matrix": [
            [
                65,
                8
            ],
            [
                10,
                19
            ]
        ]
    }
}