{
    "args": {
        "graph_path": "graphs/politifact/7_shot_roberta_knn_8_smpf10.pt",
        "model": "GAT",
        "dropout_rate": 0.5,
        "hidden_channels": 128,
        "gat_heads": 8,
        "lr": 0.0001,
        "weight_decay": 0.0001,
        "n_epochs": 300,
        "patience": 30,
        "seed": 42,
        "output_dir": "results"
    },
    "model_name": "GAT_politifact_7_shot_roberta_knn_8_smpf10",
    "training_history": {
        "final_train_loss": 0.4763745367527008,
        "final_train_acc": 0.8571428571428571,
        "final_val_loss": 0.6058892011642456,
        "final_val_acc": 0.6862745098039216,
        "final_val_f1": 0.6644736842105263,
        "best_val_f1": 0.7085714285714286,
        "best_epoch": 132,
        "total_epochs": 162,
        "training_time_seconds": 2.954531669616699
    },
    "final_test_metrics": {
        "accuracy": 0.7843137254901961,
        "precision": 0.6666666666666666,
        "recall": 0.4827586206896552,
        "f1_score": 0.56,
        "confusion_matrix": [
            [
                66,
                7
            ],
            [
                15,
                14
            ]
        ]
    }
}