{
    "args": {
        "graph_path": "graphs/gossipcop/9_shot_distilbert_knn_7_smpf10.pt",
        "model": "GAT",
        "dropout_rate": 0.5,
        "hidden_channels": 128,
        "gat_heads": 8,
        "lr": 0.0001,
        "weight_decay": 0.0001,
        "n_epochs": 300,
        "patience": 30,
        "seed": 42,
        "output_dir": "results"
    },
    "model_name": "GAT_gossipcop_9_shot_distilbert_knn_7_smpf10",
    "training_history": {
        "final_train_loss": 0.46340879797935486,
        "final_train_acc": 0.8333333333333334,
        "final_val_loss": 0.6237218976020813,
        "final_val_acc": 0.6669161676646707,
        "final_val_f1": 0.5536526055074938,
        "best_val_f1": 0.5667881053655559,
        "best_epoch": 46,
        "total_epochs": 76,
        "training_time_seconds": 2.8380391597747803
    },
    "final_test_metrics": {
        "accuracy": 0.7327844311377245,
        "precision": 0.5662098113615188,
        "recall": 0.5674143245643704,
        "f1_score": 0.5667881053655559,
        "confusion_matrix": [
            [
                1806,
                363
            ],
            [
                351,
                152
            ]
        ]
    }
}