{
  "accuracy": 0.8823529411764706,
  "precision": 0.849802371541502,
  "recall": 0.8762399622106755,
  "f1_score": 0.8609722853248523
}