{
    "model": "LSTM_politifact_13_shot_roberta",
    "dataset": "politifact",
    "embedding": "roberta",
    "k_shot": 13,
    "training_time": 0.5551497936248779,
    "best_epoch": 0,
    "final_train_accuracy": 0.5217391304347826,
    "final_train_loss": 0.6889905333518982,
    "final_val_accuracy": 0.3333333333333333,
    "final_val_loss": 0.7020871043205261,
    "final_val_f1": 0.25,
    "test_metrics": {
        "accuracy": 0.7156862745098039,
        "precision": 0.35784313725490197,
        "recall": 0.5,
        "f1_score": 0.41714285714285715,
        "confusion_matrix": [
            [
                73,
                0
            ],
            [
                29,
                0
            ]
        ]
    }
}