{
    "args": {
        "graph_path": "graphs/politifact/3_shot_distilbert_knn_6_smpf10.pt",
        "model": "GAT",
        "dropout_rate": 0.5,
        "hidden_channels": 128,
        "gat_heads": 8,
        "lr": 0.0001,
        "weight_decay": 0.0001,
        "n_epochs": 300,
        "patience": 30,
        "seed": 42,
        "output_dir": "results"
    },
    "model_name": "GAT_politifact_3_shot_distilbert_knn_6_smpf10",
    "training_history": {
        "final_train_loss": 0.19636909663677216,
        "final_train_acc": 1.0,
        "final_val_loss": 0.6212756633758545,
        "final_val_acc": 0.696078431372549,
        "final_val_f1": 0.6766540546068105,
        "best_val_f1": 0.6955223880597015,
        "best_epoch": 36,
        "total_epochs": 80,
        "training_time_seconds": 2.4676215648651123
    },
    "final_test_metrics": {
        "accuracy": 0.7254901960784313,
        "precision": 0.6905237904838064,
        "recall": 0.7250826641473784,
        "f1_score": 0.6955223880597015,
        "confusion_matrix": [
            [
                53,
                20
            ],
            [
                8,
                21
            ]
        ]
    }
}