{
    "args": {
        "graph_path": "graphs_hetero/gossipcop/7_shot_roberta_hetero_dual_knn_sim5_dis5_smpf10_mv3.pt",
        "model": "HAN",
        "target_node_type": "news",
        "dropout_rate": 0.0,
        "hidden_channels": 128,
        "hgt_han_heads": 4,
        "hgt_layers": 1,
        "lr": 0.0001,
        "weight_decay": 0.0001,
        "n_epochs": 300,
        "patience": 30,
        "seed": 42,
        "output_dir_base": "results_hetero"
    },
    "model_name": "HAN_gossipcop_7_shot_roberta_hetero_dual_knn_sim5_dis5_smpf10_mv3",
    "training_history": {
        "final_train_loss": 0.1810232549905777,
        "final_train_acc": 1.0,
        "final_val_loss": 0.5892485976219177,
        "final_val_acc": 0.7080838323353293,
        "final_val_f1": 0.6052045353288296,
        "best_val_f1": 0.6249155155069125,
        "best_epoch": 70,
        "total_epochs_run": 300,
        "training_time_seconds": 10.70922303199768
    },
    "final_test_metrics_on_target_node": {
        "accuracy": 0.7616017964071856,
        "precision": 0.6207500917980172,
        "recall": 0.6302118134897393,
        "f1_score": 0.6249155155069125,
        "confusion_matrix": [
            [
                1824,
                345
            ],
            [
                292,
                211
            ]
        ]
    }
}