{
    "args": {
        "graph_path": "graphs/gossipcop/10_shot_combined_mutual_knn_3_smpf10.pt",
        "model": "GAT",
        "dropout_rate": 0.5,
        "hidden_channels": 128,
        "gat_heads": 8,
        "lr": 0.0001,
        "weight_decay": 0.0001,
        "n_epochs": 300,
        "patience": 30,
        "seed": 42,
        "output_dir": "results"
    },
    "model_name": "GAT_gossipcop_10_shot_combined_mutual_knn_3_smpf10",
    "training_history": {
        "final_train_loss": 0.6346332430839539,
        "final_train_acc": 0.6,
        "final_val_loss": 0.6557711958885193,
        "final_val_acc": 0.7118263473053892,
        "final_val_f1": 0.5673691576836637,
        "best_val_f1": 0.5784620119685601,
        "best_epoch": 69,
        "total_epochs": 157,
        "training_time_seconds": 2.821209669113159
    },
    "final_test_metrics": {
        "accuracy": 0.7559880239520959,
        "precision": 0.32873563218390806,
        "recall": 0.28429423459244535,
        "f1_score": 0.3049040511727079,
        "confusion_matrix": [
            [
                1877,
                292
            ],
            [
                360,
                143
            ]
        ]
    }
}