{
    "args": {
        "graph_path": "graphs/politifact/3_shot_combined_knn_7.pt",
        "model": "GAT",
        "dropout_rate": 0.5,
        "hidden_channels": 128,
        "gat_heads": 8,
        "lr": 0.0001,
        "weight_decay": 0.0001,
        "n_epochs": 300,
        "patience": 30,
        "seed": 42,
        "output_dir": "results"
    },
    "model_name": "GAT_politifact_3_shot_combined_knn_7",
    "training_history": {
        "final_train_loss": 0.5759091377258301,
        "final_train_acc": 0.8333333333333334,
        "final_val_loss": 0.5998002886772156,
        "final_val_acc": 0.7352941176470589,
        "final_val_f1": 0.7083553955310812,
        "best_val_f1": 0.7588652482269503,
        "best_epoch": 88,
        "total_epochs": 134,
        "training_time_seconds": 2.6791601181030273
    },
    "final_test_metrics": {
        "accuracy": 0.7941176470588235,
        "precision": 0.6176470588235294,
        "recall": 0.7241379310344828,
        "f1_score": 0.6666666666666666,
        "confusion_matrix": [
            [
                60,
                13
            ],
            [
                8,
                21
            ]
        ]
    }
}