{
  "accuracy": 0.7215568862275449,
  "precision": 0.5891333296240657,
  "recall": 0.6101271577542582,
  "f1_score": 0.5949162392298557
}