{
    "args": {
        "graph_path": "graphs_hetero/gossipcop/4_shot_roberta_hetero_dual_knn_sim5_dis5_smpf10.pt",
        "model": "HGT",
        "target_node_type": "news",
        "dropout_rate": 0.0,
        "hidden_channels": 128,
        "hgt_han_heads": 4,
        "hgt_layers": 1,
        "lr": 0.0001,
        "weight_decay": 0.0001,
        "n_epochs": 300,
        "patience": 30,
        "seed": 42,
        "output_dir_base": "results_hetero"
    },
    "model_name": "HGT_gossipcop_4_shot_roberta_hetero_dual_knn_sim5_dis5_smpf10",
    "training_history": {
        "final_train_loss": 0.006217870395630598,
        "final_train_acc": 1.0,
        "final_val_loss": 0.5629017949104309,
        "final_val_acc": 0.717814371257485,
        "final_val_f1": 0.6218584994973599,
        "best_val_f1": 0.6354779389766685,
        "best_epoch": 130,
        "total_epochs_run": 179,
        "training_time_seconds": 8.336950063705444
    },
    "final_test_metrics_on_target_node": {
        "accuracy": 0.7440119760479041,
        "precision": 0.6256739184850004,
        "recall": 0.6606071271770024,
        "f1_score": 0.6354779389766685,
        "confusion_matrix": [
            [
                1723,
                446
            ],
            [
                238,
                265
            ]
        ]
    }
}