{
    "args": {
        "graph_path": "graphs/politifact/10_shot_roberta_knn_4_smpf10.pt",
        "model": "GAT",
        "dropout_rate": 0.5,
        "hidden_channels": 128,
        "gat_heads": 8,
        "lr": 0.0001,
        "weight_decay": 0.0001,
        "n_epochs": 300,
        "patience": 30,
        "seed": 42,
        "output_dir": "results"
    },
    "model_name": "GAT_politifact_10_shot_roberta_knn_4_smpf10",
    "training_history": {
        "final_train_loss": 0.5914919972419739,
        "final_train_acc": 0.75,
        "final_val_loss": 0.5820301175117493,
        "final_val_acc": 0.7450980392156863,
        "final_val_f1": 0.6800193050193051,
        "best_val_f1": 0.7200635562617362,
        "best_epoch": 113,
        "total_epochs": 175,
        "training_time_seconds": 2.688042163848877
    },
    "final_test_metrics": {
        "accuracy": 0.8137254901960784,
        "precision": 0.8571428571428571,
        "recall": 0.41379310344827586,
        "f1_score": 0.5581395348837209,
        "confusion_matrix": [
            [
                71,
                2
            ],
            [
                17,
                12
            ]
        ]
    }
}