{
    "args": {
        "graph_path": "graphs_hetero/gossipcop/12_shot_roberta_hetero_dual_knn_sim5_dis5_smpf10.pt",
        "model": "HAN",
        "target_node_type": "news",
        "dropout_rate": 0.0,
        "hidden_channels": 128,
        "hgt_han_heads": 4,
        "hgt_layers": 1,
        "lr": 0.0001,
        "weight_decay": 0.0001,
        "n_epochs": 300,
        "patience": 30,
        "seed": 42,
        "output_dir_base": "results_hetero"
    },
    "model_name": "HAN_gossipcop_12_shot_roberta_hetero_dual_knn_sim5_dis5_smpf10",
    "training_history": {
        "final_train_loss": 0.23341231048107147,
        "final_train_acc": 1.0,
        "final_val_loss": 0.5811047554016113,
        "final_val_acc": 0.7047155688622755,
        "final_val_f1": 0.5962338540598339,
        "best_val_f1": 0.6087540277048183,
        "best_epoch": 150,
        "total_epochs_run": 300,
        "training_time_seconds": 7.802958011627197
    },
    "final_test_metrics_on_target_node": {
        "accuracy": 0.7350299401197605,
        "precision": 0.602002324289279,
        "recall": 0.6230070017882562,
        "f1_score": 0.6087540277048183,
        "confusion_matrix": [
            [
                1741,
                428
            ],
            [
                280,
                223
            ]
        ]
    }
}