{
    "args": {
        "graph_path": "graphs_hetero/gossipcop/8_shot_roberta_hetero_knn_5_mv0.pt",
        "model": "HGT",
        "target_node_type": "news",
        "dropout_rate": 0.0,
        "hidden_channels": 128,
        "hgt_han_heads": 4,
        "hgt_layers": 1,
        "sage_layers": 2,
        "gatv2_layers": 2,
        "lr": 0.0001,
        "weight_decay": 0.0001,
        "n_epochs": 300,
        "patience": 30,
        "seed": 42,
        "output_dir_base": "results_hetero"
    },
    "model_name": "HGT_gossipcop_8_shot_roberta_hetero_knn_5_mv0",
    "training_history": {
        "final_train_loss": 0.010632590390741825,
        "final_train_acc": 1.0,
        "final_val_loss": 0.7350417375564575,
        "final_val_acc": 0.6931137724550899,
        "final_val_f1": 0.5728017532161143,
        "best_val_f1": 0.5843737178971896,
        "best_epoch": 78,
        "total_epochs_run": 108,
        "training_time_seconds": 12.284441471099854
    },
    "final_test_metrics_on_target_node": {
        "accuracy": 0.7211826347305389,
        "precision": 0.5797268660958099,
        "recall": 0.5946263406192628,
        "f1_score": 0.5843737178971896,
        "confusion_matrix": [
            [
                1730,
                439
            ],
            [
                306,
                197
            ]
        ]
    }
}