{
    "args": {
        "graph_path": "graphs_hetero/gossipcop/10_shot_roberta_hetero_knn_5_psl10.pt",
        "model": "HGT",
        "target_node_type": "news",
        "dropout_rate": 0.0,
        "hidden_channels": 128,
        "hgt_han_heads": 4,
        "hgt_layers": 1,
        "lr": 0.0001,
        "weight_decay": 0.0001,
        "n_epochs": 300,
        "patience": 30,
        "seed": 42,
        "output_dir_base": "results_hetero"
    },
    "model_name": "HGT_gossipcop_10_shot_roberta_hetero_knn_5_psl10",
    "training_history": {
        "final_train_loss": 0.004381970968097448,
        "final_train_acc": 1.0,
        "final_val_loss": 0.7047175765037537,
        "final_val_acc": 0.7297904191616766,
        "final_val_f1": 0.5989979438392918,
        "best_val_f1": 0.6020189578535854,
        "best_epoch": 146,
        "total_epochs_run": 176,
        "training_time_seconds": 6.967311143875122
    },
    "final_test_metrics_on_target_node": {
        "accuracy": 0.7335329341317365,
        "precision": 0.5960980470090734,
        "recall": 0.6136862549919478,
        "f1_score": 0.6020189578535854,
        "confusion_matrix": [
            [
                1748,
                421
            ],
            [
                291,
                212
            ]
        ]
    }
}