{
    "args": {
        "graph_path": "graphs/politifact/6_shot_roberta_mutual_knn_8_smpf10.pt",
        "model": "GAT",
        "dropout_rate": 0.5,
        "hidden_channels": 128,
        "gat_heads": 8,
        "lr": 0.0001,
        "weight_decay": 0.0001,
        "n_epochs": 300,
        "patience": 30,
        "seed": 42,
        "output_dir": "results"
    },
    "model_name": "GAT_politifact_6_shot_roberta_mutual_knn_8_smpf10",
    "training_history": {
        "final_train_loss": 0.5648842453956604,
        "final_train_acc": 0.75,
        "final_val_loss": 0.6017994284629822,
        "final_val_acc": 0.6666666666666666,
        "final_val_f1": 0.630277185501066,
        "best_val_f1": 0.7137278828553997,
        "best_epoch": 137,
        "total_epochs": 173,
        "training_time_seconds": 2.9152884483337402
    },
    "final_test_metrics": {
        "accuracy": 0.7745098039215687,
        "precision": 0.6153846153846154,
        "recall": 0.5517241379310345,
        "f1_score": 0.5818181818181818,
        "confusion_matrix": [
            [
                63,
                10
            ],
            [
                13,
                16
            ]
        ]
    }
}