{
    "model": "MLP_politifact_bert_11_shot",
    "dataset": "politifact",
    "embedding": "bert",
    "k_shot": 11,
    "training_time": 0.578193187713623,
    "best_epoch": 3,
    "final_train_accuracy": 1.0,
    "final_train_loss": 0.1644815355539322,
    "final_val_accuracy": 1.0,
    "final_val_loss": 0.3328053057193756,
    "final_val_f1": 1.0,
    "test_metrics": {
        "accuracy": 0.6078431372549019,
        "precision": 0.6806652806652806,
        "recall": 0.7052432687765706,
        "f1_score": 0.6054158607350097,
        "confusion_matrix": [
            [
                35,
                38
            ],
            [
                2,
                27
            ]
        ]
    }
}