{
    "args": {
        "graph_path": "graphs_hetero/gossipcop/9_shot_roberta_hetero_knn_5_smpf10.pt",
        "model": "HAN",
        "target_node_type": "news",
        "dropout_rate": 0.0,
        "hidden_channels": 128,
        "hgt_han_heads": 4,
        "hgt_layers": 1,
        "lr": 0.0001,
        "weight_decay": 0.0001,
        "n_epochs": 300,
        "patience": 30,
        "seed": 42,
        "output_dir_base": "results_hetero"
    },
    "model_name": "HAN_gossipcop_9_shot_roberta_hetero_knn_5_smpf10",
    "training_history": {
        "final_train_loss": 0.20333772897720337,
        "final_train_acc": 1.0,
        "final_val_loss": 0.5752390623092651,
        "final_val_acc": 0.7290419161676647,
        "final_val_f1": 0.6067620099994226,
        "best_val_f1": 0.6176359453038778,
        "best_epoch": 81,
        "total_epochs_run": 300,
        "training_time_seconds": 4.821683883666992
    },
    "final_test_metrics_on_target_node": {
        "accuracy": 0.7709580838323353,
        "precision": 0.620206969336638,
        "recall": 0.6153599381122211,
        "f1_score": 0.6176359453038778,
        "confusion_matrix": [
            [
                1876,
                293
            ],
            [
                319,
                184
            ]
        ]
    }
}