{
  "accuracy": 0.6519461077844312,
  "precision": 0.5699522767232409,
  "recall": 0.6054259963501609,
  "f1_score": 0.5625316883555855
}