{
    "args": {
        "graph_path": "graphs/politifact/13_shot_combined_knn_7.pt",
        "model": "GAT",
        "dropout_rate": 0.5,
        "hidden_channels": 128,
        "gat_heads": 8,
        "lr": 0.0001,
        "weight_decay": 0.0001,
        "n_epochs": 300,
        "patience": 30,
        "seed": 42,
        "output_dir": "results"
    },
    "model_name": "GAT_politifact_13_shot_combined_knn_7",
    "training_history": {
        "final_train_loss": 0.4343529939651489,
        "final_train_acc": 0.8461538461538461,
        "final_val_loss": 0.5217464566230774,
        "final_val_acc": 0.8529411764705882,
        "final_val_f1": 0.8174006444683136,
        "best_val_f1": 0.8277027027027026,
        "best_epoch": 280,
        "total_epochs": 300,
        "training_time_seconds": 4.391082763671875
    },
    "final_test_metrics": {
        "accuracy": 0.8627450980392157,
        "precision": 0.7777777777777778,
        "recall": 0.7241379310344828,
        "f1_score": 0.75,
        "confusion_matrix": [
            [
                67,
                6
            ],
            [
                8,
                21
            ]
        ]
    }
}