{
    "model": "MLP_gossipcop_9_shot_bert",
    "dataset": "gossipcop",
    "embedding": "bert",
    "k_shot": 9,
    "training_time": 0.3715221881866455,
    "best_epoch": 3,
    "final_train_accuracy": 1.0,
    "final_train_loss": 0.22895170748233795,
    "final_val_accuracy": 0.5,
    "final_val_loss": 0.6996208429336548,
    "final_val_f1": 0.3333333333333333,
    "test_metrics": {
        "accuracy": 0.2780688622754491,
        "precision": 0.5686016549321333,
        "recall": 0.5415817680363187,
        "f1_score": 0.27282054103699815,
        "confusion_matrix": [
            [
                258,
                1911
            ],
            [
                18,
                485
            ]
        ]
    }
}