{
    "args": {
        "graph_path": "graphs_hetero/gossipcop/14_shot_bert_hetero_knn_5_smpf10.pt",
        "model": "HGT",
        "target_node_type": "news",
        "dropout_rate": 0.0,
        "hidden_channels": 128,
        "hgt_han_heads": 4,
        "hgt_layers": 1,
        "lr": 0.0001,
        "weight_decay": 0.0001,
        "n_epochs": 300,
        "patience": 30,
        "seed": 42,
        "output_dir_base": "results_hetero"
    },
    "model_name": "HGT_gossipcop_14_shot_bert_hetero_knn_5_smpf10",
    "training_history": {
        "final_train_loss": 0.0033772357273846865,
        "final_train_acc": 1.0,
        "final_val_loss": 1.854059100151062,
        "final_val_acc": 0.6126497005988024,
        "final_val_f1": 0.5213454500453901,
        "best_val_f1": 0.5227222736001822,
        "best_epoch": 125,
        "total_epochs_run": 155,
        "training_time_seconds": 6.098578453063965
    },
    "final_test_metrics_on_target_node": {
        "accuracy": 0.6119011976047904,
        "precision": 0.5390307706583108,
        "recall": 0.5601453519546621,
        "f1_score": 0.5227222736001822,
        "confusion_matrix": [
            [
                1395,
                774
            ],
            [
                263,
                240
            ]
        ]
    }
}