{
    "args": {
        "graph_path": "graphs/politifact/9_shot_roberta_knn_5_smpf10.pt",
        "model": "GAT",
        "dropout_rate": 0.5,
        "hidden_channels": 128,
        "gat_heads": 8,
        "lr": 0.0001,
        "weight_decay": 0.0001,
        "n_epochs": 300,
        "patience": 30,
        "seed": 42,
        "output_dir": "results"
    },
    "model_name": "GAT_politifact_9_shot_roberta_knn_5_smpf10",
    "training_history": {
        "final_train_loss": 0.3282533288002014,
        "final_train_acc": 0.9444444444444444,
        "final_val_loss": 0.5354536771774292,
        "final_val_acc": 0.7058823529411765,
        "final_val_f1": 0.681912681912682,
        "best_val_f1": 0.7221919599084867,
        "best_epoch": 155,
        "total_epochs": 227,
        "training_time_seconds": 6.0783185958862305
    },
    "final_test_metrics": {
        "accuracy": 0.7549019607843137,
        "precision": 0.7138157894736843,
        "recall": 0.7456306093528577,
        "f1_score": 0.7221919599084867,
        "confusion_matrix": [
            [
                56,
                17
            ],
            [
                8,
                21
            ]
        ]
    }
}