{
    "args": {
        "graph_path": "graphs/politifact/6_shot_roberta_knn_7_smpf10.pt",
        "model": "GAT",
        "dropout_rate": 0.5,
        "hidden_channels": 128,
        "gat_heads": 8,
        "lr": 0.0001,
        "weight_decay": 0.0001,
        "n_epochs": 300,
        "patience": 30,
        "seed": 42,
        "output_dir": "results"
    },
    "model_name": "GAT_politifact_6_shot_roberta_knn_7_smpf10",
    "training_history": {
        "final_train_loss": 0.29892173409461975,
        "final_train_acc": 0.9166666666666666,
        "final_val_loss": 0.5816031694412231,
        "final_val_acc": 0.7156862745098039,
        "final_val_f1": 0.697515083341855,
        "best_val_f1": 0.7094017094017094,
        "best_epoch": 288,
        "total_epochs": 300,
        "training_time_seconds": 4.515036106109619
    },
    "final_test_metrics": {
        "accuracy": 0.7254901960784313,
        "precision": 0.5102040816326531,
        "recall": 0.8620689655172413,
        "f1_score": 0.6410256410256411,
        "confusion_matrix": [
            [
                49,
                24
            ],
            [
                4,
                25
            ]
        ]
    }
}