{
    "args": {
        "graph_path": "graphs/politifact/10_shot_combined_knn_7_smpf10.pt",
        "model": "GAT",
        "dropout_rate": 0.5,
        "hidden_channels": 128,
        "gat_heads": 8,
        "lr": 0.0001,
        "weight_decay": 0.0001,
        "n_epochs": 300,
        "patience": 30,
        "seed": 42,
        "output_dir": "results"
    },
    "model_name": "GAT_politifact_10_shot_combined_knn_7_smpf10",
    "training_history": {
        "final_train_loss": 0.40278154611587524,
        "final_train_acc": 1.0,
        "final_val_loss": 0.504972517490387,
        "final_val_acc": 0.8137254901960784,
        "final_val_f1": 0.7635143380109823,
        "best_val_f1": 0.7914584279872785,
        "best_epoch": 284,
        "total_epochs": 300,
        "training_time_seconds": 4.45523738861084
    },
    "final_test_metrics": {
        "accuracy": 0.8235294117647058,
        "precision": 0.6666666666666666,
        "recall": 0.7586206896551724,
        "f1_score": 0.7096774193548387,
        "confusion_matrix": [
            [
                62,
                11
            ],
            [
                7,
                22
            ]
        ]
    }
}