{
    "args": {
        "graph_path": "graphs_hetero/gossipcop/5_shot_roberta_hetero_dual_knn_sim5_dis5_psl10.pt",
        "model": "HGT",
        "target_node_type": "news",
        "dropout_rate": 0.0,
        "hidden_channels": 128,
        "hgt_han_heads": 4,
        "hgt_layers": 1,
        "lr": 0.0001,
        "weight_decay": 0.0001,
        "n_epochs": 300,
        "patience": 30,
        "seed": 42,
        "output_dir_base": "results_hetero"
    },
    "model_name": "HGT_gossipcop_5_shot_roberta_hetero_dual_knn_sim5_dis5_psl10",
    "training_history": {
        "final_train_loss": 0.002900713821873069,
        "final_train_acc": 1.0,
        "final_val_loss": 0.6707351207733154,
        "final_val_acc": 0.6766467065868264,
        "final_val_f1": 0.5787703625853915,
        "best_val_f1": 0.5875310950787506,
        "best_epoch": 143,
        "total_epochs_run": 173,
        "training_time_seconds": 7.217787981033325
    },
    "final_test_metrics_on_target_node": {
        "accuracy": 0.6904940119760479,
        "precision": 0.585413062368386,
        "recall": 0.6200074793287302,
        "f1_score": 0.5875310950787506,
        "confusion_matrix": [
            [
                1590,
                579
            ],
            [
                248,
                255
            ]
        ]
    }
}