{
    "args": {
        "graph_path": "graphs/politifact/12_shot_roberta_mutual_knn_4.pt",
        "model": "GAT",
        "dropout_rate": 0.5,
        "hidden_channels": 128,
        "gat_heads": 8,
        "lr": 0.0001,
        "weight_decay": 0.0001,
        "n_epochs": 300,
        "patience": 30,
        "seed": 42,
        "output_dir": "results"
    },
    "model_name": "GAT_politifact_12_shot_roberta_mutual_knn_4",
    "training_history": {
        "final_train_loss": 0.7350106835365295,
        "final_train_acc": 0.5416666666666666,
        "final_val_loss": 0.6757325530052185,
        "final_val_acc": 0.5294117647058824,
        "final_val_f1": 0.5264990328820116,
        "best_val_f1": 0.6522727272727272,
        "best_epoch": 23,
        "total_epochs": 53,
        "training_time_seconds": 1.5725555419921875
    },
    "final_test_metrics": {
        "accuracy": 0.7647058823529411,
        "precision": 0.6666666666666666,
        "recall": 0.3448275862068966,
        "f1_score": 0.45454545454545453,
        "confusion_matrix": [
            [
                68,
                5
            ],
            [
                19,
                10
            ]
        ]
    }
}