{
  "accuracy": 0.6972305389221557,
  "precision": 0.6028003246753246,
  "recall": 0.6485893307742296,
  "f1_score": 0.6053992077126531
}