{
    "args": {
        "graph_path": "graphs_hetero/gossipcop/14_shot_roberta_hetero_dual_knn_sim5_dis5_smpf10.pt",
        "model": "HGT",
        "target_node_type": "news",
        "dropout_rate": 0.0,
        "hidden_channels": 128,
        "hgt_han_heads": 4,
        "hgt_layers": 1,
        "lr": 0.0001,
        "weight_decay": 0.0001,
        "n_epochs": 300,
        "patience": 30,
        "seed": 42,
        "output_dir_base": "results_hetero"
    },
    "model_name": "HGT_gossipcop_14_shot_roberta_hetero_dual_knn_sim5_dis5_smpf10",
    "training_history": {
        "final_train_loss": 0.008490236476063728,
        "final_train_acc": 1.0,
        "final_val_loss": 0.7399112582206726,
        "final_val_acc": 0.687874251497006,
        "final_val_f1": 0.5871091295016068,
        "best_val_f1": 0.5920370664146317,
        "best_epoch": 164,
        "total_epochs_run": 194,
        "training_time_seconds": 9.97767162322998
    },
    "final_test_metrics_on_target_node": {
        "accuracy": 0.6931137724550899,
        "precision": 0.5895303100943048,
        "recall": 0.6262022150178688,
        "f1_score": 0.5920370664146317,
        "confusion_matrix": [
            [
                1591,
                578
            ],
            [
                242,
                261
            ]
        ]
    }
}