{
    "args": {
        "graph_path": "graphs/gossipcop/8_shot_roberta_knn_4_smpf10.pt",
        "model": "GAT",
        "dropout_rate": 0.5,
        "hidden_channels": 128,
        "gat_heads": 8,
        "lr": 0.0001,
        "weight_decay": 0.0001,
        "n_epochs": 300,
        "patience": 30,
        "seed": 42,
        "output_dir": "results"
    },
    "model_name": "GAT_gossipcop_8_shot_roberta_knn_4_smpf10",
    "training_history": {
        "final_train_loss": 0.6456272006034851,
        "final_train_acc": 0.625,
        "final_val_loss": 0.6008818745613098,
        "final_val_acc": 0.7679640718562875,
        "final_val_f1": 0.4668932138811657,
        "best_val_f1": 0.5215018461197949,
        "best_epoch": 56,
        "total_epochs": 124,
        "training_time_seconds": 2.3694307804107666
    },
    "final_test_metrics": {
        "accuracy": 0.7002245508982036,
        "precision": 0.22201492537313433,
        "recall": 0.23658051689860835,
        "f1_score": 0.22906641000962463,
        "confusion_matrix": [
            [
                1752,
                417
            ],
            [
                384,
                119
            ]
        ]
    }
}