{
    "args": {
        "graph_path": "graphs/politifact/3_shot_roberta_knn_6_psl10.pt",
        "model": "GAT",
        "dropout_rate": 0.5,
        "hidden_channels": 128,
        "gat_heads": 8,
        "lr": 0.0001,
        "weight_decay": 0.0001,
        "n_epochs": 300,
        "patience": 30,
        "seed": 42,
        "output_dir": "results"
    },
    "model_name": "GAT_politifact_3_shot_roberta_knn_6_psl10",
    "training_history": {
        "final_train_loss": 0.3440874516963959,
        "final_train_acc": 1.0,
        "final_val_loss": 0.5681194067001343,
        "final_val_acc": 0.7156862745098039,
        "final_val_f1": 0.6867520914963465,
        "best_val_f1": 0.7043478260869566,
        "best_epoch": 126,
        "total_epochs": 214,
        "training_time_seconds": 3.739757537841797
    },
    "final_test_metrics": {
        "accuracy": 0.7352941176470589,
        "precision": 0.697983870967742,
        "recall": 0.7319319792158715,
        "f1_score": 0.7043478260869566,
        "confusion_matrix": [
            [
                54,
                19
            ],
            [
                8,
                21
            ]
        ]
    }
}