{
  "accuracy": 0.8725490196078431,
  "precision": 0.8416666666666667,
  "recall": 0.848606518658479,
  "f1_score": 0.8450029222676798
}