{
    "args": {
        "graph_path": "graphs/politifact/9_shot_combined_mutual_knn_6_smpf10.pt",
        "model": "GAT",
        "dropout_rate": 0.5,
        "hidden_channels": 128,
        "gat_heads": 8,
        "lr": 0.0001,
        "weight_decay": 0.0001,
        "n_epochs": 300,
        "patience": 30,
        "seed": 42,
        "output_dir": "results"
    },
    "model_name": "GAT_politifact_9_shot_combined_mutual_knn_6_smpf10",
    "training_history": {
        "final_train_loss": 0.4950200617313385,
        "final_train_acc": 0.8888888888888888,
        "final_val_loss": 0.6158579587936401,
        "final_val_acc": 0.7843137254901961,
        "final_val_f1": 0.7536231884057971,
        "best_val_f1": 0.7734658094681472,
        "best_epoch": 97,
        "total_epochs": 143,
        "training_time_seconds": 2.500192642211914
    },
    "final_test_metrics": {
        "accuracy": 0.8137254901960784,
        "precision": 0.6666666666666666,
        "recall": 0.6896551724137931,
        "f1_score": 0.6779661016949152,
        "confusion_matrix": [
            [
                63,
                10
            ],
            [
                9,
                20
            ]
        ]
    }
}