{
    "args": {
        "graph_path": "graphs/gossipcop/15_shot_distilbert_knn_6_smpf10.pt",
        "model": "GAT",
        "dropout_rate": 0.5,
        "hidden_channels": 128,
        "gat_heads": 8,
        "lr": 0.0001,
        "weight_decay": 0.0001,
        "n_epochs": 300,
        "patience": 30,
        "seed": 42,
        "output_dir": "results"
    },
    "model_name": "GAT_gossipcop_15_shot_distilbert_knn_6_smpf10",
    "training_history": {
        "final_train_loss": 0.19626173377037048,
        "final_train_acc": 1.0,
        "final_val_loss": 0.8009040355682373,
        "final_val_acc": 0.6235029940119761,
        "final_val_f1": 0.5515973819470719,
        "best_val_f1": 0.5584232654328678,
        "best_epoch": 169,
        "total_epochs": 199,
        "training_time_seconds": 9.797861576080322
    },
    "final_test_metrics": {
        "accuracy": 0.6380988023952096,
        "precision": 0.5712697468016616,
        "recall": 0.6106399867278578,
        "f1_score": 0.5584232654328678,
        "confusion_matrix": [
            [
                1420,
                749
            ],
            [
                218,
                285
            ]
        ]
    }
}