{
    "args": {
        "graph_path": "graphs/gossipcop/6_shot_distilbert_knn_6_smpf10.pt",
        "model": "GAT",
        "dropout_rate": 0.5,
        "hidden_channels": 128,
        "gat_heads": 8,
        "lr": 0.0001,
        "weight_decay": 0.0001,
        "n_epochs": 300,
        "patience": 30,
        "seed": 42,
        "output_dir": "results"
    },
    "model_name": "GAT_gossipcop_6_shot_distilbert_knn_6_smpf10",
    "training_history": {
        "final_train_loss": 0.41113054752349854,
        "final_train_acc": 1.0,
        "final_val_loss": 0.6178625822067261,
        "final_val_acc": 0.6429640718562875,
        "final_val_f1": 0.5344543057746128,
        "best_val_f1": 0.5635641096882288,
        "best_epoch": 23,
        "total_epochs": 59,
        "training_time_seconds": 3.675665855407715
    },
    "final_test_metrics": {
        "accuracy": 0.7458832335329342,
        "precision": 0.5674928474321774,
        "recall": 0.5609757774239762,
        "f1_score": 0.5635641096882288,
        "confusion_matrix": [
            [
                1860,
                309
            ],
            [
                370,
                133
            ]
        ]
    }
}