{
    "args": {
        "graph_path": "graphs/politifact/13_shot_distilbert_knn_6_smpf10.pt",
        "model": "GAT",
        "dropout_rate": 0.5,
        "hidden_channels": 128,
        "gat_heads": 8,
        "lr": 0.0001,
        "weight_decay": 0.0001,
        "n_epochs": 300,
        "patience": 30,
        "seed": 42,
        "output_dir": "results"
    },
    "model_name": "GAT_politifact_13_shot_distilbert_knn_6_smpf10",
    "training_history": {
        "final_train_loss": 0.45070046186447144,
        "final_train_acc": 0.8846153846153846,
        "final_val_loss": 0.6952128410339355,
        "final_val_acc": 0.6764705882352942,
        "final_val_f1": 0.655793025871766,
        "best_val_f1": 0.7094017094017094,
        "best_epoch": 59,
        "total_epochs": 125,
        "training_time_seconds": 3.5545876026153564
    },
    "final_test_metrics": {
        "accuracy": 0.7254901960784313,
        "precision": 0.7173661917597227,
        "recall": 0.7666509211147851,
        "f1_score": 0.7094017094017094,
        "confusion_matrix": [
            [
                49,
                24
            ],
            [
                4,
                25
            ]
        ]
    }
}