{
  "accuracy": 0.7780688622754491,
  "precision": 0.6460539567247535,
  "recall": 0.6579155770769574,
  "f1_score": 0.6513194768876713
}