{
    "args": {
        "graph_path": "graphs/politifact/5_shot_roberta_knn_8_smpf10.pt",
        "model": "GAT",
        "dropout_rate": 0.5,
        "hidden_channels": 128,
        "gat_heads": 8,
        "lr": 0.0001,
        "weight_decay": 0.0001,
        "n_epochs": 300,
        "patience": 30,
        "seed": 42,
        "output_dir": "results"
    },
    "model_name": "GAT_politifact_5_shot_roberta_knn_8_smpf10",
    "training_history": {
        "final_train_loss": 0.4104148745536804,
        "final_train_acc": 0.9,
        "final_val_loss": 0.5790256261825562,
        "final_val_acc": 0.7058823529411765,
        "final_val_f1": 0.6886446886446886,
        "best_val_f1": 0.7046332046332047,
        "best_epoch": 69,
        "total_epochs": 170,
        "training_time_seconds": 6.314176082611084
    },
    "final_test_metrics": {
        "accuracy": 0.7647058823529411,
        "precision": 0.7096296296296296,
        "recall": 0.7005196032120926,
        "f1_score": 0.7046332046332047,
        "confusion_matrix": [
            [
                62,
                11
            ],
            [
                13,
                16
            ]
        ]
    }
}