{
    "args": {
        "graph_path": "graphs/politifact/6_shot_distilbert_knn_6_smpf10.pt",
        "model": "GAT",
        "dropout_rate": 0.5,
        "hidden_channels": 128,
        "gat_heads": 8,
        "lr": 0.0001,
        "weight_decay": 0.0001,
        "n_epochs": 300,
        "patience": 30,
        "seed": 42,
        "output_dir": "results"
    },
    "model_name": "GAT_politifact_6_shot_distilbert_knn_6_smpf10",
    "training_history": {
        "final_train_loss": 0.3473685681819916,
        "final_train_acc": 0.9166666666666666,
        "final_val_loss": 0.6916754245758057,
        "final_val_acc": 0.5980392156862745,
        "final_val_f1": 0.5865546218487395,
        "best_val_f1": 0.6627302786962683,
        "best_epoch": 10,
        "total_epochs": 40,
        "training_time_seconds": 2.034358024597168
    },
    "final_test_metrics": {
        "accuracy": 0.7254901960784313,
        "precision": 0.6627302786962683,
        "recall": 0.6627302786962683,
        "f1_score": 0.6627302786962683,
        "confusion_matrix": [
            [
                59,
                14
            ],
            [
                14,
                15
            ]
        ]
    }
}