{
  "accuracy": 0.6523203592814372,
  "precision": 0.5692510070125133,
  "recall": 0.6041294877118112,
  "f1_score": 0.5620688347213364
}