{
    "args": {
        "graph_path": "graphs_hetero/politifact/16_shot_bigbird_hetero_knn_5_smpf10.pt",
        "model": "HAN",
        "target_node_type": "news",
        "dropout_rate": 0.0,
        "hidden_channels": 128,
        "hgt_han_heads": 4,
        "hgt_layers": 1,
        "lr": 0.0001,
        "weight_decay": 0.0001,
        "n_epochs": 300,
        "patience": 30,
        "seed": 42,
        "output_dir_base": "results_hetero"
    },
    "model_name": "HAN_politifact_16_shot_bigbird_hetero_knn_5_smpf10",
    "training_history": {
        "final_train_loss": 0.31991538405418396,
        "final_train_acc": 0.90625,
        "final_val_loss": 0.6014888882637024,
        "final_val_acc": 0.6372549019607843,
        "final_val_f1": 0.6178227848101265,
        "best_val_f1": 0.6555180302865236,
        "best_epoch": 4,
        "total_epochs_run": 163,
        "training_time_seconds": 3.709259033203125
    },
    "final_test_metrics_on_target_node": {
        "accuracy": 0.696078431372549,
        "precision": 0.6509046052631579,
        "recall": 0.673358526216344,
        "f1_score": 0.6555180302865236,
        "confusion_matrix": [
            [
                53,
                20
            ],
            [
                11,
                18
            ]
        ]
    }
}