{
    "args": {
        "graph_path": "graphs/politifact/14_shot_combined_knn_5.pt",
        "model": "GAT",
        "dropout_rate": 0.5,
        "hidden_channels": 128,
        "gat_heads": 8,
        "lr": 0.0001,
        "weight_decay": 0.0001,
        "n_epochs": 300,
        "patience": 30,
        "seed": 42,
        "output_dir": "results"
    },
    "model_name": "GAT_politifact_14_shot_combined_knn_5",
    "training_history": {
        "final_train_loss": 0.4330615997314453,
        "final_train_acc": 0.9642857142857143,
        "final_val_loss": 0.5385591387748718,
        "final_val_acc": 0.7843137254901961,
        "final_val_f1": 0.745115856428896,
        "best_val_f1": 0.7635143380109823,
        "best_epoch": 284,
        "total_epochs": 300,
        "training_time_seconds": 4.222882032394409
    },
    "final_test_metrics": {
        "accuracy": 0.8137254901960784,
        "precision": 0.6923076923076923,
        "recall": 0.6206896551724138,
        "f1_score": 0.6545454545454545,
        "confusion_matrix": [
            [
                65,
                8
            ],
            [
                11,
                18
            ]
        ]
    }
}