{
    "args": {
        "graph_path": "graphs/politifact/3_shot_roberta_knn_5_smpf10.pt",
        "model": "GAT",
        "dropout_rate": 0.5,
        "hidden_channels": 128,
        "gat_heads": 8,
        "lr": 0.0001,
        "weight_decay": 0.0001,
        "n_epochs": 300,
        "patience": 30,
        "seed": 42,
        "output_dir": "results"
    },
    "model_name": "GAT_politifact_3_shot_roberta_knn_5_smpf10",
    "training_history": {
        "final_train_loss": 0.2915482223033905,
        "final_train_acc": 1.0,
        "final_val_loss": 0.5545411109924316,
        "final_val_acc": 0.696078431372549,
        "final_val_f1": 0.6605475040257649,
        "best_val_f1": 0.6640316205533596,
        "best_epoch": 127,
        "total_epochs": 215,
        "training_time_seconds": 5.896509647369385
    },
    "final_test_metrics": {
        "accuracy": 0.7058823529411765,
        "precision": 0.6586278586278587,
        "recall": 0.680207841284837,
        "f1_score": 0.6640316205533596,
        "confusion_matrix": [
            [
                54,
                19
            ],
            [
                11,
                18
            ]
        ]
    }
}