{
    "args": {
        "graph_path": "graphs/gossipcop/13_shot_combined_mutual_knn_6_smpf10.pt",
        "model": "GAT",
        "dropout_rate": 0.5,
        "hidden_channels": 128,
        "gat_heads": 8,
        "lr": 0.0001,
        "weight_decay": 0.0001,
        "n_epochs": 300,
        "patience": 30,
        "seed": 42,
        "output_dir": "results"
    },
    "model_name": "GAT_gossipcop_13_shot_combined_mutual_knn_6_smpf10",
    "training_history": {
        "final_train_loss": 0.6807758808135986,
        "final_train_acc": 0.5,
        "final_val_loss": 0.6977368593215942,
        "final_val_acc": 0.4940119760479042,
        "final_val_f1": 0.45984688995215317,
        "best_val_f1": 0.5301534820321545,
        "best_epoch": 77,
        "total_epochs": 107,
        "training_time_seconds": 2.1567580699920654
    },
    "final_test_metrics": {
        "accuracy": 0.6923652694610778,
        "precision": 0.2337228714524207,
        "recall": 0.2783300198807157,
        "f1_score": 0.2540834845735027,
        "confusion_matrix": [
            [
                1710,
                459
            ],
            [
                363,
                140
            ]
        ]
    }
}