{
    "args": {
        "graph_path": "graphs/politifact/4_shot_roberta_mutual_knn_7.pt",
        "model": "GAT",
        "dropout_rate": 0.5,
        "hidden_channels": 128,
        "gat_heads": 8,
        "lr": 0.0001,
        "weight_decay": 0.0001,
        "n_epochs": 300,
        "patience": 30,
        "seed": 42,
        "output_dir": "results"
    },
    "model_name": "GAT_politifact_4_shot_roberta_mutual_knn_7",
    "training_history": {
        "final_train_loss": 0.3129867911338806,
        "final_train_acc": 0.875,
        "final_val_loss": 0.5446469187736511,
        "final_val_acc": 0.7254901960784313,
        "final_val_f1": 0.68125,
        "best_val_f1": 0.6999673167011657,
        "best_epoch": 111,
        "total_epochs": 205,
        "training_time_seconds": 2.973092555999756
    },
    "final_test_metrics": {
        "accuracy": 0.7352941176470589,
        "precision": 0.5263157894736842,
        "recall": 0.6896551724137931,
        "f1_score": 0.5970149253731343,
        "confusion_matrix": [
            [
                55,
                18
            ],
            [
                9,
                20
            ]
        ]
    }
}