{
    "args": {
        "graph_path": "graphs_hetero/gossipcop/4_shot_roberta_hetero_knn_5_smpf10.pt",
        "model": "HAN",
        "target_node_type": "news",
        "dropout_rate": 0.0,
        "hidden_channels": 128,
        "hgt_han_heads": 4,
        "hgt_layers": 1,
        "lr": 0.0001,
        "weight_decay": 0.0001,
        "n_epochs": 300,
        "patience": 30,
        "seed": 42,
        "output_dir_base": "results_hetero"
    },
    "model_name": "HAN_gossipcop_4_shot_roberta_hetero_knn_5_smpf10",
    "training_history": {
        "final_train_loss": 0.17066039144992828,
        "final_train_acc": 1.0,
        "final_val_loss": 0.5976911187171936,
        "final_val_acc": 0.7350299401197605,
        "final_val_f1": 0.6303319980459208,
        "best_val_f1": 0.6371058801370033,
        "best_epoch": 95,
        "total_epochs_run": 300,
        "training_time_seconds": 6.1816489696502686
    },
    "final_test_metrics_on_target_node": {
        "accuracy": 0.7949101796407185,
        "precision": 0.6512770446545281,
        "recall": 0.6278227362427555,
        "f1_score": 0.6371058801370033,
        "confusion_matrix": [
            [
                1943,
                226
            ],
            [
                322,
                181
            ]
        ]
    }
}