{
    "args": {
        "graph_path": "graphs/politifact/8_shot_roberta_knn_5_psl10.pt",
        "model": "GAT",
        "dropout_rate": 0.5,
        "hidden_channels": 128,
        "gat_heads": 8,
        "lr": 0.0001,
        "weight_decay": 0.0001,
        "n_epochs": 300,
        "patience": 30,
        "seed": 42,
        "output_dir": "results"
    },
    "model_name": "GAT_politifact_8_shot_roberta_knn_5_psl10",
    "training_history": {
        "final_train_loss": 0.277329683303833,
        "final_train_acc": 1.0,
        "final_val_loss": 0.5289804935455322,
        "final_val_acc": 0.7745098039215687,
        "final_val_f1": 0.7403431101272828,
        "best_val_f1": 0.754442279032443,
        "best_epoch": 172,
        "total_epochs": 212,
        "training_time_seconds": 3.9260175228118896
    },
    "final_test_metrics": {
        "accuracy": 0.7941176470588235,
        "precision": 0.7482142857142857,
        "recall": 0.7626358053849788,
        "f1_score": 0.754442279032443,
        "confusion_matrix": [
            [
                61,
                12
            ],
            [
                9,
                20
            ]
        ]
    }
}