{
    "args": {
        "graph_path": "graphs/politifact/4_shot_roberta_knn_6_smpf10.pt",
        "model": "GAT",
        "dropout_rate": 0.5,
        "hidden_channels": 128,
        "gat_heads": 8,
        "lr": 0.0001,
        "weight_decay": 0.0001,
        "n_epochs": 300,
        "patience": 30,
        "seed": 42,
        "output_dir": "results"
    },
    "model_name": "GAT_politifact_4_shot_roberta_knn_6_smpf10",
    "training_history": {
        "final_train_loss": 0.5187451243400574,
        "final_train_acc": 0.75,
        "final_val_loss": 0.5650299787521362,
        "final_val_acc": 0.7058823529411765,
        "final_val_f1": 0.5789763346175014,
        "best_val_f1": 0.6644736842105263,
        "best_epoch": 62,
        "total_epochs": 130,
        "training_time_seconds": 2.430668830871582
    },
    "final_test_metrics": {
        "accuracy": 0.7450980392156863,
        "precision": 0.5652173913043478,
        "recall": 0.4482758620689655,
        "f1_score": 0.5,
        "confusion_matrix": [
            [
                63,
                10
            ],
            [
                16,
                13
            ]
        ]
    }
}