{
    "args": {
        "graph_path": "graphs/politifact/4_shot_roberta_knn_6_smpf10.pt",
        "model": "GAT",
        "dropout_rate": 0.5,
        "hidden_channels": 128,
        "gat_heads": 8,
        "lr": 0.0001,
        "weight_decay": 0.0001,
        "n_epochs": 300,
        "patience": 30,
        "seed": 42,
        "output_dir": "results"
    },
    "model_name": "GAT_politifact_4_shot_roberta_knn_6_smpf10",
    "training_history": {
        "final_train_loss": 0.4424537122249603,
        "final_train_acc": 0.75,
        "final_val_loss": 0.5250266790390015,
        "final_val_acc": 0.7352941176470589,
        "final_val_f1": 0.678082992402104,
        "best_val_f1": 0.6930555555555555,
        "best_epoch": 138,
        "total_epochs": 196,
        "training_time_seconds": 5.417051553726196
    },
    "final_test_metrics": {
        "accuracy": 0.7450980392156863,
        "precision": 0.6896865061335756,
        "recall": 0.6972130373169579,
        "f1_score": 0.6930555555555555,
        "confusion_matrix": [
            [
                59,
                14
            ],
            [
                12,
                17
            ]
        ]
    }
}