{
  "accuracy": 0.7642215568862275,
  "precision": 0.641604930107907,
  "recall": 0.6707647155334475,
  "f1_score": 0.6518573975339486
}