{
    "args": {
        "graph_path": "graphs/gossipcop/4_shot_combined_knn_4_smpf10.pt",
        "model": "GAT",
        "dropout_rate": 0.5,
        "hidden_channels": 128,
        "gat_heads": 8,
        "lr": 0.0001,
        "weight_decay": 0.0001,
        "n_epochs": 300,
        "patience": 30,
        "seed": 42,
        "output_dir": "results"
    },
    "model_name": "GAT_gossipcop_4_shot_combined_knn_4_smpf10",
    "training_history": {
        "final_train_loss": 0.5955689549446106,
        "final_train_acc": 0.625,
        "final_val_loss": 0.6363306045532227,
        "final_val_acc": 0.8233532934131736,
        "final_val_f1": 0.5569196177627881,
        "best_val_f1": 0.5777048896394202,
        "best_epoch": 25,
        "total_epochs": 85,
        "training_time_seconds": 1.94999098777771
    },
    "final_test_metrics": {
        "accuracy": 0.7541167664670658,
        "precision": 0.3257918552036199,
        "recall": 0.28628230616302186,
        "f1_score": 0.3047619047619048,
        "confusion_matrix": [
            [
                1871,
                298
            ],
            [
                359,
                144
            ]
        ]
    }
}