{
    "args": {
        "graph_path": "graphs/politifact/12_shot_combined_mutual_knn_8.pt",
        "model": "GAT",
        "dropout_rate": 0.5,
        "hidden_channels": 128,
        "gat_heads": 8,
        "lr": 0.0001,
        "weight_decay": 0.0001,
        "n_epochs": 300,
        "patience": 30,
        "seed": 42,
        "output_dir": "results"
    },
    "model_name": "GAT_politifact_12_shot_combined_mutual_knn_8",
    "training_history": {
        "final_train_loss": 0.5770680904388428,
        "final_train_acc": 0.7916666666666666,
        "final_val_loss": 0.6370357275009155,
        "final_val_acc": 0.7450980392156863,
        "final_val_f1": 0.7088274044795784,
        "best_val_f1": 0.7590930562116203,
        "best_epoch": 34,
        "total_epochs": 100,
        "training_time_seconds": 2.0464158058166504
    },
    "final_test_metrics": {
        "accuracy": 0.803921568627451,
        "precision": 0.6551724137931034,
        "recall": 0.6551724137931034,
        "f1_score": 0.6551724137931034,
        "confusion_matrix": [
            [
                63,
                10
            ],
            [
                10,
                19
            ]
        ]
    }
}