{
    "args": {
        "graph_path": "graphs_hetero/politifact/3_shot_roberta_hetero_knn_5_smpf10.pt",
        "model": "HGT",
        "target_node_type": "news",
        "dropout_rate": 0.0,
        "hidden_channels": 128,
        "hgt_han_heads": 4,
        "hgt_layers": 1,
        "lr": 0.0001,
        "weight_decay": 0.0001,
        "n_epochs": 300,
        "patience": 30,
        "seed": 42,
        "output_dir_base": "results_hetero"
    },
    "model_name": "HGT_politifact_3_shot_roberta_hetero_knn_5_smpf10",
    "training_history": {
        "final_train_loss": 0.00421764375641942,
        "final_train_acc": 1.0,
        "final_val_loss": 0.587114691734314,
        "final_val_acc": 0.6470588235294118,
        "final_val_f1": 0.6357142857142857,
        "best_val_f1": 0.7219445706497047,
        "best_epoch": 60,
        "total_epochs_run": 170,
        "training_time_seconds": 8.606582164764404
    },
    "final_test_metrics_on_target_node": {
        "accuracy": 0.7647058823529411,
        "precision": 0.7154150197628459,
        "recall": 0.7316957959376476,
        "f1_score": 0.7219445706497047,
        "confusion_matrix": [
            [
                59,
                14
            ],
            [
                10,
                19
            ]
        ]
    }
}