{
    "args": {
        "graph_path": "graphs/gossipcop/8_shot_combined_knn_6_smpf10.pt",
        "model": "GAT",
        "dropout_rate": 0.5,
        "hidden_channels": 128,
        "gat_heads": 8,
        "lr": 0.0001,
        "weight_decay": 0.0001,
        "n_epochs": 300,
        "patience": 30,
        "seed": 42,
        "output_dir": "results"
    },
    "model_name": "GAT_gossipcop_8_shot_combined_knn_6_smpf10",
    "training_history": {
        "final_train_loss": 0.5220239758491516,
        "final_train_acc": 0.8125,
        "final_val_loss": 0.6331133842468262,
        "final_val_acc": 0.7952844311377245,
        "final_val_f1": 0.5190510961154791,
        "best_val_f1": 0.5693998435639128,
        "best_epoch": 46,
        "total_epochs": 100,
        "training_time_seconds": 1.9318461418151855
    },
    "final_test_metrics": {
        "accuracy": 0.7698353293413174,
        "precision": 0.33815028901734107,
        "recall": 0.23260437375745527,
        "f1_score": 0.2756183745583039,
        "confusion_matrix": [
            [
                1940,
                229
            ],
            [
                386,
                117
            ]
        ]
    }
}