{
    "args": {
        "graph_path": "graphs/gossipcop/8_shot_combined_knn_6_smpf10.pt",
        "model": "GAT",
        "dropout_rate": 0.5,
        "hidden_channels": 128,
        "gat_heads": 8,
        "lr": 0.0001,
        "weight_decay": 0.0001,
        "n_epochs": 300,
        "patience": 30,
        "seed": 42,
        "output_dir": "results"
    },
    "model_name": "GAT_gossipcop_8_shot_combined_knn_6_smpf10",
    "training_history": {
        "final_train_loss": 0.5990209579467773,
        "final_train_acc": 0.8125,
        "final_val_loss": 0.6507228016853333,
        "final_val_acc": 0.7062125748502994,
        "final_val_f1": 0.5779514694090673,
        "best_val_f1": 0.590099563785379,
        "best_epoch": 62,
        "total_epochs": 113,
        "training_time_seconds": 4.986597776412964
    },
    "final_test_metrics": {
        "accuracy": 0.7627245508982036,
        "precision": 0.5962593580277362,
        "recall": 0.5858560027570858,
        "f1_score": 0.590099563785379,
        "confusion_matrix": [
            [
                1886,
                283
            ],
            [
                351,
                152
            ]
        ]
    }
}