{
  "accuracy": 0.8235294117647058,
  "precision": 0.7887667887667889,
  "recall": 0.8351440717997165,
  "f1_score": 0.8014705882352942
}