{
    "args": {
        "graph_path": "graphs/gossipcop/3_shot_combined_mutual_knn_7_smpf10.pt",
        "model": "GAT",
        "dropout_rate": 0.5,
        "hidden_channels": 128,
        "gat_heads": 8,
        "lr": 0.0001,
        "weight_decay": 0.0001,
        "n_epochs": 300,
        "patience": 30,
        "seed": 42,
        "output_dir": "results"
    },
    "model_name": "GAT_gossipcop_3_shot_combined_mutual_knn_7_smpf10",
    "training_history": {
        "final_train_loss": 0.9561672210693359,
        "final_train_acc": 0.3333333333333333,
        "final_val_loss": 0.6811055541038513,
        "final_val_acc": 0.5804640718562875,
        "final_val_f1": 0.5295525654933616,
        "best_val_f1": 0.5759919697685404,
        "best_epoch": 70,
        "total_epochs": 104,
        "training_time_seconds": 2.1845717430114746
    },
    "final_test_metrics": {
        "accuracy": 0.7103293413173652,
        "precision": 0.2962406015037594,
        "recall": 0.39165009940357853,
        "f1_score": 0.3373287671232877,
        "confusion_matrix": [
            [
                1701,
                468
            ],
            [
                306,
                197
            ]
        ]
    }
}