{
    "args": {
        "graph_path": "graphs_hetero/politifact/7_shot_distilbert_hetero_knn_5_smpf10.pt",
        "model": "HAN",
        "target_node_type": "news",
        "dropout_rate": 0.0,
        "hidden_channels": 128,
        "hgt_han_heads": 4,
        "hgt_layers": 1,
        "lr": 0.0001,
        "weight_decay": 0.0001,
        "n_epochs": 300,
        "patience": 30,
        "seed": 42,
        "output_dir_base": "results_hetero"
    },
    "model_name": "HAN_politifact_7_shot_distilbert_hetero_knn_5_smpf10",
    "training_history": {
        "final_train_loss": 0.2573981285095215,
        "final_train_acc": 0.9285714285714286,
        "final_val_loss": 0.6804751753807068,
        "final_val_acc": 0.6764705882352942,
        "final_val_f1": 0.6621499548328816,
        "best_val_f1": 0.6761904761904762,
        "best_epoch": 70,
        "total_epochs_run": 104,
        "training_time_seconds": 3.434751033782959
    },
    "final_test_metrics_on_target_node": {
        "accuracy": 0.6862745098039216,
        "precision": 0.7044487427466151,
        "recall": 0.7496457250826641,
        "f1_score": 0.6761904761904762,
        "confusion_matrix": [
            [
                44,
                29
            ],
            [
                3,
                26
            ]
        ]
    }
}