{
  "accuracy": 0.7851796407185628,
  "precision": 0.6554923223571827,
  "recall": 0.6661130496871239,
  "f1_score": 0.6603177190564106
}