{
  "accuracy": 0.8431372549019608,
  "precision": 0.805542935029532,
  "recall": 0.8176665092111478,
  "f1_score": 0.8111111111111111
}