{
    "args": {
        "graph_path": "graphs/gossipcop/15_shot_combined_mutual_knn_4_smpf10.pt",
        "model": "GAT",
        "dropout_rate": 0.5,
        "hidden_channels": 128,
        "gat_heads": 8,
        "lr": 0.0001,
        "weight_decay": 0.0001,
        "n_epochs": 300,
        "patience": 30,
        "seed": 42,
        "output_dir": "results"
    },
    "model_name": "GAT_gossipcop_15_shot_combined_mutual_knn_4_smpf10",
    "training_history": {
        "final_train_loss": 0.7654190063476562,
        "final_train_acc": 0.6666666666666666,
        "final_val_loss": 0.7067897319793701,
        "final_val_acc": 0.36826347305389223,
        "final_val_f1": 0.3663193624889009,
        "best_val_f1": 0.5218467044602666,
        "best_epoch": 18,
        "total_epochs": 48,
        "training_time_seconds": 1.4622747898101807
    },
    "final_test_metrics": {
        "accuracy": 0.6122754491017964,
        "precision": 0.23535253227408143,
        "recall": 0.4711729622266402,
        "f1_score": 0.31390728476821195,
        "confusion_matrix": [
            [
                1399,
                770
            ],
            [
                266,
                237
            ]
        ]
    }
}