{
    "args": {
        "graph_path": "graphs_hetero/gossipcop/8_shot_roberta_hetero_knn_5_smpf10.pt",
        "model": "HGT",
        "target_node_type": "news",
        "dropout_rate": 0.0,
        "hidden_channels": 128,
        "hgt_han_heads": 4,
        "hgt_layers": 1,
        "lr": 0.0001,
        "weight_decay": 0.0001,
        "n_epochs": 300,
        "patience": 30,
        "seed": 42,
        "output_dir_base": "results_hetero"
    },
    "model_name": "HGT_gossipcop_8_shot_roberta_hetero_knn_5_smpf10",
    "training_history": {
        "final_train_loss": 0.009438622742891312,
        "final_train_acc": 1.0,
        "final_val_loss": 0.6415756940841675,
        "final_val_acc": 0.6889970059880239,
        "final_val_f1": 0.5834523171022026,
        "best_val_f1": 0.5857494967968426,
        "best_epoch": 155,
        "total_epochs_run": 185,
        "training_time_seconds": 6.521624326705933
    },
    "final_test_metrics_on_target_node": {
        "accuracy": 0.6908682634730539,
        "precision": 0.5834679939305802,
        "recall": 0.6164204262667425,
        "f1_score": 0.5857494967968426,
        "confusion_matrix": [
            [
                1596,
                573
            ],
            [
                253,
                250
            ]
        ]
    }
}