{
    "args": {
        "graph_path": "graphs_hetero/gossipcop/8_shot_roberta_hetero_knn_5_smpf10.pt",
        "model": "HGT",
        "target_node_type": "news",
        "dropout_rate": 0.0,
        "hidden_channels": 128,
        "hgt_han_heads": 4,
        "hgt_layers": 1,
        "lr": 0.0001,
        "weight_decay": 0.0001,
        "n_epochs": 300,
        "patience": 30,
        "seed": 42,
        "output_dir_base": "results_hetero"
    },
    "model_name": "HGT_gossipcop_8_shot_roberta_hetero_knn_5_smpf10",
    "training_history": {
        "final_train_loss": 0.004163448698818684,
        "final_train_acc": 1.0,
        "final_val_loss": 0.676875114440918,
        "final_val_acc": 0.6893712574850299,
        "final_val_f1": 0.5845817833072966,
        "best_val_f1": 0.5864598815996596,
        "best_epoch": 193,
        "total_epochs_run": 223,
        "training_time_seconds": 8.56193208694458
    },
    "final_test_metrics_on_target_node": {
        "accuracy": 0.6912425149700598,
        "precision": 0.5841240070609003,
        "recall": 0.6174144620520309,
        "f1_score": 0.5864598815996596,
        "confusion_matrix": [
            [
                1596,
                573
            ],
            [
                252,
                251
            ]
        ]
    }
}