{
    "args": {
        "graph_path": "graphs/gossipcop/11_shot_combined_knn_5_smpf10.pt",
        "model": "GAT",
        "dropout_rate": 0.5,
        "hidden_channels": 128,
        "gat_heads": 8,
        "lr": 0.0001,
        "weight_decay": 0.0001,
        "n_epochs": 300,
        "patience": 30,
        "seed": 42,
        "output_dir": "results"
    },
    "model_name": "GAT_gossipcop_11_shot_combined_knn_5_smpf10",
    "training_history": {
        "final_train_loss": 0.5455679893493652,
        "final_train_acc": 0.7272727272727273,
        "final_val_loss": 0.6295866966247559,
        "final_val_acc": 0.7417664670658682,
        "final_val_f1": 0.5928383649932157,
        "best_val_f1": 0.6023417175613726,
        "best_epoch": 116,
        "total_epochs": 180,
        "training_time_seconds": 2.874342203140259
    },
    "final_test_metrics": {
        "accuracy": 0.7601047904191617,
        "precision": 0.35802469135802467,
        "recall": 0.34592445328031807,
        "f1_score": 0.3518705763397371,
        "confusion_matrix": [
            [
                1857,
                312
            ],
            [
                329,
                174
            ]
        ]
    }
}