{
    "args": {
        "graph_path": "graphs/gossipcop/11_shot_combined_knn_5_smpf10.pt",
        "model": "GAT",
        "dropout_rate": 0.5,
        "hidden_channels": 128,
        "gat_heads": 8,
        "lr": 0.0001,
        "weight_decay": 0.0001,
        "n_epochs": 300,
        "patience": 30,
        "seed": 42,
        "output_dir": "results"
    },
    "model_name": "GAT_gossipcop_11_shot_combined_knn_5_smpf10",
    "training_history": {
        "final_train_loss": 0.5449895858764648,
        "final_train_acc": 0.7727272727272727,
        "final_val_loss": 0.6359601020812988,
        "final_val_acc": 0.7331586826347305,
        "final_val_f1": 0.5789656997565689,
        "best_val_f1": 0.598472042146034,
        "best_epoch": 62,
        "total_epochs": 114,
        "training_time_seconds": 4.668225288391113
    },
    "final_test_metrics": {
        "accuracy": 0.780688622754491,
        "precision": 0.6156080145256511,
        "recall": 0.5900493764018013,
        "f1_score": 0.598472042146034,
        "confusion_matrix": [
            [
                1943,
                226
            ],
            [
                360,
                143
            ]
        ]
    }
}