{
    "args": {
        "graph_path": "graphs/politifact/9_shot_combined_mutual_knn_4_smpf10.pt",
        "model": "GAT",
        "dropout_rate": 0.5,
        "hidden_channels": 128,
        "gat_heads": 8,
        "lr": 0.0001,
        "weight_decay": 0.0001,
        "n_epochs": 300,
        "patience": 30,
        "seed": 42,
        "output_dir": "results"
    },
    "model_name": "GAT_politifact_9_shot_combined_mutual_knn_4_smpf10",
    "training_history": {
        "final_train_loss": 0.6644696593284607,
        "final_train_acc": 0.7222222222222222,
        "final_val_loss": 0.6910841464996338,
        "final_val_acc": 0.45098039215686275,
        "final_val_f1": 0.4475822050290135,
        "best_val_f1": 0.7160931174089069,
        "best_epoch": 25,
        "total_epochs": 55,
        "training_time_seconds": 1.4500207901000977
    },
    "final_test_metrics": {
        "accuracy": 0.7843137254901961,
        "precision": 0.6521739130434783,
        "recall": 0.5172413793103449,
        "f1_score": 0.5769230769230769,
        "confusion_matrix": [
            [
                65,
                8
            ],
            [
                14,
                15
            ]
        ]
    }
}