{
  "accuracy": 0.7305389221556886,
  "precision": 0.6186581187133856,
  "recall": 0.6584164904533152,
  "f1_score": 0.6273612425010866
}