{
    "args": {
        "graph_path": "graphs/politifact/16_shot_roberta_knn_8_smpf10.pt",
        "model": "GAT",
        "dropout_rate": 0.5,
        "hidden_channels": 128,
        "gat_heads": 8,
        "lr": 0.0001,
        "weight_decay": 0.0001,
        "n_epochs": 300,
        "patience": 30,
        "seed": 42,
        "output_dir": "results"
    },
    "model_name": "GAT_politifact_16_shot_roberta_knn_8_smpf10",
    "training_history": {
        "final_train_loss": 0.3292793929576874,
        "final_train_acc": 0.9375,
        "final_val_loss": 0.4520565867424011,
        "final_val_acc": 0.7941176470588235,
        "final_val_f1": 0.738621110433191,
        "best_val_f1": 0.7677125506072875,
        "best_epoch": 100,
        "total_epochs": 300,
        "training_time_seconds": 10.54027795791626
    },
    "final_test_metrics": {
        "accuracy": 0.8235294117647058,
        "precision": 0.7936158503026967,
        "recall": 0.7520075578649031,
        "f1_score": 0.7677125506072875,
        "confusion_matrix": [
            [
                67,
                6
            ],
            [
                12,
                17
            ]
        ]
    }
}