{
    "args": {
        "graph_path": "graphs/politifact/6_shot_combined_mutual_knn_3_smpf10.pt",
        "model": "GAT",
        "dropout_rate": 0.5,
        "hidden_channels": 128,
        "gat_heads": 8,
        "lr": 0.0001,
        "weight_decay": 0.0001,
        "n_epochs": 300,
        "patience": 30,
        "seed": 42,
        "output_dir": "results"
    },
    "model_name": "GAT_politifact_6_shot_combined_mutual_knn_3_smpf10",
    "training_history": {
        "final_train_loss": 0.452555388212204,
        "final_train_acc": 0.9166666666666666,
        "final_val_loss": 0.6437884569168091,
        "final_val_acc": 0.6862745098039216,
        "final_val_f1": 0.6709677419354838,
        "best_val_f1": 0.712934819317798,
        "best_epoch": 123,
        "total_epochs": 174,
        "training_time_seconds": 2.7975211143493652
    },
    "final_test_metrics": {
        "accuracy": 0.7549019607843137,
        "precision": 0.5588235294117647,
        "recall": 0.6551724137931034,
        "f1_score": 0.6031746031746031,
        "confusion_matrix": [
            [
                58,
                15
            ],
            [
                10,
                19
            ]
        ]
    }
}