{
    "args": {
        "graph_path": "graphs/politifact/4_shot_bert_knn_7_smpf10.pt",
        "model": "GAT",
        "dropout_rate": 0.5,
        "hidden_channels": 128,
        "gat_heads": 8,
        "lr": 0.0001,
        "weight_decay": 0.0001,
        "n_epochs": 300,
        "patience": 30,
        "seed": 42,
        "output_dir": "results"
    },
    "model_name": "GAT_politifact_4_shot_bert_knn_7_smpf10",
    "training_history": {
        "final_train_loss": 0.23396441340446472,
        "final_train_acc": 1.0,
        "final_val_loss": 0.6425713896751404,
        "final_val_acc": 0.6862745098039216,
        "final_val_f1": 0.6565656565656566,
        "best_val_f1": 0.7040178571428571,
        "best_epoch": 13,
        "total_epochs": 56,
        "training_time_seconds": 1.9103515148162842
    },
    "final_test_metrics": {
        "accuracy": 0.7450980392156863,
        "precision": 0.6968017057569296,
        "recall": 0.7179971658006613,
        "f1_score": 0.7040178571428571,
        "confusion_matrix": [
            [
                57,
                16
            ],
            [
                10,
                19
            ]
        ]
    }
}