{
    "args": {
        "graph_path": "graphs/gossipcop/3_shot_bert_knn_7_smpf10.pt",
        "model": "GAT",
        "dropout_rate": 0.5,
        "hidden_channels": 128,
        "gat_heads": 8,
        "lr": 0.0001,
        "weight_decay": 0.0001,
        "n_epochs": 300,
        "patience": 30,
        "seed": 42,
        "output_dir": "results"
    },
    "model_name": "GAT_gossipcop_3_shot_bert_knn_7_smpf10",
    "training_history": {
        "final_train_loss": 0.28992921113967896,
        "final_train_acc": 1.0,
        "final_val_loss": 0.8495569229125977,
        "final_val_acc": 0.47305389221556887,
        "final_val_f1": 0.4444798170442511,
        "best_val_f1": 0.5186749382305702,
        "best_epoch": 41,
        "total_epochs": 71,
        "training_time_seconds": 2.5099222660064697
    },
    "final_test_metrics": {
        "accuracy": 0.6519461077844312,
        "precision": 0.5223494696776736,
        "recall": 0.5298380303701076,
        "f1_score": 0.5186749382305702,
        "confusion_matrix": [
            [
                1574,
                595
            ],
            [
                335,
                168
            ]
        ]
    }
}