{
    "model": "LSTM_politifact_13_shot_bert",
    "dataset": "politifact",
    "embedding": "bert",
    "k_shot": 13,
    "training_time": 0.5396969318389893,
    "best_epoch": 5,
    "final_train_accuracy": 1.0,
    "final_train_loss": 0.5470576286315918,
    "final_val_accuracy": 1.0,
    "final_val_loss": 0.5968576073646545,
    "final_val_f1": 1.0,
    "test_metrics": {
        "accuracy": 0.7254901960784313,
        "precision": 0.7098646034816247,
        "recall": 0.7562588568729334,
        "f1_score": 0.7064144736842105,
        "confusion_matrix": [
            [
                50,
                23
            ],
            [
                5,
                24
            ]
        ]
    }
}