{
  "accuracy": 0.9019607843137255,
  "precision": 0.8945454545454545,
  "recall": 0.8587623996221068,
  "f1_score": 0.874074074074074
}