{
    "args": {
        "graph_path": "graphs/gossipcop/9_shot_roberta_knn_3_smpf10.pt",
        "model": "GAT",
        "dropout_rate": 0.5,
        "hidden_channels": 128,
        "gat_heads": 8,
        "lr": 0.0001,
        "weight_decay": 0.0001,
        "n_epochs": 300,
        "patience": 30,
        "seed": 42,
        "output_dir": "results"
    },
    "model_name": "GAT_gossipcop_9_shot_roberta_knn_3_smpf10",
    "training_history": {
        "final_train_loss": 0.592223584651947,
        "final_train_acc": 0.6111111111111112,
        "final_val_loss": 0.5796732902526855,
        "final_val_acc": 0.7477544910179641,
        "final_val_f1": 0.5312192846552385,
        "best_val_f1": 0.5727268137633785,
        "best_epoch": 228,
        "total_epochs": 288,
        "training_time_seconds": 4.461899280548096
    },
    "final_test_metrics": {
        "accuracy": 0.7166916167664671,
        "precision": 0.29449838187702265,
        "recall": 0.36182902584493043,
        "f1_score": 0.3247100802854594,
        "confusion_matrix": [
            [
                1733,
                436
            ],
            [
                321,
                182
            ]
        ]
    }
}