{
    "args": {
        "graph_path": "graphs/politifact/13_shot_roberta_mutual_knn_3.pt",
        "model": "GAT",
        "dropout_rate": 0.5,
        "hidden_channels": 128,
        "gat_heads": 8,
        "lr": 0.0001,
        "weight_decay": 0.0001,
        "n_epochs": 300,
        "patience": 30,
        "seed": 42,
        "output_dir": "results"
    },
    "model_name": "GAT_politifact_13_shot_roberta_mutual_knn_3",
    "training_history": {
        "final_train_loss": 0.7249892950057983,
        "final_train_acc": 0.6538461538461539,
        "final_val_loss": 0.5104738473892212,
        "final_val_acc": 0.7647058823529411,
        "final_val_f1": 0.6730769230769231,
        "best_val_f1": 0.7687074829931972,
        "best_epoch": 271,
        "total_epochs": 300,
        "training_time_seconds": 4.283113479614258
    },
    "final_test_metrics": {
        "accuracy": 0.8137254901960784,
        "precision": 0.6785714285714286,
        "recall": 0.6551724137931034,
        "f1_score": 0.6666666666666666,
        "confusion_matrix": [
            [
                64,
                9
            ],
            [
                10,
                19
            ]
        ]
    }
}