{
    "args": {
        "graph_path": "graphs/gossipcop/4_shot_distilbert_knn_7_smpf10.pt",
        "model": "GAT",
        "dropout_rate": 0.5,
        "hidden_channels": 128,
        "gat_heads": 8,
        "lr": 0.0001,
        "weight_decay": 0.0001,
        "n_epochs": 300,
        "patience": 30,
        "seed": 42,
        "output_dir": "results"
    },
    "model_name": "GAT_gossipcop_4_shot_distilbert_knn_7_smpf10",
    "training_history": {
        "final_train_loss": 0.26363739371299744,
        "final_train_acc": 1.0,
        "final_val_loss": 0.5835133790969849,
        "final_val_acc": 0.6972305389221557,
        "final_val_f1": 0.5759431553593565,
        "best_val_f1": 0.5897435897435898,
        "best_epoch": 60,
        "total_epochs": 90,
        "training_time_seconds": 3.724910020828247
    },
    "final_test_metrics": {
        "accuracy": 0.75,
        "precision": 0.5900221981007574,
        "recall": 0.5894710116433717,
        "f1_score": 0.5897435897435898,
        "confusion_matrix": [
            [
                1837,
                332
            ],
            [
                336,
                167
            ]
        ]
    }
}