{
  "accuracy": 0.7058383233532934,
  "f1": 0.7287918015180302,
  "precision": 0.7675671105532847,
  "recall": 0.7058383233532934
}