{
  "accuracy": 0.7211826347305389,
  "precision": 0.5914994373593399,
  "recall": 0.6144777256241252,
  "f1_score": 0.5975434184831537
}