{
    "args": {
        "graph_path": "graphs_hetero/gossipcop/3_shot_roberta_hetero_dual_knn_sim5_dis5_psl10.pt",
        "model": "HGT",
        "target_node_type": "news",
        "dropout_rate": 0.0,
        "hidden_channels": 128,
        "hgt_han_heads": 4,
        "hgt_layers": 1,
        "lr": 0.0001,
        "weight_decay": 0.0001,
        "n_epochs": 300,
        "patience": 30,
        "seed": 42,
        "output_dir_base": "results_hetero"
    },
    "model_name": "HGT_gossipcop_3_shot_roberta_hetero_dual_knn_sim5_dis5_psl10",
    "training_history": {
        "final_train_loss": 0.5376236438751221,
        "final_train_acc": 1.0,
        "final_val_loss": 0.6898623704910278,
        "final_val_acc": 0.4943862275449102,
        "final_val_f1": 0.46819290402751357,
        "best_val_f1": 0.5261534060124372,
        "best_epoch": 23,
        "total_epochs_run": 84,
        "training_time_seconds": 4.1256608963012695
    },
    "final_test_metrics_on_target_node": {
        "accuracy": 0.6613023952095808,
        "precision": 0.5282858260128765,
        "recall": 0.53712808442109,
        "f1_score": 0.5261534060124372,
        "confusion_matrix": [
            [
                1597,
                572
            ],
            [
                333,
                170
            ]
        ]
    }
}