{
    "args": {
        "graph_path": "graphs/gossipcop/10_shot_combined_knn_7_smpf10.pt",
        "model": "GAT",
        "dropout_rate": 0.5,
        "hidden_channels": 128,
        "gat_heads": 8,
        "lr": 0.0001,
        "weight_decay": 0.0001,
        "n_epochs": 300,
        "patience": 30,
        "seed": 42,
        "output_dir": "results"
    },
    "model_name": "GAT_gossipcop_10_shot_combined_knn_7_smpf10",
    "training_history": {
        "final_train_loss": 0.6246217489242554,
        "final_train_acc": 0.65,
        "final_val_loss": 0.6539281606674194,
        "final_val_acc": 0.7035928143712575,
        "final_val_f1": 0.5612315730546744,
        "best_val_f1": 0.5712028065158173,
        "best_epoch": 79,
        "total_epochs": 132,
        "training_time_seconds": 2.3035640716552734
    },
    "final_test_metrics": {
        "accuracy": 0.7369011976047904,
        "precision": 0.3031496062992126,
        "recall": 0.3061630218687873,
        "f1_score": 0.304648862512364,
        "confusion_matrix": [
            [
                1815,
                354
            ],
            [
                349,
                154
            ]
        ]
    }
}