{
    "args": {
        "graph_path": "graphs/gossipcop/10_shot_combined_knn_7_smpf10.pt",
        "model": "GAT",
        "dropout_rate": 0.5,
        "hidden_channels": 128,
        "gat_heads": 8,
        "lr": 0.0001,
        "weight_decay": 0.0001,
        "n_epochs": 300,
        "patience": 30,
        "seed": 42,
        "output_dir": "results"
    },
    "model_name": "GAT_gossipcop_10_shot_combined_knn_7_smpf10",
    "training_history": {
        "final_train_loss": 0.5610730051994324,
        "final_train_acc": 0.8,
        "final_val_loss": 0.6326523423194885,
        "final_val_acc": 0.7533682634730539,
        "final_val_f1": 0.5905346507117196,
        "best_val_f1": 0.6005740253527865,
        "best_epoch": 67,
        "total_epochs": 113,
        "training_time_seconds": 4.520039081573486
    },
    "final_test_metrics": {
        "accuracy": 0.7754491017964071,
        "precision": 0.6122474527024578,
        "recall": 0.5936937159889899,
        "f1_score": 0.6005740253527865,
        "confusion_matrix": [
            [
                1920,
                249
            ],
            [
                351,
                152
            ]
        ]
    }
}