{
  "accuracy": 0.7211826347305389,
  "precision": 0.5870758483033932,
  "recall": 0.606842577545332,
  "f1_score": 0.5926314973059907
}