{
  "accuracy": 0.6078431372549019,
  "f1": 0.6040372670807453,
  "precision": 0.667887667887668,
  "recall": 0.6948512045347189,
  "confusion_matrix": [
    [
      36,
      37
    ],
    [
      3,
      26
    ]
  ]
}