{
    "args": {
        "graph_path": "graphs/gossipcop/3_shot_combined_knn_8_smpf10.pt",
        "model": "GAT",
        "dropout_rate": 0.5,
        "hidden_channels": 128,
        "gat_heads": 8,
        "lr": 0.0001,
        "weight_decay": 0.0001,
        "n_epochs": 300,
        "patience": 30,
        "seed": 42,
        "output_dir": "results"
    },
    "model_name": "GAT_gossipcop_3_shot_combined_knn_8_smpf10",
    "training_history": {
        "final_train_loss": 0.3874971568584442,
        "final_train_acc": 1.0,
        "final_val_loss": 0.6255971789360046,
        "final_val_acc": 0.7084580838323353,
        "final_val_f1": 0.5841235165271645,
        "best_val_f1": 0.5860507706171991,
        "best_epoch": 169,
        "total_epochs": 201,
        "training_time_seconds": 7.2774810791015625
    },
    "final_test_metrics": {
        "accuracy": 0.7361526946107785,
        "precision": 0.5831168831168831,
        "recall": 0.5901039131737926,
        "f1_score": 0.5860507706171991,
        "confusion_matrix": [
            [
                1788,
                381
            ],
            [
                324,
                179
            ]
        ]
    }
}