{
    "args": {
        "graph_path": "graphs/gossipcop/3_shot_combined_knn_8_smpf10.pt",
        "model": "GAT",
        "dropout_rate": 0.5,
        "hidden_channels": 128,
        "gat_heads": 8,
        "lr": 0.0001,
        "weight_decay": 0.0001,
        "n_epochs": 300,
        "patience": 30,
        "seed": 42,
        "output_dir": "results"
    },
    "model_name": "GAT_gossipcop_3_shot_combined_knn_8_smpf10",
    "training_history": {
        "final_train_loss": 0.594900906085968,
        "final_train_acc": 0.6666666666666666,
        "final_val_loss": 0.679506242275238,
        "final_val_acc": 0.5819610778443114,
        "final_val_f1": 0.5355074943674161,
        "best_val_f1": 0.6156315577559617,
        "best_epoch": 83,
        "total_epochs": 113,
        "training_time_seconds": 2.2265021800994873
    },
    "final_test_metrics": {
        "accuracy": 0.7765718562874252,
        "precision": 0.3931818181818182,
        "recall": 0.34393638170974156,
        "f1_score": 0.3669141039236479,
        "confusion_matrix": [
            [
                1902,
                267
            ],
            [
                330,
                173
            ]
        ]
    }
}