{
    "args": {
        "graph_path": "graphs/politifact/4_shot_roberta_knn_7_smpf10.pt",
        "model": "GAT",
        "dropout_rate": 0.5,
        "hidden_channels": 128,
        "gat_heads": 8,
        "lr": 0.0001,
        "weight_decay": 0.0001,
        "n_epochs": 300,
        "patience": 30,
        "seed": 42,
        "output_dir": "results"
    },
    "model_name": "GAT_politifact_4_shot_roberta_knn_7_smpf10",
    "training_history": {
        "final_train_loss": 0.3428477644920349,
        "final_train_acc": 0.875,
        "final_val_loss": 0.4837341606616974,
        "final_val_acc": 0.7549019607843137,
        "final_val_f1": 0.712934819317798,
        "best_val_f1": 0.7590930562116203,
        "best_epoch": 225,
        "total_epochs": 300,
        "training_time_seconds": 7.167790651321411
    },
    "final_test_metrics": {
        "accuracy": 0.803921568627451,
        "precision": 0.7590930562116203,
        "recall": 0.7590930562116203,
        "f1_score": 0.7590930562116203,
        "confusion_matrix": [
            [
                63,
                10
            ],
            [
                10,
                19
            ]
        ]
    }
}