{
    "args": {
        "graph_path": "graphs/politifact/4_shot_roberta_knn_7_smpf10.pt",
        "model": "GAT",
        "dropout_rate": 0.5,
        "hidden_channels": 128,
        "gat_heads": 8,
        "lr": 0.0001,
        "weight_decay": 0.0001,
        "n_epochs": 300,
        "patience": 30,
        "seed": 42,
        "output_dir": "results"
    },
    "model_name": "GAT_politifact_4_shot_roberta_knn_7_smpf10",
    "training_history": {
        "final_train_loss": 0.7267292737960815,
        "final_train_acc": 0.375,
        "final_val_loss": 0.6089938879013062,
        "final_val_acc": 0.7156862745098039,
        "final_val_f1": 0.41714285714285715,
        "best_val_f1": 0.4484430356143949,
        "best_epoch": 1,
        "total_epochs": 49,
        "training_time_seconds": 1.4434840679168701
    },
    "final_test_metrics": {
        "accuracy": 0.7156862745098039,
        "precision": 0.5,
        "recall": 0.034482758620689655,
        "f1_score": 0.06451612903225806,
        "confusion_matrix": [
            [
                72,
                1
            ],
            [
                28,
                1
            ]
        ]
    }
}