{
    "args": {
        "graph_path": "graphs/politifact/14_shot_roberta_knn_5_smpf10.pt",
        "model": "GAT",
        "dropout_rate": 0.5,
        "hidden_channels": 128,
        "gat_heads": 8,
        "lr": 0.0001,
        "weight_decay": 0.0001,
        "n_epochs": 300,
        "patience": 30,
        "seed": 42,
        "output_dir": "results"
    },
    "model_name": "GAT_politifact_14_shot_roberta_knn_5_smpf10",
    "training_history": {
        "final_train_loss": 0.5170310139656067,
        "final_train_acc": 0.8571428571428571,
        "final_val_loss": 0.5896002054214478,
        "final_val_acc": 0.7352941176470589,
        "final_val_f1": 0.6899696048632218,
        "best_val_f1": 0.7292471042471043,
        "best_epoch": 51,
        "total_epochs": 106,
        "training_time_seconds": 2.468557834625244
    },
    "final_test_metrics": {
        "accuracy": 0.7843137254901961,
        "precision": 0.7348148148148148,
        "recall": 0.7246102975909305,
        "f1_score": 0.7292471042471043,
        "confusion_matrix": [
            [
                63,
                10
            ],
            [
                12,
                17
            ]
        ]
    }
}