{
    "args": {
        "graph_path": "graphs/politifact/14_shot_roberta_knn_5_smpf10.pt",
        "model": "GAT",
        "dropout_rate": 0.5,
        "hidden_channels": 128,
        "gat_heads": 8,
        "lr": 0.0001,
        "weight_decay": 0.0001,
        "n_epochs": 300,
        "patience": 30,
        "seed": 42,
        "output_dir": "results"
    },
    "model_name": "GAT_politifact_14_shot_roberta_knn_5_smpf10",
    "training_history": {
        "final_train_loss": 0.5864678621292114,
        "final_train_acc": 0.7857142857142857,
        "final_val_loss": 0.554405927658081,
        "final_val_acc": 0.803921568627451,
        "final_val_f1": 0.7419028340080972,
        "best_val_f1": 0.7419028340080972,
        "best_epoch": 129,
        "total_epochs": 216,
        "training_time_seconds": 3.1252949237823486
    },
    "final_test_metrics": {
        "accuracy": 0.803921568627451,
        "precision": 0.6956521739130435,
        "recall": 0.5517241379310345,
        "f1_score": 0.6153846153846154,
        "confusion_matrix": [
            [
                66,
                7
            ],
            [
                13,
                16
            ]
        ]
    }
}