{
    "args": {
        "graph_path": "graphs/politifact/10_shot_distilbert_knn_8_smpf10.pt",
        "model": "GAT",
        "dropout_rate": 0.5,
        "hidden_channels": 128,
        "gat_heads": 8,
        "lr": 0.0001,
        "weight_decay": 0.0001,
        "n_epochs": 300,
        "patience": 30,
        "seed": 42,
        "output_dir": "results"
    },
    "model_name": "GAT_politifact_10_shot_distilbert_knn_8_smpf10",
    "training_history": {
        "final_train_loss": 0.38266807794570923,
        "final_train_acc": 0.9,
        "final_val_loss": 0.587946355342865,
        "final_val_acc": 0.7352941176470589,
        "final_val_f1": 0.7083553955310812,
        "best_val_f1": 0.754442279032443,
        "best_epoch": 19,
        "total_epochs": 69,
        "training_time_seconds": 2.3596622943878174
    },
    "final_test_metrics": {
        "accuracy": 0.7941176470588235,
        "precision": 0.7482142857142857,
        "recall": 0.7626358053849788,
        "f1_score": 0.754442279032443,
        "confusion_matrix": [
            [
                61,
                12
            ],
            [
                9,
                20
            ]
        ]
    }
}