{
    "args": {
        "graph_path": "graphs_hetero/politifact/16_shot_distilbert_hetero_knn_5_smpf10.pt",
        "model": "HGT",
        "target_node_type": "news",
        "dropout_rate": 0.0,
        "hidden_channels": 128,
        "hgt_han_heads": 4,
        "hgt_layers": 1,
        "lr": 0.0001,
        "weight_decay": 0.0001,
        "n_epochs": 300,
        "patience": 30,
        "seed": 42,
        "output_dir_base": "results_hetero"
    },
    "model_name": "HGT_politifact_16_shot_distilbert_hetero_knn_5_smpf10",
    "training_history": {
        "final_train_loss": 0.06109815463423729,
        "final_train_acc": 0.96875,
        "final_val_loss": 0.6825946569442749,
        "final_val_acc": 0.7254901960784313,
        "final_val_f1": 0.7031185031185031,
        "best_val_f1": 0.7818304626815265,
        "best_epoch": 62,
        "total_epochs_run": 122,
        "training_time_seconds": 5.100744724273682
    },
    "final_test_metrics_on_target_node": {
        "accuracy": 0.8137254901960784,
        "precision": 0.7720588235294118,
        "recall": 0.7971185640056684,
        "f1_score": 0.7818304626815265,
        "confusion_matrix": [
            [
                61,
                12
            ],
            [
                7,
                22
            ]
        ]
    }
}