{
    "args": {
        "graph_path": "graphs/gossipcop/13_shot_combined_mutual_knn_8_smpf10.pt",
        "model": "GAT",
        "dropout_rate": 0.5,
        "hidden_channels": 128,
        "gat_heads": 8,
        "lr": 0.0001,
        "weight_decay": 0.0001,
        "n_epochs": 300,
        "patience": 30,
        "seed": 42,
        "output_dir": "results"
    },
    "model_name": "GAT_gossipcop_13_shot_combined_mutual_knn_8_smpf10",
    "training_history": {
        "final_train_loss": 0.6750243306159973,
        "final_train_acc": 0.6153846153846154,
        "final_val_loss": 0.6559922695159912,
        "final_val_acc": 0.6579341317365269,
        "final_val_f1": 0.5233026961358405,
        "best_val_f1": 0.5319642832201337,
        "best_epoch": 103,
        "total_epochs": 133,
        "training_time_seconds": 2.510575771331787
    },
    "final_test_metrics": {
        "accuracy": 0.7136976047904192,
        "precision": 0.2400793650793651,
        "recall": 0.24055666003976142,
        "f1_score": 0.24031777557100298,
        "confusion_matrix": [
            [
                1786,
                383
            ],
            [
                382,
                121
            ]
        ]
    }
}