{
    "args": {
        "graph_path": "graphs_hetero/gossipcop/7_shot_distilbert_hetero_knn_5_smpf10.pt",
        "model": "HGT",
        "target_node_type": "news",
        "dropout_rate": 0.0,
        "hidden_channels": 128,
        "hgt_han_heads": 4,
        "hgt_layers": 1,
        "lr": 0.0001,
        "weight_decay": 0.0001,
        "n_epochs": 300,
        "patience": 30,
        "seed": 42,
        "output_dir_base": "results_hetero"
    },
    "model_name": "HGT_gossipcop_7_shot_distilbert_hetero_knn_5_smpf10",
    "training_history": {
        "final_train_loss": 0.04268082603812218,
        "final_train_acc": 1.0,
        "final_val_loss": 0.9023698568344116,
        "final_val_acc": 0.5748502994011976,
        "final_val_f1": 0.5198963426361768,
        "best_val_f1": 0.5551509084423579,
        "best_epoch": 69,
        "total_epochs_run": 119,
        "training_time_seconds": 5.238577842712402
    },
    "final_test_metrics_on_target_node": {
        "accuracy": 0.6534431137724551,
        "precision": 0.5608359324942542,
        "recall": 0.5895507544864516,
        "f1_score": 0.5551509084423579,
        "confusion_matrix": [
            [
                1501,
                668
            ],
            [
                258,
                245
            ]
        ]
    }
}