{
  "accuracy": 0.7863023952095808,
  "precision": 0.6480851798474749,
  "recall": 0.6446626831908503,
  "f1_score": 0.6463202129526409
}