{
  "accuracy": 0.7892964071856288,
  "precision": 0.6562959133699733,
  "recall": 0.6579595731283118,
  "f1_score": 0.6571160004221273
}