{
    "args": {
        "graph_path": "graphs/politifact/10_shot_distilbert_knn_6_smpf10.pt",
        "model": "GAT",
        "dropout_rate": 0.5,
        "hidden_channels": 128,
        "gat_heads": 8,
        "lr": 0.0001,
        "weight_decay": 0.0001,
        "n_epochs": 300,
        "patience": 30,
        "seed": 42,
        "output_dir": "results"
    },
    "model_name": "GAT_politifact_10_shot_distilbert_knn_6_smpf10",
    "training_history": {
        "final_train_loss": 0.4896402955055237,
        "final_train_acc": 0.8,
        "final_val_loss": 0.5675792694091797,
        "final_val_acc": 0.7450980392156863,
        "final_val_f1": 0.7132352941176471,
        "best_val_f1": 0.7495535714285715,
        "best_epoch": 31,
        "total_epochs": 77,
        "training_time_seconds": 2.393867254257202
    },
    "final_test_metrics": {
        "accuracy": 0.7843137254901961,
        "precision": 0.7402985074626866,
        "recall": 0.7661785545583373,
        "f1_score": 0.7495535714285715,
        "confusion_matrix": [
            [
                59,
                14
            ],
            [
                8,
                21
            ]
        ]
    }
}