{
  "accuracy": 0.5686274509803921,
  "f1": 0.5603448275862069,
  "precision": 0.6050453291288924,
  "recall": 0.6258856872933396,
  "confusion_matrix": [
    [
      36,
      37
    ],
    [
      7,
      22
    ]
  ]
}