{
    "args": {
        "graph_path": "graphs/politifact/8_shot_bert_knn_5_smpf10.pt",
        "model": "GAT",
        "dropout_rate": 0.5,
        "hidden_channels": 128,
        "gat_heads": 8,
        "lr": 0.0001,
        "weight_decay": 0.0001,
        "n_epochs": 300,
        "patience": 30,
        "seed": 42,
        "output_dir": "results"
    },
    "model_name": "GAT_politifact_8_shot_bert_knn_5_smpf10",
    "training_history": {
        "final_train_loss": 0.16946738958358765,
        "final_train_acc": 1.0,
        "final_val_loss": 0.732796311378479,
        "final_val_acc": 0.7156862745098039,
        "final_val_f1": 0.6942635658914729,
        "best_val_f1": 0.7183761120768994,
        "best_epoch": 71,
        "total_epochs": 111,
        "training_time_seconds": 3.5511696338653564
    },
    "final_test_metrics": {
        "accuracy": 0.7352941176470589,
        "precision": 0.7233796296296297,
        "recall": 0.7735002361832781,
        "f1_score": 0.7183761120768994,
        "confusion_matrix": [
            [
                50,
                23
            ],
            [
                4,
                25
            ]
        ]
    }
}