{
    "args": {
        "graph_path": "graphs/gossipcop/4_shot_combined_mutual_knn_5_smpf10.pt",
        "model": "GAT",
        "dropout_rate": 0.5,
        "hidden_channels": 128,
        "gat_heads": 8,
        "lr": 0.0001,
        "weight_decay": 0.0001,
        "n_epochs": 300,
        "patience": 30,
        "seed": 42,
        "output_dir": "results"
    },
    "model_name": "GAT_gossipcop_4_shot_combined_mutual_knn_5_smpf10",
    "training_history": {
        "final_train_loss": 0.5842632055282593,
        "final_train_acc": 0.75,
        "final_val_loss": 0.6445085406303406,
        "final_val_acc": 0.8154940119760479,
        "final_val_f1": 0.5296538894810039,
        "best_val_f1": 0.5797843713802013,
        "best_epoch": 36,
        "total_epochs": 78,
        "training_time_seconds": 2.047548294067383
    },
    "final_test_metrics": {
        "accuracy": 0.7357784431137725,
        "precision": 0.3123844731977819,
        "recall": 0.3359840954274354,
        "f1_score": 0.32375478927203066,
        "confusion_matrix": [
            [
                1797,
                372
            ],
            [
                334,
                169
            ]
        ]
    }
}