{
    "args": {
        "graph_path": "graphs/politifact/7_shot_roberta_mutual_knn_7.pt",
        "model": "GAT",
        "dropout_rate": 0.5,
        "hidden_channels": 128,
        "gat_heads": 8,
        "lr": 0.0001,
        "weight_decay": 0.0001,
        "n_epochs": 300,
        "patience": 30,
        "seed": 42,
        "output_dir": "results"
    },
    "model_name": "GAT_politifact_7_shot_roberta_mutual_knn_7",
    "training_history": {
        "final_train_loss": 0.4895540773868561,
        "final_train_acc": 0.7142857142857143,
        "final_val_loss": 0.6337940692901611,
        "final_val_acc": 0.696078431372549,
        "final_val_f1": 0.6731782945736434,
        "best_val_f1": 0.7254901960784315,
        "best_epoch": 49,
        "total_epochs": 106,
        "training_time_seconds": 2.1639411449432373
    },
    "final_test_metrics": {
        "accuracy": 0.7941176470588235,
        "precision": 0.6818181818181818,
        "recall": 0.5172413793103449,
        "f1_score": 0.5882352941176471,
        "confusion_matrix": [
            [
                66,
                7
            ],
            [
                14,
                15
            ]
        ]
    }
}