{
    "args": {
        "graph_path": "graphs_hetero/gossipcop/6_shot_bert_hetero_knn_5_smpf10.pt",
        "model": "HGT",
        "target_node_type": "news",
        "dropout_rate": 0.0,
        "hidden_channels": 128,
        "hgt_han_heads": 4,
        "hgt_layers": 1,
        "lr": 0.0001,
        "weight_decay": 0.0001,
        "n_epochs": 300,
        "patience": 30,
        "seed": 42,
        "output_dir_base": "results_hetero"
    },
    "model_name": "HGT_gossipcop_6_shot_bert_hetero_knn_5_smpf10",
    "training_history": {
        "final_train_loss": 0.017089059576392174,
        "final_train_acc": 1.0,
        "final_val_loss": 1.1845667362213135,
        "final_val_acc": 0.5557634730538922,
        "final_val_f1": 0.5045593336648077,
        "best_val_f1": 0.5128760482846764,
        "best_epoch": 80,
        "total_epochs_run": 110,
        "training_time_seconds": 4.9602508544921875
    },
    "final_test_metrics_on_target_node": {
        "accuracy": 0.5774700598802395,
        "precision": 0.5452989187082506,
        "recall": 0.573295588387609,
        "f1_score": 0.5128760482846764,
        "confusion_matrix": [
            [
                1258,
                911
            ],
            [
                218,
                285
            ]
        ]
    }
}