{
  "accuracy": 0.8725490196078431,
  "precision": 0.8455598455598455,
  "recall": 0.8382144544166272,
  "f1_score": 0.8417472252058718
}