{
    "args": {
        "graph_path": "graphs/politifact/3_shot_combined_knn_8.pt",
        "model": "GAT",
        "dropout_rate": 0.5,
        "hidden_channels": 128,
        "gat_heads": 8,
        "lr": 0.0001,
        "weight_decay": 0.0001,
        "n_epochs": 300,
        "patience": 30,
        "seed": 42,
        "output_dir": "results"
    },
    "model_name": "GAT_politifact_3_shot_combined_knn_8",
    "training_history": {
        "final_train_loss": 0.330026239156723,
        "final_train_acc": 1.0,
        "final_val_loss": 0.5877251625061035,
        "final_val_acc": 0.6666666666666666,
        "final_val_f1": 0.6533386645341863,
        "best_val_f1": 0.7390191897654584,
        "best_epoch": 91,
        "total_epochs": 255,
        "training_time_seconds": 4.098408222198486
    },
    "final_test_metrics": {
        "accuracy": 0.7647058823529411,
        "precision": 0.5609756097560976,
        "recall": 0.7931034482758621,
        "f1_score": 0.6571428571428571,
        "confusion_matrix": [
            [
                55,
                18
            ],
            [
                6,
                23
            ]
        ]
    }
}