{
    "args": {
        "graph_path": "graphs/gossipcop/6_shot_distilbert_knn_7_smpf10.pt",
        "model": "GAT",
        "dropout_rate": 0.5,
        "hidden_channels": 128,
        "gat_heads": 8,
        "lr": 0.0001,
        "weight_decay": 0.0001,
        "n_epochs": 300,
        "patience": 30,
        "seed": 42,
        "output_dir": "results"
    },
    "model_name": "GAT_gossipcop_6_shot_distilbert_knn_7_smpf10",
    "training_history": {
        "final_train_loss": 0.3318937122821808,
        "final_train_acc": 0.8333333333333334,
        "final_val_loss": 0.6590461134910583,
        "final_val_acc": 0.6100299401197605,
        "final_val_f1": 0.5258238318390492,
        "best_val_f1": 0.563929234166064,
        "best_epoch": 17,
        "total_epochs": 81,
        "training_time_seconds": 4.356330156326294
    },
    "final_test_metrics": {
        "accuracy": 0.7616017964071856,
        "precision": 0.5758365228825698,
        "recall": 0.559204936356962,
        "f1_score": 0.563929234166064,
        "confusion_matrix": [
            [
                1917,
                252
            ],
            [
                385,
                118
            ]
        ]
    }
}