{
  "accuracy": 0.6949850299401198,
  "precision": 0.5981916644341536,
  "recall": 0.6410980864467414,
  "f1_score": 0.6005856736650256
}