{
    "args": {
        "graph_path": "graphs/politifact/14_shot_combined_knn_7.pt",
        "model": "GAT",
        "dropout_rate": 0.5,
        "hidden_channels": 128,
        "gat_heads": 8,
        "lr": 0.0001,
        "weight_decay": 0.0001,
        "n_epochs": 300,
        "patience": 30,
        "seed": 42,
        "output_dir": "results"
    },
    "model_name": "GAT_politifact_14_shot_combined_knn_7",
    "training_history": {
        "final_train_loss": 0.45416730642318726,
        "final_train_acc": 0.7857142857142857,
        "final_val_loss": 0.528136670589447,
        "final_val_acc": 0.8137254901960784,
        "final_val_f1": 0.7734658094681472,
        "best_val_f1": 0.7884075655887737,
        "best_epoch": 293,
        "total_epochs": 300,
        "training_time_seconds": 4.362093448638916
    },
    "final_test_metrics": {
        "accuracy": 0.8333333333333334,
        "precision": 0.7307692307692307,
        "recall": 0.6551724137931034,
        "f1_score": 0.6909090909090909,
        "confusion_matrix": [
            [
                66,
                7
            ],
            [
                10,
                19
            ]
        ]
    }
}