{
    "args": {
        "graph_path": "graphs/politifact/16_shot_roberta_mutual_knn_5_smpf10.pt",
        "model": "GAT",
        "dropout_rate": 0.5,
        "hidden_channels": 128,
        "gat_heads": 8,
        "lr": 0.0001,
        "weight_decay": 0.0001,
        "n_epochs": 300,
        "patience": 30,
        "seed": 42,
        "output_dir": "results"
    },
    "model_name": "GAT_politifact_16_shot_roberta_mutual_knn_5_smpf10",
    "training_history": {
        "final_train_loss": 0.5757197737693787,
        "final_train_acc": 0.84375,
        "final_val_loss": 0.49170783162117004,
        "final_val_acc": 0.8137254901960784,
        "final_val_f1": 0.7516339869281046,
        "best_val_f1": 0.8174006444683136,
        "best_epoch": 260,
        "total_epochs": 300,
        "training_time_seconds": 4.2289793491363525
    },
    "final_test_metrics": {
        "accuracy": 0.8529411764705882,
        "precision": 0.75,
        "recall": 0.7241379310344828,
        "f1_score": 0.7368421052631579,
        "confusion_matrix": [
            [
                66,
                7
            ],
            [
                8,
                21
            ]
        ]
    }
}