{
    "args": {
        "graph_path": "graphs/gossipcop/14_shot_combined_knn_3_smpf10.pt",
        "model": "GAT",
        "dropout_rate": 0.5,
        "hidden_channels": 128,
        "gat_heads": 8,
        "lr": 0.0001,
        "weight_decay": 0.0001,
        "n_epochs": 300,
        "patience": 30,
        "seed": 42,
        "output_dir": "results"
    },
    "model_name": "GAT_gossipcop_14_shot_combined_knn_3_smpf10",
    "training_history": {
        "final_train_loss": 0.6027573943138123,
        "final_train_acc": 0.5357142857142857,
        "final_val_loss": 0.6736896634101868,
        "final_val_acc": 0.593562874251497,
        "final_val_f1": 0.5080531137282347,
        "best_val_f1": 0.5357556451272382,
        "best_epoch": 79,
        "total_epochs": 145,
        "training_time_seconds": 2.6319234371185303
    },
    "final_test_metrics": {
        "accuracy": 0.718188622754491,
        "precision": 0.24696356275303644,
        "recall": 0.24254473161033796,
        "f1_score": 0.24473420260782347,
        "confusion_matrix": [
            [
                1797,
                372
            ],
            [
                381,
                122
            ]
        ]
    }
}