{
    "args": {
        "graph_path": "graphs/gossipcop/10_shot_roberta_knn_3_smpf10.pt",
        "model": "GAT",
        "dropout_rate": 0.5,
        "hidden_channels": 128,
        "gat_heads": 8,
        "lr": 0.0001,
        "weight_decay": 0.0001,
        "n_epochs": 300,
        "patience": 30,
        "seed": 42,
        "output_dir": "results"
    },
    "model_name": "GAT_gossipcop_10_shot_roberta_knn_3_smpf10",
    "training_history": {
        "final_train_loss": 1.0799378156661987,
        "final_train_acc": 0.6,
        "final_val_loss": 0.609065055847168,
        "final_val_acc": 0.8046407185628742,
        "final_val_f1": 0.4477590193532039,
        "best_val_f1": 0.4593101872131335,
        "best_epoch": 7,
        "total_epochs": 71,
        "training_time_seconds": 1.6841068267822266
    },
    "final_test_metrics": {
        "accuracy": 0.7455089820359282,
        "precision": 0.10666666666666667,
        "recall": 0.04771371769383698,
        "f1_score": 0.06593406593406594,
        "confusion_matrix": [
            [
                1968,
                201
            ],
            [
                479,
                24
            ]
        ]
    }
}