{
    "model": "LSTM_politifact_bert_3_shot",
    "dataset": "politifact",
    "embedding": "bert",
    "k_shot": 3,
    "training_time": 0.6251749992370605,
    "best_epoch": 0,
    "final_train_accuracy": 0.8,
    "final_train_loss": 0.5807427167892456,
    "final_val_accuracy": 0.0,
    "final_val_loss": 0.883734941482544,
    "final_val_f1": 0.0,
    "test_metrics": {
        "accuracy": 0.7156862745098039,
        "precision": 0.35784313725490197,
        "recall": 0.5,
        "f1_score": 0.41714285714285715,
        "confusion_matrix": [
            [
                73,
                0
            ],
            [
                29,
                0
            ]
        ]
    }
}