{
    "args": {
        "graph_path": "graphs/gossipcop/7_shot_distilbert_knn_7_smpf10.pt",
        "model": "GAT",
        "dropout_rate": 0.5,
        "hidden_channels": 128,
        "gat_heads": 8,
        "lr": 0.0001,
        "weight_decay": 0.0001,
        "n_epochs": 300,
        "patience": 30,
        "seed": 42,
        "output_dir": "results"
    },
    "model_name": "GAT_gossipcop_7_shot_distilbert_knn_7_smpf10",
    "training_history": {
        "final_train_loss": 0.4355632960796356,
        "final_train_acc": 0.8571428571428571,
        "final_val_loss": 0.6481288075447083,
        "final_val_acc": 0.6167664670658682,
        "final_val_f1": 0.5231338955070718,
        "best_val_f1": 0.5576603617884401,
        "best_epoch": 14,
        "total_epochs": 62,
        "training_time_seconds": 3.413329839706421
    },
    "final_test_metrics": {
        "accuracy": 0.7294161676646707,
        "precision": 0.5576165583084403,
        "recall": 0.5577044876888966,
        "f1_score": 0.5576603617884401,
        "confusion_matrix": [
            [
                1807,
                362
            ],
            [
                361,
                142
            ]
        ]
    }
}