{
  "accuracy": 0.7200598802395209,
  "precision": 0.5853529594305091,
  "recall": 0.6046239849973465,
  "f1_score": 0.590739580389796
}