{
    "args": {
        "graph_path": "graphs/politifact/15_shot_combined_knn_8_smpf10.pt",
        "model": "GAT",
        "dropout_rate": 0.5,
        "hidden_channels": 128,
        "gat_heads": 8,
        "lr": 0.0001,
        "weight_decay": 0.0001,
        "n_epochs": 300,
        "patience": 30,
        "seed": 42,
        "output_dir": "results"
    },
    "model_name": "GAT_politifact_15_shot_combined_knn_8_smpf10",
    "training_history": {
        "final_train_loss": 0.4750121235847473,
        "final_train_acc": 0.9,
        "final_val_loss": 0.5504403710365295,
        "final_val_acc": 0.8431372549019608,
        "final_val_f1": 0.8111111111111111,
        "best_val_f1": 0.8174006444683136,
        "best_epoch": 189,
        "total_epochs": 239,
        "training_time_seconds": 3.837113380432129
    },
    "final_test_metrics": {
        "accuracy": 0.8529411764705882,
        "precision": 0.75,
        "recall": 0.7241379310344828,
        "f1_score": 0.7368421052631579,
        "confusion_matrix": [
            [
                66,
                7
            ],
            [
                8,
                21
            ]
        ]
    }
}