{
    "args": {
        "graph_path": "graphs/politifact/6_shot_roberta_knn_5.pt",
        "model": "GAT",
        "dropout_rate": 0.5,
        "hidden_channels": 128,
        "gat_heads": 8,
        "lr": 0.0001,
        "weight_decay": 0.0001,
        "n_epochs": 300,
        "patience": 30,
        "seed": 42,
        "output_dir": "results"
    },
    "model_name": "GAT_politifact_6_shot_roberta_knn_5",
    "training_history": {
        "final_train_loss": 0.587584376335144,
        "final_train_acc": 0.75,
        "final_val_loss": 0.6237959265708923,
        "final_val_acc": 0.7156862745098039,
        "final_val_f1": 0.41714285714285715,
        "best_val_f1": 0.4725366876310273,
        "best_epoch": 1,
        "total_epochs": 55,
        "training_time_seconds": 1.5764665603637695
    },
    "final_test_metrics": {
        "accuracy": 0.6372549019607843,
        "precision": 0.25,
        "recall": 0.13793103448275862,
        "f1_score": 0.17777777777777778,
        "confusion_matrix": [
            [
                61,
                12
            ],
            [
                25,
                4
            ]
        ]
    }
}