{
    "args": {
        "graph_path": "graphs/politifact/12_shot_roberta_mutual_knn_6_smpf10.pt",
        "model": "GAT",
        "dropout_rate": 0.5,
        "hidden_channels": 128,
        "gat_heads": 8,
        "lr": 0.0001,
        "weight_decay": 0.0001,
        "n_epochs": 300,
        "patience": 30,
        "seed": 42,
        "output_dir": "results"
    },
    "model_name": "GAT_politifact_12_shot_roberta_mutual_knn_6_smpf10",
    "training_history": {
        "final_train_loss": 0.523695170879364,
        "final_train_acc": 0.75,
        "final_val_loss": 0.59669029712677,
        "final_val_acc": 0.7254901960784313,
        "final_val_f1": 0.68125,
        "best_val_f1": 0.744360902255639,
        "best_epoch": 116,
        "total_epochs": 166,
        "training_time_seconds": 2.9059412479400635
    },
    "final_test_metrics": {
        "accuracy": 0.7941176470588235,
        "precision": 0.6428571428571429,
        "recall": 0.6206896551724138,
        "f1_score": 0.631578947368421,
        "confusion_matrix": [
            [
                63,
                10
            ],
            [
                11,
                18
            ]
        ]
    }
}