{
    "args": {
        "graph_path": "graphs_hetero/politifact/6_shot_bigbird_hetero_knn_5_smpf10.pt",
        "model": "HGT",
        "target_node_type": "news",
        "dropout_rate": 0.0,
        "hidden_channels": 128,
        "hgt_han_heads": 4,
        "hgt_layers": 1,
        "lr": 0.0001,
        "weight_decay": 0.0001,
        "n_epochs": 300,
        "patience": 30,
        "seed": 42,
        "output_dir_base": "results_hetero"
    },
    "model_name": "HGT_politifact_6_shot_bigbird_hetero_knn_5_smpf10",
    "training_history": {
        "final_train_loss": 0.0012413952499628067,
        "final_train_acc": 1.0,
        "final_val_loss": 0.9780993461608887,
        "final_val_acc": 0.6862745098039216,
        "final_val_f1": 0.6565656565656566,
        "best_val_f1": 0.6565656565656566,
        "best_epoch": 181,
        "total_epochs_run": 211,
        "training_time_seconds": 7.50348162651062
    },
    "final_test_metrics_on_target_node": {
        "accuracy": 0.6862745098039216,
        "precision": 0.6562869530942057,
        "recall": 0.6872933396315541,
        "f1_score": 0.6565656565656566,
        "confusion_matrix": [
            [
                50,
                23
            ],
            [
                9,
                20
            ]
        ]
    }
}