{
    "args": {
        "graph_path": "graphs/gossipcop/4_shot_roberta_knn_8_smpf10.pt",
        "model": "GAT",
        "dropout_rate": 0.5,
        "hidden_channels": 128,
        "gat_heads": 8,
        "lr": 0.0001,
        "weight_decay": 0.0001,
        "n_epochs": 300,
        "patience": 30,
        "seed": 42,
        "output_dir": "results"
    },
    "model_name": "GAT_gossipcop_4_shot_roberta_knn_8_smpf10",
    "training_history": {
        "final_train_loss": 0.5137344002723694,
        "final_train_acc": 0.875,
        "final_val_loss": 0.5971830487251282,
        "final_val_acc": 0.7413922155688623,
        "final_val_f1": 0.5428082416503507,
        "best_val_f1": 0.5536208894506041,
        "best_epoch": 149,
        "total_epochs": 187,
        "training_time_seconds": 4.2653326988220215
    },
    "final_test_metrics": {
        "accuracy": 0.7166916167664671,
        "precision": 0.5520457280385078,
        "recall": 0.5559748929200271,
        "f1_score": 0.5536208894506041,
        "confusion_matrix": [
            [
                1765,
                404
            ],
            [
                353,
                150
            ]
        ]
    }
}