{
    "model": "MLP_gossipcop_5_shot_bert",
    "dataset": "gossipcop",
    "embedding": "bert",
    "k_shot": 5,
    "training_time": 0.454608678817749,
    "best_epoch": 0,
    "final_train_accuracy": 1.0,
    "final_train_loss": 0.24126461148262024,
    "final_val_accuracy": 0.0,
    "final_val_loss": 1.070587396621704,
    "final_val_f1": 0.0,
    "test_metrics": {
        "accuracy": 0.7694610778443114,
        "precision": 0.5446650353590139,
        "recall": 0.5243431068728248,
        "f1_score": 0.5212204986433215,
        "confusion_matrix": [
            [
                1990,
                179
            ],
            [
                437,
                66
            ]
        ]
    }
}