{
    "args": {
        "graph_path": "graphs/gossipcop/15_shot_roberta_mutual_knn_4_smpf10.pt",
        "model": "GAT",
        "dropout_rate": 0.5,
        "hidden_channels": 128,
        "gat_heads": 8,
        "lr": 0.0001,
        "weight_decay": 0.0001,
        "n_epochs": 300,
        "patience": 30,
        "seed": 42,
        "output_dir": "results"
    },
    "model_name": "GAT_gossipcop_15_shot_roberta_mutual_knn_4_smpf10",
    "training_history": {
        "final_train_loss": 0.6428581476211548,
        "final_train_acc": 0.6666666666666666,
        "final_val_loss": 0.6168910264968872,
        "final_val_acc": 0.6979790419161677,
        "final_val_f1": 0.5077676598268345,
        "best_val_f1": 0.5134773634061603,
        "best_epoch": 189,
        "total_epochs": 219,
        "training_time_seconds": 11.857544898986816
    },
    "final_test_metrics": {
        "accuracy": 0.7219311377245509,
        "precision": 0.5154465871606191,
        "recall": 0.5133912981309927,
        "f1_score": 0.5134773634061603,
        "confusion_matrix": [
            [
                1839,
                330
            ],
            [
                413,
                90
            ]
        ]
    }
}