{
    "args": {
        "graph_path": "graphs/politifact/13_shot_combined_knn_5_smpf10.pt",
        "model": "GAT",
        "dropout_rate": 0.5,
        "hidden_channels": 128,
        "gat_heads": 8,
        "lr": 0.0001,
        "weight_decay": 0.0001,
        "n_epochs": 300,
        "patience": 30,
        "seed": 42,
        "output_dir": "results"
    },
    "model_name": "GAT_politifact_13_shot_combined_knn_5_smpf10",
    "training_history": {
        "final_train_loss": 0.3333697021007538,
        "final_train_acc": 0.9230769230769231,
        "final_val_loss": 0.4730229079723358,
        "final_val_acc": 0.8137254901960784,
        "final_val_f1": 0.7855008301051467,
        "best_val_f1": 0.7855008301051467,
        "best_epoch": 287,
        "total_epochs": 300,
        "training_time_seconds": 6.9527270793914795
    },
    "final_test_metrics": {
        "accuracy": 0.8137254901960784,
        "precision": 0.773989898989899,
        "recall": 0.8075106282475201,
        "f1_score": 0.7855008301051467,
        "confusion_matrix": [
            [
                60,
                13
            ],
            [
                6,
                23
            ]
        ]
    }
}