{
    "args": {
        "graph_path": "graphs_hetero/gossipcop/10_shot_bert_hetero_knn_5_smpf10.pt",
        "model": "HGT",
        "target_node_type": "news",
        "dropout_rate": 0.0,
        "hidden_channels": 128,
        "hgt_han_heads": 4,
        "hgt_layers": 1,
        "lr": 0.0001,
        "weight_decay": 0.0001,
        "n_epochs": 300,
        "patience": 30,
        "seed": 42,
        "output_dir_base": "results_hetero"
    },
    "model_name": "HGT_gossipcop_10_shot_bert_hetero_knn_5_smpf10",
    "training_history": {
        "final_train_loss": 0.0056627425365149975,
        "final_train_acc": 1.0,
        "final_val_loss": 1.3339745998382568,
        "final_val_acc": 0.6717814371257484,
        "final_val_f1": 0.5577039845153058,
        "best_val_f1": 0.5620574031443657,
        "best_epoch": 108,
        "total_epochs_run": 138,
        "training_time_seconds": 5.784139394760132
    },
    "final_test_metrics_on_target_node": {
        "accuracy": 0.6699101796407185,
        "precision": 0.5635195969509297,
        "recall": 0.5897679849900138,
        "f1_score": 0.5620574031443657,
        "confusion_matrix": [
            [
                1558,
                611
            ],
            [
                271,
                232
            ]
        ]
    }
}