{
  "accuracy": 0.7254901960784313,
  "precision": 0.696491919590067,
  "recall": 0.73547472838923,
  "f1_score": 0.6994949494949495
}