{
    "args": {
        "graph_path": "graphs/gossipcop/8_shot_distilbert_knn_7_smpf10.pt",
        "model": "GAT",
        "dropout_rate": 0.5,
        "hidden_channels": 128,
        "gat_heads": 8,
        "lr": 0.0001,
        "weight_decay": 0.0001,
        "n_epochs": 300,
        "patience": 30,
        "seed": 42,
        "output_dir": "results"
    },
    "model_name": "GAT_gossipcop_8_shot_distilbert_knn_7_smpf10",
    "training_history": {
        "final_train_loss": 0.5861877799034119,
        "final_train_acc": 0.625,
        "final_val_loss": 0.6697043776512146,
        "final_val_acc": 0.5853293413173652,
        "final_val_f1": 0.4926541705652721,
        "best_val_f1": 0.5314265847687297,
        "best_epoch": 19,
        "total_epochs": 55,
        "training_time_seconds": 3.152433156967163
    },
    "final_test_metrics": {
        "accuracy": 0.7428892215568862,
        "precision": 0.5382325016405802,
        "recall": 0.5301180469052903,
        "f1_score": 0.5314265847687297,
        "confusion_matrix": [
            [
                1890,
                279
            ],
            [
                408,
                95
            ]
        ]
    }
}