{
  "accuracy": 0.29411764705882354,
  "f1": 0.2273412321176007,
  "precision": 0.4588438659820021,
  "recall": 0.29411764705882354
}