{
    "args": {
        "graph_path": "graphs/politifact/8_shot_roberta_knn_5_smpf10.pt",
        "model": "GAT",
        "dropout_rate": 0.5,
        "hidden_channels": 128,
        "gat_heads": 8,
        "lr": 0.0001,
        "weight_decay": 0.0001,
        "n_epochs": 300,
        "patience": 30,
        "seed": 42,
        "output_dir": "results"
    },
    "model_name": "GAT_politifact_8_shot_roberta_knn_5_smpf10",
    "training_history": {
        "final_train_loss": 0.4893364906311035,
        "final_train_acc": 0.8125,
        "final_val_loss": 0.5931604504585266,
        "final_val_acc": 0.7450980392156863,
        "final_val_f1": 0.7088274044795784,
        "best_val_f1": 0.738621110433191,
        "best_epoch": 55,
        "total_epochs": 123,
        "training_time_seconds": 4.054463624954224
    },
    "final_test_metrics": {
        "accuracy": 0.7941176470588235,
        "precision": 0.7479757085020242,
        "recall": 0.7314596126594237,
        "f1_score": 0.738621110433191,
        "confusion_matrix": [
            [
                64,
                9
            ],
            [
                12,
                17
            ]
        ]
    }
}