{
    "args": {
        "graph_path": "graphs/politifact/14_shot_roberta_mutual_knn_4.pt",
        "model": "GAT",
        "dropout_rate": 0.5,
        "hidden_channels": 128,
        "gat_heads": 8,
        "lr": 0.0001,
        "weight_decay": 0.0001,
        "n_epochs": 300,
        "patience": 30,
        "seed": 42,
        "output_dir": "results"
    },
    "model_name": "GAT_politifact_14_shot_roberta_mutual_knn_4",
    "training_history": {
        "final_train_loss": 0.922525942325592,
        "final_train_acc": 0.6428571428571429,
        "final_val_loss": 0.6857737898826599,
        "final_val_acc": 0.45098039215686275,
        "final_val_f1": 0.45013477088948783,
        "best_val_f1": 0.6267786963003117,
        "best_epoch": 22,
        "total_epochs": 52,
        "training_time_seconds": 1.5595850944519043
    },
    "final_test_metrics": {
        "accuracy": 0.7352941176470589,
        "precision": 0.5555555555555556,
        "recall": 0.3448275862068966,
        "f1_score": 0.425531914893617,
        "confusion_matrix": [
            [
                65,
                8
            ],
            [
                19,
                10
            ]
        ]
    }
}