model,accuracy,f1_score,notes
LESS4FD,0.45098039215686275,0.4507692307692308,Aggregate metrics only
HeteroSGT,0.47058823529411764,0.3743752839618355,Aggregate metrics only
GenFEND,0.7156862745098039,0.4999154691462384,Aggregate metrics only
GemGNN_HAN,0.8725490196078431,0.8381940207443563,Requires inference for individual predictions
