{
    "args": {
        "graph_path": "graphs_hetero/gossipcop/16_shot_roberta_hetero_dual_knn_sim5_dis5_smpf10_mv3.pt",
        "model": "HAN",
        "target_node_type": "news",
        "dropout_rate": 0.0,
        "hidden_channels": 128,
        "hgt_han_heads": 4,
        "hgt_layers": 1,
        "lr": 0.0001,
        "weight_decay": 0.0001,
        "n_epochs": 300,
        "patience": 30,
        "seed": 42,
        "output_dir_base": "results_hetero"
    },
    "model_name": "HAN_gossipcop_16_shot_roberta_hetero_dual_knn_sim5_dis5_smpf10_mv3",
    "training_history": {
        "final_train_loss": 0.21801401674747467,
        "final_train_acc": 1.0,
        "final_val_loss": 0.6152176856994629,
        "final_val_acc": 0.6639221556886228,
        "final_val_f1": 0.5709164155958604,
        "best_val_f1": 0.5961975412198468,
        "best_epoch": 85,
        "total_epochs_run": 300,
        "training_time_seconds": 11.045655012130737
    },
    "final_test_metrics_on_target_node": {
        "accuracy": 0.7219311377245509,
        "precision": 0.5902907838559928,
        "recall": 0.6118847083474258,
        "f1_score": 0.5961975412198468,
        "confusion_matrix": [
            [
                1710,
                459
            ],
            [
                284,
                219
            ]
        ]
    }
}