{
  "accuracy": 0.7664670658682635,
  "precision": 0.626835757558598,
  "recall": 0.6354991306196935,
  "f1_score": 0.6307286701937286
}