{
    "args": {
        "graph_path": "graphs/gossipcop/9_shot_combined_knn_7_smpf10.pt",
        "model": "GAT",
        "dropout_rate": 0.5,
        "hidden_channels": 128,
        "gat_heads": 8,
        "lr": 0.0001,
        "weight_decay": 0.0001,
        "n_epochs": 300,
        "patience": 30,
        "seed": 42,
        "output_dir": "results"
    },
    "model_name": "GAT_gossipcop_9_shot_combined_knn_7_smpf10",
    "training_history": {
        "final_train_loss": 0.5304424166679382,
        "final_train_acc": 0.8888888888888888,
        "final_val_loss": 0.6004236936569214,
        "final_val_acc": 0.7608532934131736,
        "final_val_f1": 0.60603965104423,
        "best_val_f1": 0.6171843404804782,
        "best_epoch": 48,
        "total_epochs": 179,
        "training_time_seconds": 5.738786935806274
    },
    "final_test_metrics": {
        "accuracy": 0.7930389221556886,
        "precision": 0.6396732543710134,
        "recall": 0.606055231542969,
        "f1_score": 0.6171843404804782,
        "confusion_matrix": [
            [
                1965,
                204
            ],
            [
                349,
                154
            ]
        ]
    }
}