{
    "args": {
        "graph_path": "graphs/gossipcop/9_shot_combined_knn_7_smpf10.pt",
        "model": "GAT",
        "dropout_rate": 0.5,
        "hidden_channels": 128,
        "gat_heads": 8,
        "lr": 0.0001,
        "weight_decay": 0.0001,
        "n_epochs": 300,
        "patience": 30,
        "seed": 42,
        "output_dir": "results"
    },
    "model_name": "GAT_gossipcop_9_shot_combined_knn_7_smpf10",
    "training_history": {
        "final_train_loss": 0.561793327331543,
        "final_train_acc": 0.8888888888888888,
        "final_val_loss": 0.6381078958511353,
        "final_val_acc": 0.7630988023952096,
        "final_val_f1": 0.5584823417839979,
        "best_val_f1": 0.5761724335144409,
        "best_epoch": 69,
        "total_epochs": 128,
        "training_time_seconds": 2.5469722747802734
    },
    "final_test_metrics": {
        "accuracy": 0.7342814371257484,
        "precision": 0.30726256983240224,
        "recall": 0.32803180914512925,
        "f1_score": 0.3173076923076923,
        "confusion_matrix": [
            [
                1797,
                372
            ],
            [
                338,
                165
            ]
        ]
    }
}