{
    "args": {
        "graph_path": "graphs/politifact/6_shot_combined_mutual_knn_3.pt",
        "model": "GAT",
        "dropout_rate": 0.5,
        "hidden_channels": 128,
        "gat_heads": 8,
        "lr": 0.0001,
        "weight_decay": 0.0001,
        "n_epochs": 300,
        "patience": 30,
        "seed": 42,
        "output_dir": "results"
    },
    "model_name": "GAT_politifact_6_shot_combined_mutual_knn_3",
    "training_history": {
        "final_train_loss": 0.5187351703643799,
        "final_train_acc": 0.75,
        "final_val_loss": 0.7023528814315796,
        "final_val_acc": 0.38235294117647056,
        "final_val_f1": 0.3687002652519894,
        "best_val_f1": 0.5073863636363636,
        "best_epoch": 6,
        "total_epochs": 36,
        "training_time_seconds": 1.253333330154419
    },
    "final_test_metrics": {
        "accuracy": 0.6666666666666666,
        "precision": 0.3333333333333333,
        "recall": 0.1724137931034483,
        "f1_score": 0.22727272727272727,
        "confusion_matrix": [
            [
                63,
                10
            ],
            [
                24,
                5
            ]
        ]
    }
}