{
    "args": {
        "graph_path": "graphs/politifact/8_shot_roberta_knn_7.pt",
        "model": "GAT",
        "dropout_rate": 0.5,
        "hidden_channels": 128,
        "gat_heads": 8,
        "lr": 0.0001,
        "weight_decay": 0.0001,
        "n_epochs": 300,
        "patience": 30,
        "seed": 42,
        "output_dir": "results"
    },
    "model_name": "GAT_politifact_8_shot_roberta_knn_7",
    "training_history": {
        "final_train_loss": 0.579903244972229,
        "final_train_acc": 0.625,
        "final_val_loss": 0.5700045824050903,
        "final_val_acc": 0.803921568627451,
        "final_val_f1": 0.6890243902439024,
        "best_val_f1": 0.7006289308176101,
        "best_epoch": 73,
        "total_epochs": 141,
        "training_time_seconds": 2.498460531234741
    },
    "final_test_metrics": {
        "accuracy": 0.7941176470588235,
        "precision": 0.75,
        "recall": 0.41379310344827586,
        "f1_score": 0.5333333333333333,
        "confusion_matrix": [
            [
                69,
                4
            ],
            [
                17,
                12
            ]
        ]
    }
}