{
    "args": {
        "graph_path": "graphs/politifact/3_shot_combined_mutual_knn_3_smpf10.pt",
        "model": "GAT",
        "dropout_rate": 0.5,
        "hidden_channels": 128,
        "gat_heads": 8,
        "lr": 0.0001,
        "weight_decay": 0.0001,
        "n_epochs": 300,
        "patience": 30,
        "seed": 42,
        "output_dir": "results"
    },
    "model_name": "GAT_politifact_3_shot_combined_mutual_knn_3_smpf10",
    "training_history": {
        "final_train_loss": 0.43992576003074646,
        "final_train_acc": 0.8333333333333334,
        "final_val_loss": 0.5669780373573303,
        "final_val_acc": 0.6862745098039216,
        "final_val_f1": 0.6145488899385924,
        "best_val_f1": 0.681912681912682,
        "best_epoch": 212,
        "total_epochs": 300,
        "training_time_seconds": 4.40685510635376
    },
    "final_test_metrics": {
        "accuracy": 0.7058823529411765,
        "precision": 0.4888888888888889,
        "recall": 0.7586206896551724,
        "f1_score": 0.5945945945945946,
        "confusion_matrix": [
            [
                50,
                23
            ],
            [
                7,
                22
            ]
        ]
    }
}