{
    "args": {
        "graph_path": "graphs/politifact/5_shot_roberta_knn_5_smpf10.pt",
        "model": "GAT",
        "dropout_rate": 0.5,
        "hidden_channels": 128,
        "gat_heads": 8,
        "lr": 0.0001,
        "weight_decay": 0.0001,
        "n_epochs": 300,
        "patience": 30,
        "seed": 42,
        "output_dir": "results"
    },
    "model_name": "GAT_politifact_5_shot_roberta_knn_5_smpf10",
    "training_history": {
        "final_train_loss": 0.4017751216888428,
        "final_train_acc": 0.8,
        "final_val_loss": 0.5666821002960205,
        "final_val_acc": 0.6862745098039216,
        "final_val_f1": 0.6644736842105263,
        "best_val_f1": 0.6956677407805227,
        "best_epoch": 122,
        "total_epochs": 217,
        "training_time_seconds": 4.0524070262908936
    },
    "final_test_metrics": {
        "accuracy": 0.7549019607843137,
        "precision": 0.6978764478764479,
        "recall": 0.6936702881435994,
        "f1_score": 0.6956677407805227,
        "confusion_matrix": [
            [
                61,
                12
            ],
            [
                13,
                16
            ]
        ]
    }
}