{
    "args": {
        "graph_path": "graphs/gossipcop/4_shot_roberta_mutual_knn_7_smpf10.pt",
        "model": "GAT",
        "dropout_rate": 0.5,
        "hidden_channels": 128,
        "gat_heads": 8,
        "lr": 0.0001,
        "weight_decay": 0.0001,
        "n_epochs": 300,
        "patience": 30,
        "seed": 42,
        "output_dir": "results"
    },
    "model_name": "GAT_gossipcop_4_shot_roberta_mutual_knn_7_smpf10",
    "training_history": {
        "final_train_loss": 0.6766355037689209,
        "final_train_acc": 0.5,
        "final_val_loss": 0.6298477649688721,
        "final_val_acc": 0.6845059880239521,
        "final_val_f1": 0.5586158246060602,
        "best_val_f1": 0.5650576653635216,
        "best_epoch": 261,
        "total_epochs": 300,
        "training_time_seconds": 18.312740802764893
    },
    "final_test_metrics": {
        "accuracy": 0.7578592814371258,
        "precision": 0.5744320097080833,
        "recall": 0.5607173006222692,
        "f1_score": 0.5650576653635216,
        "confusion_matrix": [
            [
                1902,
                267
            ],
            [
                380,
                123
            ]
        ]
    }
}