{
  "accuracy": 0.6545658682634731,
  "precision": 0.5725759345794392,
  "recall": 0.6093301876156615,
  "f1_score": 0.565639638436937
}