{
    "args": {
        "graph_path": "graphs_hetero/gossipcop/4_shot_bigbird_hetero_knn_5_smpf10.pt",
        "model": "HAN",
        "target_node_type": "news",
        "dropout_rate": 0.0,
        "hidden_channels": 128,
        "hgt_han_heads": 4,
        "hgt_layers": 1,
        "lr": 0.0001,
        "weight_decay": 0.0001,
        "n_epochs": 300,
        "patience": 30,
        "seed": 42,
        "output_dir_base": "results_hetero"
    },
    "model_name": "HAN_gossipcop_4_shot_bigbird_hetero_knn_5_smpf10",
    "training_history": {
        "final_train_loss": 0.284248948097229,
        "final_train_acc": 1.0,
        "final_val_loss": 0.7406530976295471,
        "final_val_acc": 0.5924401197604791,
        "final_val_f1": 0.5227587740684448,
        "best_val_f1": 0.5254285812747029,
        "best_epoch": 101,
        "total_epochs_run": 131,
        "training_time_seconds": 4.4949541091918945
    },
    "final_test_metrics_on_target_node": {
        "accuracy": 0.623877245508982,
        "precision": 0.5373583154191909,
        "recall": 0.5560693011135583,
        "f1_score": 0.5254285812747029,
        "confusion_matrix": [
            [
                1442,
                727
            ],
            [
                278,
                225
            ]
        ]
    }
}