{
  "accuracy": 0.49101796407185627,
  "f1": 0.4610573474895161,
  "precision": 0.539294609640377,
  "recall": 0.5628020718473851,
  "confusion_matrix": [
    [
      971,
      1198
    ],
    [
      162,
      341
    ]
  ]
}