{
    "model": "LSTM_gossipcop_11_shot_bert",
    "dataset": "gossipcop",
    "embedding": "bert",
    "k_shot": 11,
    "training_time": 0.40268898010253906,
    "best_epoch": 6,
    "final_train_accuracy": 0.9473684210526315,
    "final_train_loss": 0.5526003837585449,
    "final_val_accuracy": 0.6666666666666666,
    "final_val_loss": 0.6805912852287292,
    "final_val_f1": 0.6666666666666666,
    "test_metrics": {
        "accuracy": 0.4184131736526946,
        "precision": 0.523376513260163,
        "recall": 0.5341148131955157,
        "f1_score": 0.40548666819007295,
        "confusion_matrix": [
            [
                756,
                1413
            ],
            [
                141,
                362
            ]
        ]
    }
}