{
    "model": "LSTM_politifact_14_shot_bert",
    "dataset": "politifact",
    "embedding": "bert",
    "k_shot": 14,
    "training_time": 0.8050975799560547,
    "best_epoch": 5,
    "final_train_accuracy": 0.875,
    "final_train_loss": 0.5560612082481384,
    "final_val_accuracy": 0.75,
    "final_val_loss": 0.6774348616600037,
    "final_val_f1": 0.7333333333333334,
    "test_metrics": {
        "accuracy": 0.5392156862745098,
        "precision": 0.6388392857142857,
        "recall": 0.6469059990552669,
        "f1_score": 0.5388167388167389,
        "confusion_matrix": [
            [
                29,
                44
            ],
            [
                3,
                26
            ]
        ]
    }
}