{
    "args": {
        "graph_path": "graphs/gossipcop/9_shot_combined_knn_3_smpf10.pt",
        "model": "GAT",
        "dropout_rate": 0.5,
        "hidden_channels": 128,
        "gat_heads": 8,
        "lr": 0.0001,
        "weight_decay": 0.0001,
        "n_epochs": 300,
        "patience": 30,
        "seed": 42,
        "output_dir": "results"
    },
    "model_name": "GAT_gossipcop_9_shot_combined_knn_3_smpf10",
    "training_history": {
        "final_train_loss": 0.6316917538642883,
        "final_train_acc": 0.5555555555555556,
        "final_val_loss": 0.6302967667579651,
        "final_val_acc": 0.718188622754491,
        "final_val_f1": 0.6017039492164696,
        "best_val_f1": 0.621394020519336,
        "best_epoch": 260,
        "total_epochs": 290,
        "training_time_seconds": 4.134157180786133
    },
    "final_test_metrics": {
        "accuracy": 0.7638473053892215,
        "precision": 0.37924528301886795,
        "recall": 0.3996023856858847,
        "f1_score": 0.38915779283639884,
        "confusion_matrix": [
            [
                1840,
                329
            ],
            [
                302,
                201
            ]
        ]
    }
}