{
  "accuracy": 0.8529411764705882,
  "precision": 0.8209459459459459,
  "recall": 0.8141237600377893,
  "f1_score": 0.8174006444683136
}