{
    "args": {
        "graph_path": "graphs/politifact/7_shot_combined_knn_7_smpf10.pt",
        "model": "GAT",
        "dropout_rate": 0.5,
        "hidden_channels": 128,
        "gat_heads": 8,
        "lr": 0.0001,
        "weight_decay": 0.0001,
        "n_epochs": 300,
        "patience": 30,
        "seed": 42,
        "output_dir": "results"
    },
    "model_name": "GAT_politifact_7_shot_combined_knn_7_smpf10",
    "training_history": {
        "final_train_loss": 0.4525030553340912,
        "final_train_acc": 0.8571428571428571,
        "final_val_loss": 0.6043257117271423,
        "final_val_acc": 0.7352941176470589,
        "final_val_f1": 0.7183761120768994,
        "best_val_f1": 0.7578408096963638,
        "best_epoch": 16,
        "total_epochs": 139,
        "training_time_seconds": 5.9434144496917725
    },
    "final_test_metrics": {
        "accuracy": 0.8137254901960784,
        "precision": 0.7772435897435898,
        "recall": 0.74515824279641,
        "f1_score": 0.7578408096963638,
        "confusion_matrix": [
            [
                66,
                7
            ],
            [
                12,
                17
            ]
        ]
    }
}