{
    "args": {
        "graph_path": "graphs/politifact/7_shot_combined_knn_7_smpf10.pt",
        "model": "GAT",
        "dropout_rate": 0.5,
        "hidden_channels": 128,
        "gat_heads": 8,
        "lr": 0.0001,
        "weight_decay": 0.0001,
        "n_epochs": 300,
        "patience": 30,
        "seed": 42,
        "output_dir": "results"
    },
    "model_name": "GAT_politifact_7_shot_combined_knn_7_smpf10",
    "training_history": {
        "final_train_loss": 0.4747130274772644,
        "final_train_acc": 1.0,
        "final_val_loss": 0.6156796813011169,
        "final_val_acc": 0.7058823529411765,
        "final_val_f1": 0.6941223510595762,
        "best_val_f1": 0.7496201052016365,
        "best_epoch": 115,
        "total_epochs": 179,
        "training_time_seconds": 3.0323307514190674
    },
    "final_test_metrics": {
        "accuracy": 0.7941176470588235,
        "precision": 0.6333333333333333,
        "recall": 0.6551724137931034,
        "f1_score": 0.6440677966101694,
        "confusion_matrix": [
            [
                62,
                11
            ],
            [
                10,
                19
            ]
        ]
    }
}