{
    "args": {
        "graph_path": "graphs/politifact/11_shot_combined_knn_8.pt",
        "model": "GAT",
        "dropout_rate": 0.5,
        "hidden_channels": 128,
        "gat_heads": 8,
        "lr": 0.0001,
        "weight_decay": 0.0001,
        "n_epochs": 300,
        "patience": 30,
        "seed": 42,
        "output_dir": "results"
    },
    "model_name": "GAT_politifact_11_shot_combined_knn_8",
    "training_history": {
        "final_train_loss": 0.40789806842803955,
        "final_train_acc": 0.9090909090909091,
        "final_val_loss": 0.5351245999336243,
        "final_val_acc": 0.7941176470588235,
        "final_val_f1": 0.7629219701162148,
        "best_val_f1": 0.8111111111111111,
        "best_epoch": 199,
        "total_epochs": 300,
        "training_time_seconds": 4.498394250869751
    },
    "final_test_metrics": {
        "accuracy": 0.8431372549019608,
        "precision": 0.7096774193548387,
        "recall": 0.7586206896551724,
        "f1_score": 0.7333333333333333,
        "confusion_matrix": [
            [
                64,
                9
            ],
            [
                7,
                22
            ]
        ]
    }
}