{
    "args": {
        "graph_path": "graphs/politifact/5_shot_combined_mutual_knn_3.pt",
        "model": "GAT",
        "dropout_rate": 0.5,
        "hidden_channels": 128,
        "gat_heads": 8,
        "lr": 0.0001,
        "weight_decay": 0.0001,
        "n_epochs": 300,
        "patience": 30,
        "seed": 42,
        "output_dir": "results"
    },
    "model_name": "GAT_politifact_5_shot_combined_mutual_knn_3",
    "training_history": {
        "final_train_loss": 0.4304202198982239,
        "final_train_acc": 0.9,
        "final_val_loss": 0.6229025721549988,
        "final_val_acc": 0.7058823529411765,
        "final_val_f1": 0.6691176470588236,
        "best_val_f1": 0.6951853901494189,
        "best_epoch": 136,
        "total_epochs": 203,
        "training_time_seconds": 3.004784107208252
    },
    "final_test_metrics": {
        "accuracy": 0.7352941176470589,
        "precision": 0.5277777777777778,
        "recall": 0.6551724137931034,
        "f1_score": 0.5846153846153846,
        "confusion_matrix": [
            [
                56,
                17
            ],
            [
                10,
                19
            ]
        ]
    }
}