{
    "args": {
        "graph_path": "graphs/gossipcop/15_shot_combined_mutual_knn_3_smpf10.pt",
        "model": "GAT",
        "dropout_rate": 0.5,
        "hidden_channels": 128,
        "gat_heads": 8,
        "lr": 0.0001,
        "weight_decay": 0.0001,
        "n_epochs": 300,
        "patience": 30,
        "seed": 42,
        "output_dir": "results"
    },
    "model_name": "GAT_gossipcop_15_shot_combined_mutual_knn_3_smpf10",
    "training_history": {
        "final_train_loss": 0.643368124961853,
        "final_train_acc": 0.6333333333333333,
        "final_val_loss": 0.6715044975280762,
        "final_val_acc": 0.6182634730538922,
        "final_val_f1": 0.5253880741006467,
        "best_val_f1": 0.5361168832630898,
        "best_epoch": 86,
        "total_epochs": 116,
        "training_time_seconds": 2.2265822887420654
    },
    "final_test_metrics": {
        "accuracy": 0.6710329341317365,
        "precision": 0.24175824175824176,
        "recall": 0.3499005964214712,
        "f1_score": 0.2859463850528026,
        "confusion_matrix": [
            [
                1617,
                552
            ],
            [
                327,
                176
            ]
        ]
    }
}