{
    "args": {
        "graph_path": "graphs/gossipcop/14_shot_combined_mutual_knn_7_smpf10.pt",
        "model": "GAT",
        "dropout_rate": 0.5,
        "hidden_channels": 128,
        "gat_heads": 8,
        "lr": 0.0001,
        "weight_decay": 0.0001,
        "n_epochs": 300,
        "patience": 30,
        "seed": 42,
        "output_dir": "results"
    },
    "model_name": "GAT_gossipcop_14_shot_combined_mutual_knn_7_smpf10",
    "training_history": {
        "final_train_loss": 0.6197971701622009,
        "final_train_acc": 0.6428571428571429,
        "final_val_loss": 0.662182092666626,
        "final_val_acc": 0.6227544910179641,
        "final_val_f1": 0.510400670110289,
        "best_val_f1": 0.5204001179572948,
        "best_epoch": 114,
        "total_epochs": 154,
        "training_time_seconds": 2.6246275901794434
    },
    "final_test_metrics": {
        "accuracy": 0.6845059880239521,
        "precision": 0.21947194719471946,
        "recall": 0.2644135188866799,
        "f1_score": 0.23985572587917042,
        "confusion_matrix": [
            [
                1696,
                473
            ],
            [
                370,
                133
            ]
        ]
    }
}