{
    "args": {
        "graph_path": "graphs/gossipcop/11_shot_roberta_mutual_knn_5_smpf10.pt",
        "model": "GAT",
        "dropout_rate": 0.5,
        "hidden_channels": 128,
        "gat_heads": 8,
        "lr": 0.0001,
        "weight_decay": 0.0001,
        "n_epochs": 300,
        "patience": 30,
        "seed": 42,
        "output_dir": "results"
    },
    "model_name": "GAT_gossipcop_11_shot_roberta_mutual_knn_5_smpf10",
    "training_history": {
        "final_train_loss": 0.7216618657112122,
        "final_train_acc": 0.5454545454545454,
        "final_val_loss": 0.63718581199646,
        "final_val_acc": 0.6519461077844312,
        "final_val_f1": 0.5165624292341058,
        "best_val_f1": 0.5193981279645128,
        "best_epoch": 265,
        "total_epochs": 295,
        "training_time_seconds": 16.452347993850708
    },
    "final_test_metrics": {
        "accuracy": 0.6609281437125748,
        "precision": 0.5215491733056451,
        "recall": 0.527735385749129,
        "f1_score": 0.5193981279645128,
        "confusion_matrix": [
            [
                1608,
                561
            ],
            [
                345,
                158
            ]
        ]
    }
}