{
    "args": {
        "graph_path": "graphs/politifact/5_shot_combined_mutual_knn_3_smpf10.pt",
        "model": "GAT",
        "dropout_rate": 0.5,
        "hidden_channels": 128,
        "gat_heads": 8,
        "lr": 0.0001,
        "weight_decay": 0.0001,
        "n_epochs": 300,
        "patience": 30,
        "seed": 42,
        "output_dir": "results"
    },
    "model_name": "GAT_politifact_5_shot_combined_mutual_knn_3_smpf10",
    "training_history": {
        "final_train_loss": 0.46742409467697144,
        "final_train_acc": 0.8,
        "final_val_loss": 0.6027613878250122,
        "final_val_acc": 0.7450980392156863,
        "final_val_f1": 0.7243243243243244,
        "best_val_f1": 0.7243243243243244,
        "best_epoch": 171,
        "total_epochs": 250,
        "training_time_seconds": 3.648165702819824
    },
    "final_test_metrics": {
        "accuracy": 0.7450980392156863,
        "precision": 0.5333333333333333,
        "recall": 0.8275862068965517,
        "f1_score": 0.6486486486486487,
        "confusion_matrix": [
            [
                52,
                21
            ],
            [
                5,
                24
            ]
        ]
    }
}