{
    "args": {
        "graph_path": "graphs/politifact/9_shot_roberta_knn_5.pt",
        "model": "GAT",
        "dropout_rate": 0.5,
        "hidden_channels": 128,
        "gat_heads": 8,
        "lr": 0.0001,
        "weight_decay": 0.0001,
        "n_epochs": 300,
        "patience": 30,
        "seed": 42,
        "output_dir": "results"
    },
    "model_name": "GAT_politifact_9_shot_roberta_knn_5",
    "training_history": {
        "final_train_loss": 0.5545333027839661,
        "final_train_acc": 0.6111111111111112,
        "final_val_loss": 0.5734809041023254,
        "final_val_acc": 0.7745098039215687,
        "final_val_f1": 0.6721174004192872,
        "best_val_f1": 0.6912493120528344,
        "best_epoch": 108,
        "total_epochs": 166,
        "training_time_seconds": 2.729983329772949
    },
    "final_test_metrics": {
        "accuracy": 0.7843137254901961,
        "precision": 0.7058823529411765,
        "recall": 0.41379310344827586,
        "f1_score": 0.5217391304347826,
        "confusion_matrix": [
            [
                68,
                5
            ],
            [
                17,
                12
            ]
        ]
    }
}