{
    "args": {
        "graph_path": "graphs/politifact/9_shot_combined_knn_5_smpf10.pt",
        "model": "GAT",
        "dropout_rate": 0.5,
        "hidden_channels": 128,
        "gat_heads": 8,
        "lr": 0.0001,
        "weight_decay": 0.0001,
        "n_epochs": 300,
        "patience": 30,
        "seed": 42,
        "output_dir": "results"
    },
    "model_name": "GAT_politifact_9_shot_combined_knn_5_smpf10",
    "training_history": {
        "final_train_loss": 0.5142022967338562,
        "final_train_acc": 0.8888888888888888,
        "final_val_loss": 0.578497052192688,
        "final_val_acc": 0.803921568627451,
        "final_val_f1": 0.7481481481481482,
        "best_val_f1": 0.7481481481481482,
        "best_epoch": 182,
        "total_epochs": 228,
        "training_time_seconds": 3.317913293838501
    },
    "final_test_metrics": {
        "accuracy": 0.803921568627451,
        "precision": 0.68,
        "recall": 0.5862068965517241,
        "f1_score": 0.6296296296296297,
        "confusion_matrix": [
            [
                65,
                8
            ],
            [
                12,
                17
            ]
        ]
    }
}