{
    "args": {
        "graph_path": "graphs/politifact/9_shot_combined_knn_5_smpf10.pt",
        "model": "GAT",
        "dropout_rate": 0.5,
        "hidden_channels": 128,
        "gat_heads": 8,
        "lr": 0.0001,
        "weight_decay": 0.0001,
        "n_epochs": 300,
        "patience": 30,
        "seed": 42,
        "output_dir": "results"
    },
    "model_name": "GAT_politifact_9_shot_combined_knn_5_smpf10",
    "training_history": {
        "final_train_loss": 0.40363532304763794,
        "final_train_acc": 1.0,
        "final_val_loss": 0.5702796578407288,
        "final_val_acc": 0.7254901960784313,
        "final_val_f1": 0.7031185031185031,
        "best_val_f1": 0.7481481481481481,
        "best_epoch": 119,
        "total_epochs": 179,
        "training_time_seconds": 7.6390228271484375
    },
    "final_test_metrics": {
        "accuracy": 0.7745098039215687,
        "precision": 0.7391129032258064,
        "recall": 0.7801133679735475,
        "f1_score": 0.7481481481481481,
        "confusion_matrix": [
            [
                56,
                17
            ],
            [
                6,
                23
            ]
        ]
    }
}