{
    "args": {
        "graph_path": "graphs/politifact/16_shot_roberta_knn_7.pt",
        "model": "GAT",
        "dropout_rate": 0.5,
        "hidden_channels": 128,
        "gat_heads": 8,
        "lr": 0.0001,
        "weight_decay": 0.0001,
        "n_epochs": 300,
        "patience": 30,
        "seed": 42,
        "output_dir": "results"
    },
    "model_name": "GAT_politifact_16_shot_roberta_knn_7",
    "training_history": {
        "final_train_loss": 0.43255046010017395,
        "final_train_acc": 0.84375,
        "final_val_loss": 0.5048834085464478,
        "final_val_acc": 0.7843137254901961,
        "final_val_f1": 0.7402777777777778,
        "best_val_f1": 0.7777777777777777,
        "best_epoch": 251,
        "total_epochs": 300,
        "training_time_seconds": 4.305984258651733
    },
    "final_test_metrics": {
        "accuracy": 0.8333333333333334,
        "precision": 0.7727272727272727,
        "recall": 0.5862068965517241,
        "f1_score": 0.6666666666666666,
        "confusion_matrix": [
            [
                68,
                5
            ],
            [
                12,
                17
            ]
        ]
    }
}