{
  "accuracy": 0.803921568627451,
  "precision": 0.7602108036890646,
  "recall": 0.7798771846953236,
  "f1_score": 0.7682871422080872
}