{
  "accuracy": 0.6343562874251497,
  "precision": 0.5958086083841505,
  "recall": 0.654145665426528,
  "f1_score": 0.5741057390915072
}