{
    "args": {
        "graph_path": "graphs_hetero/gossipcop/8_shot_roberta_hetero_knn_5_mv0.pt",
        "model": "HAN",
        "target_node_type": "news",
        "dropout_rate": 0.0,
        "hidden_channels": 128,
        "hgt_han_heads": 4,
        "hgt_layers": 1,
        "sage_layers": 2,
        "gatv2_layers": 2,
        "lr": 0.0001,
        "weight_decay": 0.0001,
        "n_epochs": 300,
        "patience": 30,
        "seed": 42,
        "output_dir_base": "results_hetero"
    },
    "model_name": "HAN_gossipcop_8_shot_roberta_hetero_knn_5_mv0",
    "training_history": {
        "final_train_loss": 0.19573847949504852,
        "final_train_acc": 1.0,
        "final_val_loss": 0.6086604595184326,
        "final_val_acc": 0.6860029940119761,
        "final_val_f1": 0.582790825004099,
        "best_val_f1": 0.6066895810326534,
        "best_epoch": 66,
        "total_epochs_run": 300,
        "training_time_seconds": 14.435091972351074
    },
    "final_test_metrics_on_target_node": {
        "accuracy": 0.7630988023952096,
        "precision": 0.6083539818997689,
        "recall": 0.605174393931478,
        "f1_score": 0.6066895810326534,
        "confusion_matrix": [
            [
                1862,
                307
            ],
            [
                326,
                177
            ]
        ]
    }
}