{
    "args": {
        "graph_path": "graphs_hetero/gossipcop/11_shot_roberta_hetero_knn_5_smpf10.pt",
        "model": "HAN",
        "target_node_type": "news",
        "dropout_rate": 0.0,
        "hidden_channels": 128,
        "hgt_han_heads": 4,
        "hgt_layers": 1,
        "lr": 0.0001,
        "weight_decay": 0.0001,
        "n_epochs": 300,
        "patience": 30,
        "seed": 42,
        "output_dir_base": "results_hetero"
    },
    "model_name": "HAN_gossipcop_11_shot_roberta_hetero_knn_5_smpf10",
    "training_history": {
        "final_train_loss": 0.2102959156036377,
        "final_train_acc": 1.0,
        "final_val_loss": 0.5595896244049072,
        "final_val_acc": 0.7372754491017964,
        "final_val_f1": 0.608111936500455,
        "best_val_f1": 0.6202064228032823,
        "best_epoch": 55,
        "total_epochs_run": 300,
        "training_time_seconds": 5.68962836265564
    },
    "final_test_metrics_on_target_node": {
        "accuracy": 0.7870508982035929,
        "precision": 0.6344442087305481,
        "recall": 0.6115290735989778,
        "f1_score": 0.6202064228032823,
        "confusion_matrix": [
            [
                1937,
                232
            ],
            [
                337,
                166
            ]
        ]
    }
}