{
    "args": {
        "graph_path": "graphs_hetero/gossipcop/11_shot_roberta_hetero_knn_5_smpf10.pt",
        "model": "HAN",
        "target_node_type": "news",
        "dropout_rate": 0.0,
        "hidden_channels": 128,
        "hgt_han_heads": 4,
        "hgt_layers": 1,
        "lr": 0.0001,
        "weight_decay": 0.0001,
        "n_epochs": 300,
        "patience": 30,
        "seed": 42,
        "output_dir_base": "results_hetero"
    },
    "model_name": "HAN_gossipcop_11_shot_roberta_hetero_knn_5_smpf10",
    "training_history": {
        "final_train_loss": 0.6700613498687744,
        "final_train_acc": 0.5454545454545454,
        "final_val_loss": 0.7033283710479736,
        "final_val_acc": 0.3184880239520958,
        "final_val_f1": 0.3181777481017918,
        "best_val_f1": 0.3181777481017918,
        "best_epoch": 1,
        "total_epochs_run": 31,
        "training_time_seconds": 1.3327217102050781
    },
    "final_test_metrics_on_target_node": {
        "accuracy": 0.3184880239520958,
        "precision": 0.4993438852813853,
        "recall": 0.499288730503104,
        "f1_score": 0.3181777481017918,
        "confusion_matrix": [
            [
                454,
                1715
            ],
            [
                106,
                397
            ]
        ]
    }
}