{
  "accuracy": 0.5808383233532934,
  "f1": 0.4918823837029642,
  "precision": 0.5150178643646572,
  "recall": 0.5234512702484952,
  "confusion_matrix": [
    [
      1335,
      834
    ],
    [
      286,
      217
    ]
  ]
}