{
  "accuracy": 0.5808383233532934,
  "f1": 0.6244410558473725,
  "precision": 0.7073983637946009,
  "recall": 0.5808383233532934
}