{
    "args": {
        "graph_path": "graphs/politifact/3_shot_combined_mutual_knn_3.pt",
        "model": "GAT",
        "dropout_rate": 0.5,
        "hidden_channels": 128,
        "gat_heads": 8,
        "lr": 0.0001,
        "weight_decay": 0.0001,
        "n_epochs": 300,
        "patience": 30,
        "seed": 42,
        "output_dir": "results"
    },
    "model_name": "GAT_politifact_3_shot_combined_mutual_knn_3",
    "training_history": {
        "final_train_loss": 0.37640032172203064,
        "final_train_acc": 0.8333333333333334,
        "final_val_loss": 0.583106279373169,
        "final_val_acc": 0.7254901960784313,
        "final_val_f1": 0.7031185031185031,
        "best_val_f1": 0.7153488372093023,
        "best_epoch": 153,
        "total_epochs": 255,
        "training_time_seconds": 3.6009469032287598
    },
    "final_test_metrics": {
        "accuracy": 0.7352941176470589,
        "precision": 0.5217391304347826,
        "recall": 0.8275862068965517,
        "f1_score": 0.64,
        "confusion_matrix": [
            [
                51,
                22
            ],
            [
                5,
                24
            ]
        ]
    }
}