{
    "args": {
        "graph_path": "graphs_hetero/gossipcop/9_shot_roberta_hetero_knn_5_psl10.pt",
        "model": "HGT",
        "target_node_type": "news",
        "dropout_rate": 0.0,
        "hidden_channels": 128,
        "hgt_han_heads": 4,
        "hgt_layers": 1,
        "lr": 0.0001,
        "weight_decay": 0.0001,
        "n_epochs": 300,
        "patience": 30,
        "seed": 42,
        "output_dir_base": "results_hetero"
    },
    "model_name": "HGT_gossipcop_9_shot_roberta_hetero_knn_5_psl10",
    "training_history": {
        "final_train_loss": 0.01665835827589035,
        "final_train_acc": 1.0,
        "final_val_loss": 0.5700107216835022,
        "final_val_acc": 0.7215568862275449,
        "final_val_f1": 0.603040265304362,
        "best_val_f1": 0.6108848254840835,
        "best_epoch": 114,
        "total_epochs_run": 168,
        "training_time_seconds": 6.516164779663086
    },
    "final_test_metrics_on_target_node": {
        "accuracy": 0.7406437125748503,
        "precision": 0.6044733119091565,
        "recall": 0.6226472424099937,
        "f1_score": 0.6108848254840835,
        "confusion_matrix": [
            [
                1761,
                408
            ],
            [
                285,
                218
            ]
        ]
    }
}