{
    "args": {
        "graph_path": "graphs/politifact/9_shot_roberta_knn_8.pt",
        "model": "GAT",
        "dropout_rate": 0.5,
        "hidden_channels": 128,
        "gat_heads": 8,
        "lr": 0.0001,
        "weight_decay": 0.0001,
        "n_epochs": 300,
        "patience": 30,
        "seed": 42,
        "output_dir": "results"
    },
    "model_name": "GAT_politifact_9_shot_roberta_knn_8",
    "training_history": {
        "final_train_loss": 0.4895073473453522,
        "final_train_acc": 0.7777777777777778,
        "final_val_loss": 0.5870172381401062,
        "final_val_acc": 0.7254901960784313,
        "final_val_f1": 0.6627302786962683,
        "best_val_f1": 0.7100104743378722,
        "best_epoch": 107,
        "total_epochs": 155,
        "training_time_seconds": 2.801543712615967
    },
    "final_test_metrics": {
        "accuracy": 0.8137254901960784,
        "precision": 0.9166666666666666,
        "recall": 0.3793103448275862,
        "f1_score": 0.5365853658536586,
        "confusion_matrix": [
            [
                72,
                1
            ],
            [
                18,
                11
            ]
        ]
    }
}