{
    "args": {
        "graph_path": "graphs/politifact/9_shot_distilbert_knn_5_smpf10.pt",
        "model": "GAT",
        "dropout_rate": 0.5,
        "hidden_channels": 128,
        "gat_heads": 8,
        "lr": 0.0001,
        "weight_decay": 0.0001,
        "n_epochs": 300,
        "patience": 30,
        "seed": 42,
        "output_dir": "results"
    },
    "model_name": "GAT_politifact_9_shot_distilbert_knn_5_smpf10",
    "training_history": {
        "final_train_loss": 0.36139655113220215,
        "final_train_acc": 0.8333333333333334,
        "final_val_loss": 0.6032381057739258,
        "final_val_acc": 0.7058823529411765,
        "final_val_f1": 0.681912681912682,
        "best_val_f1": 0.7267857142857144,
        "best_epoch": 25,
        "total_epochs": 57,
        "training_time_seconds": 2.1386020183563232
    },
    "final_test_metrics": {
        "accuracy": 0.7647058823529411,
        "precision": 0.7185501066098081,
        "recall": 0.7420878601794993,
        "f1_score": 0.7267857142857144,
        "confusion_matrix": [
            [
                58,
                15
            ],
            [
                9,
                20
            ]
        ]
    }
}