{
    "args": {
        "graph_path": "graphs/politifact/15_shot_roberta_knn_3.pt",
        "model": "GAT",
        "dropout_rate": 0.5,
        "hidden_channels": 128,
        "gat_heads": 8,
        "lr": 0.0001,
        "weight_decay": 0.0001,
        "n_epochs": 300,
        "patience": 30,
        "seed": 42,
        "output_dir": "results"
    },
    "model_name": "GAT_politifact_15_shot_roberta_knn_3",
    "training_history": {
        "final_train_loss": 0.5891345739364624,
        "final_train_acc": 0.8333333333333334,
        "final_val_loss": 0.533158004283905,
        "final_val_acc": 0.7745098039215687,
        "final_val_f1": 0.6721174004192872,
        "best_val_f1": 0.7097167637891313,
        "best_epoch": 138,
        "total_epochs": 214,
        "training_time_seconds": 3.2481789588928223
    },
    "final_test_metrics": {
        "accuracy": 0.7941176470588235,
        "precision": 0.7222222222222222,
        "recall": 0.4482758620689655,
        "f1_score": 0.5531914893617021,
        "confusion_matrix": [
            [
                68,
                5
            ],
            [
                16,
                13
            ]
        ]
    }
}