{
    "args": {
        "graph_path": "graphs_hetero/politifact/11_shot_bigbird_hetero_knn_5_smpf10.pt",
        "model": "HGT",
        "target_node_type": "news",
        "dropout_rate": 0.0,
        "hidden_channels": 128,
        "hgt_han_heads": 4,
        "hgt_layers": 1,
        "lr": 0.0001,
        "weight_decay": 0.0001,
        "n_epochs": 300,
        "patience": 30,
        "seed": 42,
        "output_dir_base": "results_hetero"
    },
    "model_name": "HGT_politifact_11_shot_bigbird_hetero_knn_5_smpf10",
    "training_history": {
        "final_train_loss": 0.0549696683883667,
        "final_train_acc": 1.0,
        "final_val_loss": 0.6357163190841675,
        "final_val_acc": 0.696078431372549,
        "final_val_f1": 0.6555180302865236,
        "best_val_f1": 0.6693506221896894,
        "best_epoch": 106,
        "total_epochs_run": 138,
        "training_time_seconds": 5.465038061141968
    },
    "final_test_metrics_on_target_node": {
        "accuracy": 0.696078431372549,
        "precision": 0.6696708463949843,
        "recall": 0.7045347189418989,
        "f1_score": 0.6693506221896894,
        "confusion_matrix": [
            [
                50,
                23
            ],
            [
                8,
                21
            ]
        ]
    }
}