{
    "args": {
        "graph_path": "graphs_hetero/gossipcop/12_shot_bert_hetero_knn_5_smpf10.pt",
        "model": "HAN",
        "target_node_type": "news",
        "dropout_rate": 0.0,
        "hidden_channels": 128,
        "hgt_han_heads": 4,
        "hgt_layers": 1,
        "lr": 0.0001,
        "weight_decay": 0.0001,
        "n_epochs": 300,
        "patience": 30,
        "seed": 42,
        "output_dir_base": "results_hetero"
    },
    "model_name": "HAN_gossipcop_12_shot_bert_hetero_knn_5_smpf10",
    "training_history": {
        "final_train_loss": 0.17415128648281097,
        "final_train_acc": 1.0,
        "final_val_loss": 0.6673963665962219,
        "final_val_acc": 0.6710329341317365,
        "final_val_f1": 0.553476530068862,
        "best_val_f1": 0.559163950094644,
        "best_epoch": 83,
        "total_epochs_run": 113,
        "training_time_seconds": 2.8262336254119873
    },
    "final_test_metrics_on_target_node": {
        "accuracy": 0.6725299401197605,
        "precision": 0.5598613340809251,
        "recall": 0.5829829689452038,
        "f1_score": 0.559163950094644,
        "confusion_matrix": [
            [
                1576,
                593
            ],
            [
                282,
                221
            ]
        ]
    }
}