{
    "args": {
        "graph_path": "graphs/gossipcop/7_shot_roberta_knn_5_smpf10.pt",
        "model": "GAT",
        "dropout_rate": 0.5,
        "hidden_channels": 128,
        "gat_heads": 8,
        "lr": 0.0001,
        "weight_decay": 0.0001,
        "n_epochs": 300,
        "patience": 30,
        "seed": 42,
        "output_dir": "results"
    },
    "model_name": "GAT_gossipcop_7_shot_roberta_knn_5_smpf10",
    "training_history": {
        "final_train_loss": 0.6269896626472473,
        "final_train_acc": 0.6428571428571429,
        "final_val_loss": 0.6768208742141724,
        "final_val_acc": 0.5415419161676647,
        "final_val_f1": 0.49919329605690455,
        "best_val_f1": 0.5742715860827099,
        "best_epoch": 115,
        "total_epochs": 174,
        "training_time_seconds": 3.9095442295074463
    },
    "final_test_metrics": {
        "accuracy": 0.7470059880239521,
        "precision": 0.5766619567170195,
        "recall": 0.5723565476665136,
        "f1_score": 0.5742715860827099,
        "confusion_matrix": [
            [
                1849,
                320
            ],
            [
                356,
                147
            ]
        ]
    }
}