{
    "args": {
        "graph_path": "graphs/gossipcop/5_shot_distilbert_knn_8_smpf10.pt",
        "model": "GAT",
        "dropout_rate": 0.5,
        "hidden_channels": 128,
        "gat_heads": 8,
        "lr": 0.0001,
        "weight_decay": 0.0001,
        "n_epochs": 300,
        "patience": 30,
        "seed": 42,
        "output_dir": "results"
    },
    "model_name": "GAT_gossipcop_5_shot_distilbert_knn_8_smpf10",
    "training_history": {
        "final_train_loss": 0.3640191853046417,
        "final_train_acc": 1.0,
        "final_val_loss": 0.6225958466529846,
        "final_val_acc": 0.6440868263473054,
        "final_val_f1": 0.5321459641137952,
        "best_val_f1": 0.5401383748111922,
        "best_epoch": 25,
        "total_epochs": 80,
        "training_time_seconds": 2.8867270946502686
    },
    "final_test_metrics": {
        "accuracy": 0.6852544910179641,
        "precision": 0.5391716566866267,
        "recall": 0.5480638529358657,
        "f1_score": 0.5401383748111922,
        "confusion_matrix": [
            [
                1666,
                503
            ],
            [
                338,
                165
            ]
        ]
    }
}