{
    "args": {
        "graph_path": "graphs/politifact/6_shot_roberta_knn_6_smpf10.pt",
        "model": "GAT",
        "dropout_rate": 0.5,
        "hidden_channels": 128,
        "gat_heads": 8,
        "lr": 0.0001,
        "weight_decay": 0.0001,
        "n_epochs": 300,
        "patience": 30,
        "seed": 42,
        "output_dir": "results"
    },
    "model_name": "GAT_politifact_6_shot_roberta_knn_6_smpf10",
    "training_history": {
        "final_train_loss": 0.3948354721069336,
        "final_train_acc": 0.9166666666666666,
        "final_val_loss": 0.5548787117004395,
        "final_val_acc": 0.7450980392156863,
        "final_val_f1": 0.7273848684210527,
        "best_val_f1": 0.7481481481481482,
        "best_epoch": 57,
        "total_epochs": 260,
        "training_time_seconds": 9.95910930633545
    },
    "final_test_metrics": {
        "accuracy": 0.803921568627451,
        "precision": 0.7620779220779221,
        "recall": 0.7383089277279169,
        "f1_score": 0.7481481481481482,
        "confusion_matrix": [
            [
                65,
                8
            ],
            [
                12,
                17
            ]
        ]
    }
}