{
    "args": {
        "graph_path": "graphs/gossipcop/10_shot_roberta_mutual_knn_6_smpf10.pt",
        "model": "GAT",
        "dropout_rate": 0.5,
        "hidden_channels": 128,
        "gat_heads": 8,
        "lr": 0.0001,
        "weight_decay": 0.0001,
        "n_epochs": 300,
        "patience": 30,
        "seed": 42,
        "output_dir": "results"
    },
    "model_name": "GAT_gossipcop_10_shot_roberta_mutual_knn_6_smpf10",
    "training_history": {
        "final_train_loss": 0.6419346332550049,
        "final_train_acc": 0.7,
        "final_val_loss": 0.6149738430976868,
        "final_val_acc": 0.7204341317365269,
        "final_val_f1": 0.49328457046764673,
        "best_val_f1": 0.5045912433802358,
        "best_epoch": 120,
        "total_epochs": 200,
        "training_time_seconds": 10.031272888183594
    },
    "final_test_metrics": {
        "accuracy": 0.6470808383233533,
        "precision": 0.5088595939633489,
        "recall": 0.5115709615062047,
        "f1_score": 0.5045912433802358,
        "confusion_matrix": [
            [
                1581,
                588
            ],
            [
                355,
                148
            ]
        ]
    }
}