{
  "accuracy": 0.8333333333333334,
  "precision": 0.7976973684210527,
  "recall": 0.8419933868682097,
  "f1_score": 0.8110905327377711
}