{
    "args": {
        "graph_path": "graphs/gossipcop/16_shot_roberta_knn_5_psl10.pt",
        "model": "GAT",
        "dropout_rate": 0.5,
        "hidden_channels": 128,
        "gat_heads": 8,
        "lr": 0.0001,
        "weight_decay": 0.0001,
        "n_epochs": 300,
        "patience": 30,
        "seed": 42,
        "output_dir": "results"
    },
    "model_name": "GAT_gossipcop_16_shot_roberta_knn_5_psl10",
    "training_history": {
        "final_train_loss": 0.7734229564666748,
        "final_train_acc": 0.40625,
        "final_val_loss": 0.6418386697769165,
        "final_val_acc": 0.6860029940119761,
        "final_val_f1": 0.49435476103960724,
        "best_val_f1": 0.4982257780559848,
        "best_epoch": 61,
        "total_epochs": 95,
        "training_time_seconds": 2.668497323989868
    },
    "final_test_metrics": {
        "accuracy": 0.7844311377245509,
        "precision": 0.5371120994244374,
        "recall": 0.5129490461564408,
        "f1_score": 0.4982257780559848,
        "confusion_matrix": [
            [
                2057,
                112
            ],
            [
                464,
                39
            ]
        ]
    }
}