{
    "args": {
        "graph_path": "graphs/gossipcop/11_shot_distilbert_knn_8_smpf10.pt",
        "model": "GAT",
        "dropout_rate": 0.5,
        "hidden_channels": 128,
        "gat_heads": 8,
        "lr": 0.0001,
        "weight_decay": 0.0001,
        "n_epochs": 300,
        "patience": 30,
        "seed": 42,
        "output_dir": "results"
    },
    "model_name": "GAT_gossipcop_11_shot_distilbert_knn_8_smpf10",
    "training_history": {
        "final_train_loss": 0.17367346584796906,
        "final_train_acc": 0.9545454545454546,
        "final_val_loss": 0.7036289572715759,
        "final_val_acc": 0.6848802395209581,
        "final_val_f1": 0.5693398017812734,
        "best_val_f1": 0.5888961634149535,
        "best_epoch": 154,
        "total_epochs": 184,
        "training_time_seconds": 4.7491135597229
    },
    "final_test_metrics": {
        "accuracy": 0.7537425149700598,
        "precision": 0.5908587747071437,
        "recall": 0.5871951325701852,
        "f1_score": 0.5888961634149535,
        "confusion_matrix": [
            [
                1853,
                316
            ],
            [
                342,
                161
            ]
        ]
    }
}