{
    "args": {
        "graph_path": "graphs_hetero/politifact/9_shot_bert_hetero_knn_5_smpf10.pt",
        "model": "HGT",
        "target_node_type": "news",
        "dropout_rate": 0.0,
        "hidden_channels": 128,
        "hgt_han_heads": 4,
        "hgt_layers": 1,
        "lr": 0.0001,
        "weight_decay": 0.0001,
        "n_epochs": 300,
        "patience": 30,
        "seed": 42,
        "output_dir_base": "results_hetero"
    },
    "model_name": "HGT_politifact_9_shot_bert_hetero_knn_5_smpf10",
    "training_history": {
        "final_train_loss": 0.02151099592447281,
        "final_train_acc": 1.0,
        "final_val_loss": 1.1523250341415405,
        "final_val_acc": 0.6862745098039216,
        "final_val_f1": 0.667887667887668,
        "best_val_f1": 0.7273848684210527,
        "best_epoch": 60,
        "total_epochs_run": 108,
        "training_time_seconds": 4.426690340042114
    },
    "final_test_metrics_on_target_node": {
        "accuracy": 0.7450980392156863,
        "precision": 0.7295938104448743,
        "recall": 0.7803495512517713,
        "f1_score": 0.7273848684210527,
        "confusion_matrix": [
            [
                51,
                22
            ],
            [
                4,
                25
            ]
        ]
    }
}