{
    "args": {
        "graph_path": "graphs/politifact/13_shot_combined_mutual_knn_7.pt",
        "model": "GAT",
        "dropout_rate": 0.5,
        "hidden_channels": 128,
        "gat_heads": 8,
        "lr": 0.0001,
        "weight_decay": 0.0001,
        "n_epochs": 300,
        "patience": 30,
        "seed": 42,
        "output_dir": "results"
    },
    "model_name": "GAT_politifact_13_shot_combined_mutual_knn_7",
    "training_history": {
        "final_train_loss": 0.4542194604873657,
        "final_train_acc": 0.8076923076923077,
        "final_val_loss": 0.5971694588661194,
        "final_val_acc": 0.7549019607843137,
        "final_val_f1": 0.7177642501383509,
        "best_val_f1": 0.7615584415584415,
        "best_epoch": 52,
        "total_epochs": 168,
        "training_time_seconds": 2.7586615085601807
    },
    "final_test_metrics": {
        "accuracy": 0.8235294117647058,
        "precision": 0.7619047619047619,
        "recall": 0.5517241379310345,
        "f1_score": 0.64,
        "confusion_matrix": [
            [
                68,
                5
            ],
            [
                13,
                16
            ]
        ]
    }
}