{
    "args": {
        "graph_path": "graphs_hetero/gossipcop/3_shot_roberta_hetero_dual_knn_sim5_dis5_psl10.pt",
        "model": "HAN",
        "target_node_type": "news",
        "dropout_rate": 0.0,
        "hidden_channels": 128,
        "hgt_han_heads": 4,
        "hgt_layers": 1,
        "lr": 0.0001,
        "weight_decay": 0.0001,
        "n_epochs": 300,
        "patience": 30,
        "seed": 42,
        "output_dir_base": "results_hetero"
    },
    "model_name": "HAN_gossipcop_3_shot_roberta_hetero_dual_knn_sim5_dis5_psl10",
    "training_history": {
        "final_train_loss": 0.16491813957691193,
        "final_train_acc": 1.0,
        "final_val_loss": 0.6354788541793823,
        "final_val_acc": 0.6747754491017964,
        "final_val_f1": 0.5948134711544921,
        "best_val_f1": 0.6233693938794748,
        "best_epoch": 195,
        "total_epochs_run": 300,
        "training_time_seconds": 6.06471848487854
    },
    "final_test_metrics_on_target_node": {
        "accuracy": 0.7342814371257484,
        "precision": 0.6147889876634998,
        "recall": 0.647741948493456,
        "f1_score": 0.6233693938794748,
        "confusion_matrix": [
            [
                1706,
                463
            ],
            [
                247,
                256
            ]
        ]
    }
}