{
    "args": {
        "graph_path": "graphs/politifact/3_shot_roberta_knn_3_smpf10.pt",
        "model": "GAT",
        "dropout_rate": 0.5,
        "hidden_channels": 128,
        "gat_heads": 8,
        "lr": 0.0001,
        "weight_decay": 0.0001,
        "n_epochs": 300,
        "patience": 30,
        "seed": 42,
        "output_dir": "results"
    },
    "model_name": "GAT_politifact_3_shot_roberta_knn_3_smpf10",
    "training_history": {
        "final_train_loss": 0.4850660562515259,
        "final_train_acc": 1.0,
        "final_val_loss": 0.5789819955825806,
        "final_val_acc": 0.7058823529411765,
        "final_val_f1": 0.6640316205533596,
        "best_val_f1": 0.6911125740618829,
        "best_epoch": 169,
        "total_epochs": 228,
        "training_time_seconds": 3.593322277069092
    },
    "final_test_metrics": {
        "accuracy": 0.7745098039215687,
        "precision": 0.65,
        "recall": 0.4482758620689655,
        "f1_score": 0.5306122448979592,
        "confusion_matrix": [
            [
                66,
                7
            ],
            [
                16,
                13
            ]
        ]
    }
}