{
  "accuracy": 0.3431372549019608,
  "f1": 0.29558129065011446,
  "precision": 0.5713776789785682,
  "recall": 0.3431372549019608
}