{
    "args": {
        "graph_path": "graphs_hetero/gossipcop/10_shot_roberta_hetero_dual_knn_sim5_dis5_psl10.pt",
        "model": "HAN",
        "target_node_type": "news",
        "dropout_rate": 0.0,
        "hidden_channels": 128,
        "hgt_han_heads": 4,
        "hgt_layers": 1,
        "lr": 0.0001,
        "weight_decay": 0.0001,
        "n_epochs": 300,
        "patience": 30,
        "seed": 42,
        "output_dir_base": "results_hetero"
    },
    "model_name": "HAN_gossipcop_10_shot_roberta_hetero_dual_knn_sim5_dis5_psl10",
    "training_history": {
        "final_train_loss": 0.2276565134525299,
        "final_train_acc": 1.0,
        "final_val_loss": 0.562178373336792,
        "final_val_acc": 0.7391467065868264,
        "final_val_f1": 0.6029335920768538,
        "best_val_f1": 0.6075603781424024,
        "best_epoch": 211,
        "total_epochs_run": 300,
        "training_time_seconds": 5.704567193984985
    },
    "final_test_metrics_on_target_node": {
        "accuracy": 0.750748502994012,
        "precision": 0.6040683101618387,
        "recall": 0.61207398302669,
        "f1_score": 0.6075603781424024,
        "confusion_matrix": [
            [
                1810,
                359
            ],
            [
                307,
                196
            ]
        ]
    }
}