{
    "args": {
        "graph_path": "graphs/politifact/12_shot_distilbert_knn_7_smpf10.pt",
        "model": "GAT",
        "dropout_rate": 0.5,
        "hidden_channels": 128,
        "gat_heads": 8,
        "lr": 0.0001,
        "weight_decay": 0.0001,
        "n_epochs": 300,
        "patience": 30,
        "seed": 42,
        "output_dir": "results"
    },
    "model_name": "GAT_politifact_12_shot_distilbert_knn_7_smpf10",
    "training_history": {
        "final_train_loss": 0.510617733001709,
        "final_train_acc": 0.7916666666666666,
        "final_val_loss": 0.6215505003929138,
        "final_val_acc": 0.7058823529411765,
        "final_val_f1": 0.6915322580645161,
        "best_val_f1": 0.7094017094017094,
        "best_epoch": 16,
        "total_epochs": 52,
        "training_time_seconds": 1.840494155883789
    },
    "final_test_metrics": {
        "accuracy": 0.7254901960784313,
        "precision": 0.7173661917597227,
        "recall": 0.7666509211147851,
        "f1_score": 0.7094017094017094,
        "confusion_matrix": [
            [
                49,
                24
            ],
            [
                4,
                25
            ]
        ]
    }
}