{
    "args": {
        "graph_path": "graphs_hetero/gossipcop/12_shot_roberta_hetero_dual_knn_sim5_dis5_smpf10_mv3.pt",
        "model": "HGT",
        "target_node_type": "news",
        "dropout_rate": 0.0,
        "hidden_channels": 128,
        "hgt_han_heads": 4,
        "hgt_layers": 1,
        "lr": 0.0001,
        "weight_decay": 0.0001,
        "n_epochs": 300,
        "patience": 30,
        "seed": 42,
        "output_dir_base": "results_hetero"
    },
    "model_name": "HGT_gossipcop_12_shot_roberta_hetero_dual_knn_sim5_dis5_smpf10_mv3",
    "training_history": {
        "final_train_loss": 0.0028030078392475843,
        "final_train_acc": 1.0,
        "final_val_loss": 0.8557094931602478,
        "final_val_acc": 0.6833832335329342,
        "final_val_f1": 0.5836012909120383,
        "best_val_f1": 0.6045402279221741,
        "best_epoch": 160,
        "total_epochs_run": 190,
        "training_time_seconds": 15.588428020477295
    },
    "final_test_metrics_on_target_node": {
        "accuracy": 0.7129491017964071,
        "precision": 0.5985654198587953,
        "recall": 0.6323117083575083,
        "f1_score": 0.6045402279221741,
        "confusion_matrix": [
            [
                1652,
                517
            ],
            [
                250,
                253
            ]
        ]
    }
}