{
    "args": {
        "graph_path": "graphs/gossipcop/6_shot_combined_mutual_knn_7_smpf10.pt",
        "model": "GAT",
        "dropout_rate": 0.5,
        "hidden_channels": 128,
        "gat_heads": 8,
        "lr": 0.0001,
        "weight_decay": 0.0001,
        "n_epochs": 300,
        "patience": 30,
        "seed": 42,
        "output_dir": "results"
    },
    "model_name": "GAT_gossipcop_6_shot_combined_mutual_knn_7_smpf10",
    "training_history": {
        "final_train_loss": 0.48557737469673157,
        "final_train_acc": 0.8333333333333334,
        "final_val_loss": 0.6138515472412109,
        "final_val_acc": 0.8091317365269461,
        "final_val_f1": 0.5398777977666488,
        "best_val_f1": 0.565245688252522,
        "best_epoch": 98,
        "total_epochs": 152,
        "training_time_seconds": 2.7206308841705322
    },
    "final_test_metrics": {
        "accuracy": 0.7612275449101796,
        "precision": 0.32,
        "recall": 0.23856858846918488,
        "f1_score": 0.2733485193621868,
        "confusion_matrix": [
            [
                1914,
                255
            ],
            [
                383,
                120
            ]
        ]
    }
}