{
    "args": {
        "graph_path": "graphs/politifact/6_shot_combined_knn_8_smpf10.pt",
        "model": "GAT",
        "dropout_rate": 0.5,
        "hidden_channels": 128,
        "gat_heads": 8,
        "lr": 0.0001,
        "weight_decay": 0.0001,
        "n_epochs": 300,
        "patience": 30,
        "seed": 42,
        "output_dir": "results"
    },
    "model_name": "GAT_politifact_6_shot_combined_knn_8_smpf10",
    "training_history": {
        "final_train_loss": 0.6115029454231262,
        "final_train_acc": 0.75,
        "final_val_loss": 0.6791282296180725,
        "final_val_acc": 0.47058823529411764,
        "final_val_f1": 0.46977281478629185,
        "best_val_f1": 0.7687074829931972,
        "best_epoch": 19,
        "total_epochs": 78,
        "training_time_seconds": 3.603325128555298
    },
    "final_test_metrics": {
        "accuracy": 0.8137254901960784,
        "precision": 0.7717181467181468,
        "recall": 0.7659423712801133,
        "f1_score": 0.7687074829931972,
        "confusion_matrix": [
            [
                64,
                9
            ],
            [
                10,
                19
            ]
        ]
    }
}