{
    "args": {
        "graph_path": "graphs/politifact/6_shot_combined_knn_8_smpf10.pt",
        "model": "GAT",
        "dropout_rate": 0.5,
        "hidden_channels": 128,
        "gat_heads": 8,
        "lr": 0.0001,
        "weight_decay": 0.0001,
        "n_epochs": 300,
        "patience": 30,
        "seed": 42,
        "output_dir": "results"
    },
    "model_name": "GAT_politifact_6_shot_combined_knn_8_smpf10",
    "training_history": {
        "final_train_loss": 0.5255351662635803,
        "final_train_acc": 0.8333333333333334,
        "final_val_loss": 0.6807262301445007,
        "final_val_acc": 0.47058823529411764,
        "final_val_f1": 0.46875,
        "best_val_f1": 0.68125,
        "best_epoch": 28,
        "total_epochs": 78,
        "training_time_seconds": 1.8814175128936768
    },
    "final_test_metrics": {
        "accuracy": 0.7843137254901961,
        "precision": 0.7333333333333333,
        "recall": 0.3793103448275862,
        "f1_score": 0.5,
        "confusion_matrix": [
            [
                69,
                4
            ],
            [
                18,
                11
            ]
        ]
    }
}