{
  "accuracy": 0.6534431137724551,
  "precision": 0.5706937678788488,
  "recall": 0.6063480802597967,
  "f1_score": 0.5636697092391687
}