{
  "accuracy": 0.6482035928143712,
  "precision": 0.5747310738334077,
  "recall": 0.6145735086942614,
  "f1_score": 0.5651041666666667,
  "best_validation_loss": 0.010056038369873056,
  "confusion_matrix": [
    [
      1450,
      719
    ],
    [
      221,
      282
    ]
  ]
}