{
    "args": {
        "graph_path": "graphs_hetero/politifact/16_shot_bert_hetero_knn_5_smpf10.pt",
        "model": "HAN",
        "target_node_type": "news",
        "dropout_rate": 0.0,
        "hidden_channels": 128,
        "hgt_han_heads": 4,
        "hgt_layers": 1,
        "lr": 0.0001,
        "weight_decay": 0.0001,
        "n_epochs": 300,
        "patience": 30,
        "seed": 42,
        "output_dir_base": "results_hetero"
    },
    "model_name": "HAN_politifact_16_shot_bert_hetero_knn_5_smpf10",
    "training_history": {
        "final_train_loss": 0.2670516073703766,
        "final_train_acc": 0.9375,
        "final_val_loss": 0.6624166965484619,
        "final_val_acc": 0.7058823529411765,
        "final_val_f1": 0.6941223510595762,
        "best_val_f1": 0.7054664940754755,
        "best_epoch": 48,
        "total_epochs_run": 80,
        "training_time_seconds": 3.1678478717803955
    },
    "final_test_metrics_on_target_node": {
        "accuracy": 0.7156862745098039,
        "precision": 0.7291666666666667,
        "recall": 0.7805857345299952,
        "f1_score": 0.7054664940754755,
        "confusion_matrix": [
            [
                46,
                27
            ],
            [
                2,
                27
            ]
        ]
    }
}