{
    "args": {
        "graph_path": "graphs/politifact/12_shot_bert_knn_5_smpf10.pt",
        "model": "GAT",
        "dropout_rate": 0.5,
        "hidden_channels": 128,
        "gat_heads": 8,
        "lr": 0.0001,
        "weight_decay": 0.0001,
        "n_epochs": 300,
        "patience": 30,
        "seed": 42,
        "output_dir": "results"
    },
    "model_name": "GAT_politifact_12_shot_bert_knn_5_smpf10",
    "training_history": {
        "final_train_loss": 0.4266858398914337,
        "final_train_acc": 0.8333333333333334,
        "final_val_loss": 0.6185888648033142,
        "final_val_acc": 0.7450980392156863,
        "final_val_f1": 0.7301587301587301,
        "best_val_f1": 0.7546794938826729,
        "best_epoch": 40,
        "total_epochs": 70,
        "training_time_seconds": 3.610011100769043
    },
    "final_test_metrics": {
        "accuracy": 0.7745098039215687,
        "precision": 0.7496081504702194,
        "recall": 0.8008974964572508,
        "f1_score": 0.7546794938826729,
        "confusion_matrix": [
            [
                54,
                19
            ],
            [
                4,
                25
            ]
        ]
    }
}