{
  "accuracy": 0.803921568627451,
  "precision": 0.7646569646569646,
  "recall": 0.800661313179027,
  "f1_score": 0.7760210803689065
}