{
    "args": {
        "graph_path": "graphs_hetero/gossipcop/15_shot_roberta_hetero_dual_knn_sim5_dis5_psl10.pt",
        "model": "HGT",
        "target_node_type": "news",
        "dropout_rate": 0.0,
        "hidden_channels": 128,
        "hgt_han_heads": 4,
        "hgt_layers": 1,
        "lr": 0.0001,
        "weight_decay": 0.0001,
        "n_epochs": 300,
        "patience": 30,
        "seed": 42,
        "output_dir_base": "results_hetero"
    },
    "model_name": "HGT_gossipcop_15_shot_roberta_hetero_dual_knn_sim5_dis5_psl10",
    "training_history": {
        "final_train_loss": 0.014415550045669079,
        "final_train_acc": 1.0,
        "final_val_loss": 0.7458549737930298,
        "final_val_acc": 0.6669161676646707,
        "final_val_f1": 0.5739795918367347,
        "best_val_f1": 0.5814128344274809,
        "best_epoch": 146,
        "total_epochs_run": 176,
        "training_time_seconds": 6.762841463088989
    },
    "final_test_metrics_on_target_node": {
        "accuracy": 0.6770209580838323,
        "precision": 0.5825301053055878,
        "recall": 0.6201073870286808,
        "f1_score": 0.5814128344274809,
        "confusion_matrix": [
            [
                1543,
                626
            ],
            [
                237,
                266
            ]
        ]
    }
}