{
    "args": {
        "graph_path": "graphs_hetero/politifact/3_shot_distilbert_hetero_knn_5_smpf10.pt",
        "model": "HAN",
        "target_node_type": "news",
        "dropout_rate": 0.0,
        "hidden_channels": 128,
        "hgt_han_heads": 4,
        "hgt_layers": 1,
        "lr": 0.0001,
        "weight_decay": 0.0001,
        "n_epochs": 300,
        "patience": 30,
        "seed": 42,
        "output_dir_base": "results_hetero"
    },
    "model_name": "HAN_politifact_3_shot_distilbert_hetero_knn_5_smpf10",
    "training_history": {
        "final_train_loss": 0.08744599670171738,
        "final_train_acc": 1.0,
        "final_val_loss": 0.6119504570960999,
        "final_val_acc": 0.6764705882352942,
        "final_val_f1": 0.6210739614994933,
        "best_val_f1": 0.7132352941176471,
        "best_epoch": 47,
        "total_epochs_run": 109,
        "training_time_seconds": 3.490328073501587
    },
    "final_test_metrics_on_target_node": {
        "accuracy": 0.7450980392156863,
        "precision": 0.7057387057387057,
        "recall": 0.7387812942843647,
        "f1_score": 0.7132352941176471,
        "confusion_matrix": [
            [
                55,
                18
            ],
            [
                8,
                21
            ]
        ]
    }
}