{
    "args": {
        "graph_path": "graphs/politifact/5_shot_combined_knn_5_smpf10.pt",
        "model": "GAT",
        "dropout_rate": 0.5,
        "hidden_channels": 128,
        "gat_heads": 8,
        "lr": 0.0001,
        "weight_decay": 0.0001,
        "n_epochs": 300,
        "patience": 30,
        "seed": 42,
        "output_dir": "results"
    },
    "model_name": "GAT_politifact_5_shot_combined_knn_5_smpf10",
    "training_history": {
        "final_train_loss": 0.4176352918148041,
        "final_train_acc": 1.0,
        "final_val_loss": 0.5966983437538147,
        "final_val_acc": 0.7156862745098039,
        "final_val_f1": 0.697515083341855,
        "best_val_f1": 0.7132352941176471,
        "best_epoch": 133,
        "total_epochs": 255,
        "training_time_seconds": 3.5780622959136963
    },
    "final_test_metrics": {
        "accuracy": 0.7450980392156863,
        "precision": 0.5384615384615384,
        "recall": 0.7241379310344828,
        "f1_score": 0.6176470588235294,
        "confusion_matrix": [
            [
                55,
                18
            ],
            [
                8,
                21
            ]
        ]
    }
}