{
    "args": {
        "graph_path": "graphs/politifact/8_shot_combined_knn_3_smpf10.pt",
        "model": "GAT",
        "dropout_rate": 0.5,
        "hidden_channels": 128,
        "gat_heads": 8,
        "lr": 0.0001,
        "weight_decay": 0.0001,
        "n_epochs": 300,
        "patience": 30,
        "seed": 42,
        "output_dir": "results"
    },
    "model_name": "GAT_politifact_8_shot_combined_knn_3_smpf10",
    "training_history": {
        "final_train_loss": 0.39891859889030457,
        "final_train_acc": 1.0,
        "final_val_loss": 0.5445138812065125,
        "final_val_acc": 0.803921568627451,
        "final_val_f1": 0.7419028340080972,
        "best_val_f1": 0.8080796900940785,
        "best_epoch": 271,
        "total_epochs": 300,
        "training_time_seconds": 3.987968683242798
    },
    "final_test_metrics": {
        "accuracy": 0.8333333333333334,
        "precision": 0.6666666666666666,
        "recall": 0.8275862068965517,
        "f1_score": 0.7384615384615385,
        "confusion_matrix": [
            [
                61,
                12
            ],
            [
                5,
                24
            ]
        ]
    }
}