{
  "accuracy": 0.30392156862745096,
  "f1": 0.2885352195697023,
  "precision": 0.4163961038961039,
  "recall": 0.45134624468587625,
  "confusion_matrix": [
    [
      8,
      65
    ],
    [
      6,
      23
    ]
  ]
}