{
  "accuracy": 0.30392156862745096,
  "f1": 0.2434019290003063,
  "precision": 0.483272854596384,
  "recall": 0.30392156862745096
}