{
    "args": {
        "graph_path": "graphs/politifact/15_shot_combined_mutual_knn_7.pt",
        "model": "GAT",
        "dropout_rate": 0.5,
        "hidden_channels": 128,
        "gat_heads": 8,
        "lr": 0.0001,
        "weight_decay": 0.0001,
        "n_epochs": 300,
        "patience": 30,
        "seed": 42,
        "output_dir": "results"
    },
    "model_name": "GAT_politifact_15_shot_combined_mutual_knn_7",
    "training_history": {
        "final_train_loss": 0.4425324499607086,
        "final_train_acc": 0.7666666666666667,
        "final_val_loss": 0.5670321583747864,
        "final_val_acc": 0.7647058823529411,
        "final_val_f1": 0.7390191897654584,
        "best_val_f1": 0.7682871422080872,
        "best_epoch": 189,
        "total_epochs": 257,
        "training_time_seconds": 4.0162904262542725
    },
    "final_test_metrics": {
        "accuracy": 0.803921568627451,
        "precision": 0.6363636363636364,
        "recall": 0.7241379310344828,
        "f1_score": 0.6774193548387096,
        "confusion_matrix": [
            [
                61,
                12
            ],
            [
                8,
                21
            ]
        ]
    }
}