{
    "args": {
        "graph_path": "graphs_hetero/gossipcop/11_shot_roberta_hetero_knn_5_psl10.pt",
        "model": "HAN",
        "target_node_type": "news",
        "dropout_rate": 0.0,
        "hidden_channels": 128,
        "hgt_han_heads": 4,
        "hgt_layers": 1,
        "lr": 0.0001,
        "weight_decay": 0.0001,
        "n_epochs": 300,
        "patience": 30,
        "seed": 42,
        "output_dir_base": "results_hetero"
    },
    "model_name": "HAN_gossipcop_11_shot_roberta_hetero_knn_5_psl10",
    "training_history": {
        "final_train_loss": 0.21027450263500214,
        "final_train_acc": 1.0,
        "final_val_loss": 0.5595853328704834,
        "final_val_acc": 0.7372754491017964,
        "final_val_f1": 0.608111936500455,
        "best_val_f1": 0.6198751885599163,
        "best_epoch": 57,
        "total_epochs_run": 300,
        "training_time_seconds": 4.697235345840454
    },
    "final_test_metrics_on_target_node": {
        "accuracy": 0.7866766467065869,
        "precision": 0.6338889458578254,
        "recall": 0.6112985526215688,
        "f1_score": 0.6198751885599163,
        "confusion_matrix": [
            [
                1936,
                233
            ],
            [
                337,
                166
            ]
        ]
    }
}