{
    "args": {
        "graph_path": "graphs/gossipcop/4_shot_combined_knn_7_smpf10.pt",
        "model": "GAT",
        "dropout_rate": 0.5,
        "hidden_channels": 128,
        "gat_heads": 8,
        "lr": 0.0001,
        "weight_decay": 0.0001,
        "n_epochs": 300,
        "patience": 30,
        "seed": 42,
        "output_dir": "results"
    },
    "model_name": "GAT_gossipcop_4_shot_combined_knn_7_smpf10",
    "training_history": {
        "final_train_loss": 0.467074990272522,
        "final_train_acc": 1.0,
        "final_val_loss": 0.6162515878677368,
        "final_val_acc": 0.7840568862275449,
        "final_val_f1": 0.6558163852799792,
        "best_val_f1": 0.6668372556665672,
        "best_epoch": 82,
        "total_epochs": 174,
        "training_time_seconds": 5.299849987030029
    },
    "final_test_metrics": {
        "accuracy": 0.7885479041916168,
        "precision": 0.6613512168348997,
        "recall": 0.6735323421389596,
        "f1_score": 0.6668372556665672,
        "confusion_matrix": [
            [
                1861,
                308
            ],
            [
                257,
                246
            ]
        ]
    }
}