{
    "args": {
        "graph_path": "graphs/gossipcop/4_shot_combined_knn_7_smpf10.pt",
        "model": "GAT",
        "dropout_rate": 0.5,
        "hidden_channels": 128,
        "gat_heads": 8,
        "lr": 0.0001,
        "weight_decay": 0.0001,
        "n_epochs": 300,
        "patience": 30,
        "seed": 42,
        "output_dir": "results"
    },
    "model_name": "GAT_gossipcop_4_shot_combined_knn_7_smpf10",
    "training_history": {
        "final_train_loss": 0.6014800071716309,
        "final_train_acc": 0.75,
        "final_val_loss": 0.6244210600852966,
        "final_val_acc": 0.8199850299401198,
        "final_val_f1": 0.5037513103813089,
        "best_val_f1": 0.6324911489988272,
        "best_epoch": 37,
        "total_epochs": 79,
        "training_time_seconds": 1.7306866645812988
    },
    "final_test_metrics": {
        "accuracy": 0.7877994011976048,
        "precision": 0.42592592592592593,
        "recall": 0.3658051689860835,
        "f1_score": 0.39358288770053473,
        "confusion_matrix": [
            [
                1921,
                248
            ],
            [
                319,
                184
            ]
        ]
    }
}