{
    "args": {
        "graph_path": "graphs/gossipcop/11_shot_combined_knn_7_smpf10.pt",
        "model": "GAT",
        "dropout_rate": 0.5,
        "hidden_channels": 128,
        "gat_heads": 8,
        "lr": 0.0001,
        "weight_decay": 0.0001,
        "n_epochs": 300,
        "patience": 30,
        "seed": 42,
        "output_dir": "results"
    },
    "model_name": "GAT_gossipcop_11_shot_combined_knn_7_smpf10",
    "training_history": {
        "final_train_loss": 0.5630267858505249,
        "final_train_acc": 0.7727272727272727,
        "final_val_loss": 0.6360511779785156,
        "final_val_acc": 0.7103293413173652,
        "final_val_f1": 0.5639877890404952,
        "best_val_f1": 0.5653835434304851,
        "best_epoch": 146,
        "total_epochs": 176,
        "training_time_seconds": 2.7926111221313477
    },
    "final_test_metrics": {
        "accuracy": 0.7335329341317365,
        "precision": 0.2938856015779093,
        "recall": 0.2962226640159046,
        "f1_score": 0.29504950495049503,
        "confusion_matrix": [
            [
                1811,
                358
            ],
            [
                354,
                149
            ]
        ]
    }
}