{
    "args": {
        "graph_path": "graphs/gossipcop/13_shot_combined_knn_6_smpf10.pt",
        "model": "GAT",
        "dropout_rate": 0.5,
        "hidden_channels": 128,
        "gat_heads": 8,
        "lr": 0.0001,
        "weight_decay": 0.0001,
        "n_epochs": 300,
        "patience": 30,
        "seed": 42,
        "output_dir": "results"
    },
    "model_name": "GAT_gossipcop_13_shot_combined_knn_6_smpf10",
    "training_history": {
        "final_train_loss": 0.5857230424880981,
        "final_train_acc": 0.8846153846153846,
        "final_val_loss": 0.649435818195343,
        "final_val_acc": 0.6624251497005988,
        "final_val_f1": 0.537176878507932,
        "best_val_f1": 0.5592507169584179,
        "best_epoch": 87,
        "total_epochs": 117,
        "training_time_seconds": 5.327676773071289
    },
    "final_test_metrics": {
        "accuracy": 0.7440119760479041,
        "precision": 0.5631809867926434,
        "recall": 0.5567691133054141,
        "f1_score": 0.5592507169584179,
        "confusion_matrix": [
            [
                1859,
                310
            ],
            [
                374,
                129
            ]
        ]
    }
}