{
    "args": {
        "graph_path": "graphs/politifact/4_shot_combined_knn_8_smpf10.pt",
        "model": "GAT",
        "dropout_rate": 0.5,
        "hidden_channels": 128,
        "gat_heads": 8,
        "lr": 0.0001,
        "weight_decay": 0.0001,
        "n_epochs": 300,
        "patience": 30,
        "seed": 42,
        "output_dir": "results"
    },
    "model_name": "GAT_politifact_4_shot_combined_knn_8_smpf10",
    "training_history": {
        "final_train_loss": 0.2883269488811493,
        "final_train_acc": 1.0,
        "final_val_loss": 0.4789394438266754,
        "final_val_acc": 0.7745098039215687,
        "final_val_f1": 0.7444166031158078,
        "best_val_f1": 0.7831837505904582,
        "best_epoch": 122,
        "total_epochs": 300,
        "training_time_seconds": 7.0087409019470215
    },
    "final_test_metrics": {
        "accuracy": 0.8235294117647058,
        "precision": 0.7831837505904582,
        "recall": 0.7831837505904582,
        "f1_score": 0.7831837505904582,
        "confusion_matrix": [
            [
                64,
                9
            ],
            [
                9,
                20
            ]
        ]
    }
}