{
    "args": {
        "graph_path": "graphs_hetero/politifact/13_shot_bigbird_hetero_knn_5_smpf10.pt",
        "model": "HAN",
        "target_node_type": "news",
        "dropout_rate": 0.0,
        "hidden_channels": 128,
        "hgt_han_heads": 4,
        "hgt_layers": 1,
        "lr": 0.0001,
        "weight_decay": 0.0001,
        "n_epochs": 300,
        "patience": 30,
        "seed": 42,
        "output_dir_base": "results_hetero"
    },
    "model_name": "HAN_politifact_13_shot_bigbird_hetero_knn_5_smpf10",
    "training_history": {
        "final_train_loss": 0.20101311802864075,
        "final_train_acc": 0.9615384615384616,
        "final_val_loss": 0.5721648931503296,
        "final_val_acc": 0.6862745098039216,
        "final_val_f1": 0.6416337285902503,
        "best_val_f1": 0.6608964805686117,
        "best_epoch": 3,
        "total_epochs_run": 224,
        "training_time_seconds": 4.794512033462524
    },
    "final_test_metrics_on_target_node": {
        "accuracy": 0.7156862745098039,
        "precision": 0.6571428571428571,
        "recall": 0.6662730278696268,
        "f1_score": 0.6608964805686117,
        "confusion_matrix": [
            [
                57,
                16
            ],
            [
                13,
                16
            ]
        ]
    }
}