{
  "accuracy": 0.7254901960784313,
  "precision": 0.7029239766081872,
  "recall": 0.7458667926310818,
  "f1_score": 0.7031185031185031
}