{
    "args": {
        "graph_path": "graphs/politifact/7_shot_combined_knn_6_smpf10.pt",
        "model": "GAT",
        "dropout_rate": 0.5,
        "hidden_channels": 128,
        "gat_heads": 8,
        "lr": 0.0001,
        "weight_decay": 0.0001,
        "n_epochs": 300,
        "patience": 30,
        "seed": 42,
        "output_dir": "results"
    },
    "model_name": "GAT_politifact_7_shot_combined_knn_6_smpf10",
    "training_history": {
        "final_train_loss": 0.5838938355445862,
        "final_train_acc": 0.7142857142857143,
        "final_val_loss": 0.6270755529403687,
        "final_val_acc": 0.7352941176470589,
        "final_val_f1": 0.7183761120768994,
        "best_val_f1": 0.7635143380109823,
        "best_epoch": 104,
        "total_epochs": 157,
        "training_time_seconds": 2.8085687160491943
    },
    "final_test_metrics": {
        "accuracy": 0.8137254901960784,
        "precision": 0.6923076923076923,
        "recall": 0.6206896551724138,
        "f1_score": 0.6545454545454545,
        "confusion_matrix": [
            [
                65,
                8
            ],
            [
                11,
                18
            ]
        ]
    }
}