{
    "args": {
        "graph_path": "graphs/politifact/7_shot_combined_knn_6_smpf10.pt",
        "model": "GAT",
        "dropout_rate": 0.5,
        "hidden_channels": 128,
        "gat_heads": 8,
        "lr": 0.0001,
        "weight_decay": 0.0001,
        "n_epochs": 300,
        "patience": 30,
        "seed": 42,
        "output_dir": "results"
    },
    "model_name": "GAT_politifact_7_shot_combined_knn_6_smpf10",
    "training_history": {
        "final_train_loss": 0.6023948788642883,
        "final_train_acc": 0.7857142857142857,
        "final_val_loss": 0.6734153032302856,
        "final_val_acc": 0.5392156862745098,
        "final_val_f1": 0.5381057905385875,
        "best_val_f1": 0.7373627862854045,
        "best_epoch": 24,
        "total_epochs": 54,
        "training_time_seconds": 2.8993258476257324
    },
    "final_test_metrics": {
        "accuracy": 0.8137254901960784,
        "precision": 0.7996031746031746,
        "recall": 0.713982050070855,
        "f1_score": 0.7373627862854045,
        "confusion_matrix": [
            [
                69,
                4
            ],
            [
                15,
                14
            ]
        ]
    }
}