{
    "args": {
        "graph_path": "graphs/gossipcop/16_shot_distilbert_knn_7_smpf10.pt",
        "model": "GAT",
        "dropout_rate": 0.5,
        "hidden_channels": 128,
        "gat_heads": 8,
        "lr": 0.0001,
        "weight_decay": 0.0001,
        "n_epochs": 300,
        "patience": 30,
        "seed": 42,
        "output_dir": "results"
    },
    "model_name": "GAT_gossipcop_16_shot_distilbert_knn_7_smpf10",
    "training_history": {
        "final_train_loss": 0.4084491431713104,
        "final_train_acc": 0.84375,
        "final_val_loss": 0.6834405660629272,
        "final_val_acc": 0.6152694610778443,
        "final_val_f1": 0.5394747078058817,
        "best_val_f1": 0.5424834983294096,
        "best_epoch": 20,
        "total_epochs": 78,
        "training_time_seconds": 4.513808012008667
    },
    "final_test_metrics": {
        "accuracy": 0.6893712574850299,
        "precision": 0.5411551431155787,
        "recall": 0.5498360688794848,
        "f1_score": 0.5424834983294096,
        "confusion_matrix": [
            [
                1678,
                491
            ],
            [
                339,
                164
            ]
        ]
    }
}