{
    "args": {
        "graph_path": "graphs_hetero/politifact/12_shot_distilbert_hetero_knn_5_smpf10.pt",
        "model": "HGT",
        "target_node_type": "news",
        "dropout_rate": 0.0,
        "hidden_channels": 128,
        "hgt_han_heads": 4,
        "hgt_layers": 1,
        "lr": 0.0001,
        "weight_decay": 0.0001,
        "n_epochs": 300,
        "patience": 30,
        "seed": 42,
        "output_dir_base": "results_hetero"
    },
    "model_name": "HGT_politifact_12_shot_distilbert_hetero_knn_5_smpf10",
    "training_history": {
        "final_train_loss": 0.0031537290196865797,
        "final_train_acc": 1.0,
        "final_val_loss": 0.9742124080657959,
        "final_val_acc": 0.7352941176470589,
        "final_val_f1": 0.7183761120768994,
        "best_val_f1": 0.7299586995658159,
        "best_epoch": 126,
        "total_epochs_run": 156,
        "training_time_seconds": 5.9082722663879395
    },
    "final_test_metrics_on_target_node": {
        "accuracy": 0.7549019607843137,
        "precision": 0.7238095238095239,
        "recall": 0.7664147378365611,
        "f1_score": 0.7299586995658159,
        "confusion_matrix": [
            [
                54,
                19
            ],
            [
                6,
                23
            ]
        ]
    }
}