{
  "accuracy": 0.7450980392156863,
  "precision": 0.7057387057387057,
  "recall": 0.7387812942843647,
  "f1_score": 0.7132352941176471
}