{
    "args": {
        "graph_path": "graphs/gossipcop/9_shot_roberta_knn_5_smpf10.pt",
        "model": "GAT",
        "dropout_rate": 0.5,
        "hidden_channels": 128,
        "gat_heads": 8,
        "lr": 0.0001,
        "weight_decay": 0.0001,
        "n_epochs": 300,
        "patience": 30,
        "seed": 42,
        "output_dir": "results"
    },
    "model_name": "GAT_gossipcop_9_shot_roberta_knn_5_smpf10",
    "training_history": {
        "final_train_loss": 0.4377289116382599,
        "final_train_acc": 0.8333333333333334,
        "final_val_loss": 0.5925120711326599,
        "final_val_acc": 0.7133233532934131,
        "final_val_f1": 0.5701744291048381,
        "best_val_f1": 0.5767222461217132,
        "best_epoch": 290,
        "total_epochs": 300,
        "training_time_seconds": 5.7207396030426025
    },
    "final_test_metrics": {
        "accuracy": 0.6841317365269461,
        "precision": 0.5755664452296634,
        "recall": 0.6053994154024676,
        "f1_score": 0.5767222461217132,
        "confusion_matrix": [
            [
                1587,
                582
            ],
            [
                262,
                241
            ]
        ]
    }
}