{
    "args": {
        "graph_path": "graphs/gossipcop/9_shot_roberta_knn_5_smpf10.pt",
        "model": "GAT",
        "dropout_rate": 0.5,
        "hidden_channels": 128,
        "gat_heads": 8,
        "lr": 0.0001,
        "weight_decay": 0.0001,
        "n_epochs": 300,
        "patience": 30,
        "seed": 42,
        "output_dir": "results"
    },
    "model_name": "GAT_gossipcop_9_shot_roberta_knn_5_smpf10",
    "training_history": {
        "final_train_loss": 0.6839283108711243,
        "final_train_acc": 0.6111111111111112,
        "final_val_loss": 0.5989535450935364,
        "final_val_acc": 0.8098802395209581,
        "final_val_f1": 0.44747725392886684,
        "best_val_f1": 0.4580923897420842,
        "best_epoch": 2,
        "total_epochs": 50,
        "training_time_seconds": 1.593533992767334
    },
    "final_test_metrics": {
        "accuracy": 0.6897455089820359,
        "precision": 0.11374407582938388,
        "recall": 0.09542743538767395,
        "f1_score": 0.10378378378378378,
        "confusion_matrix": [
            [
                1795,
                374
            ],
            [
                455,
                48
            ]
        ]
    }
}