{
    "args": {
        "graph_path": "graphs/gossipcop/14_shot_distilbert_knn_6_smpf10.pt",
        "model": "GAT",
        "dropout_rate": 0.5,
        "hidden_channels": 128,
        "gat_heads": 8,
        "lr": 0.0001,
        "weight_decay": 0.0001,
        "n_epochs": 300,
        "patience": 30,
        "seed": 42,
        "output_dir": "results"
    },
    "model_name": "GAT_gossipcop_14_shot_distilbert_knn_6_smpf10",
    "training_history": {
        "final_train_loss": 0.46051082015037537,
        "final_train_acc": 0.8214285714285714,
        "final_val_loss": 0.650286853313446,
        "final_val_acc": 0.6324850299401198,
        "final_val_f1": 0.525229957059242,
        "best_val_f1": 0.5313260328308425,
        "best_epoch": 23,
        "total_epochs": 65,
        "training_time_seconds": 3.0913703441619873
    },
    "final_test_metrics": {
        "accuracy": 0.6598053892215568,
        "precision": 0.5337969601376542,
        "recall": 0.545368178206006,
        "f1_score": 0.5313260328308425,
        "confusion_matrix": [
            [
                1581,
                588
            ],
            [
                321,
                182
            ]
        ]
    }
}