{
    "args": {
        "graph_path": "graphs/politifact/12_shot_roberta_knn_6_psl10.pt",
        "model": "GAT",
        "dropout_rate": 0.5,
        "hidden_channels": 128,
        "gat_heads": 8,
        "lr": 0.0001,
        "weight_decay": 0.0001,
        "n_epochs": 300,
        "patience": 30,
        "seed": 42,
        "output_dir": "results"
    },
    "model_name": "GAT_politifact_12_shot_roberta_knn_6_psl10",
    "training_history": {
        "final_train_loss": 0.45450103282928467,
        "final_train_acc": 0.875,
        "final_val_loss": 0.5687168836593628,
        "final_val_acc": 0.7058823529411765,
        "final_val_f1": 0.6854440789473684,
        "best_val_f1": 0.744360902255639,
        "best_epoch": 79,
        "total_epochs": 170,
        "training_time_seconds": 3.3525171279907227
    },
    "final_test_metrics": {
        "accuracy": 0.7941176470588235,
        "precision": 0.747104247104247,
        "recall": 0.7418516769012754,
        "f1_score": 0.744360902255639,
        "confusion_matrix": [
            [
                63,
                10
            ],
            [
                11,
                18
            ]
        ]
    }
}