{
    "args": {
        "graph_path": "graphs/politifact/7_shot_roberta_knn_6.pt",
        "model": "GAT",
        "dropout_rate": 0.5,
        "hidden_channels": 128,
        "gat_heads": 8,
        "lr": 0.0001,
        "weight_decay": 0.0001,
        "n_epochs": 300,
        "patience": 30,
        "seed": 42,
        "output_dir": "results"
    },
    "model_name": "GAT_politifact_7_shot_roberta_knn_6",
    "training_history": {
        "final_train_loss": 0.6842994093894958,
        "final_train_acc": 0.5714285714285714,
        "final_val_loss": 0.5598136186599731,
        "final_val_acc": 0.7941176470588235,
        "final_val_f1": 0.7254901960784315,
        "best_val_f1": 0.7419028340080972,
        "best_epoch": 157,
        "total_epochs": 218,
        "training_time_seconds": 3.5543484687805176
    },
    "final_test_metrics": {
        "accuracy": 0.803921568627451,
        "precision": 0.6956521739130435,
        "recall": 0.5517241379310345,
        "f1_score": 0.6153846153846154,
        "confusion_matrix": [
            [
                66,
                7
            ],
            [
                13,
                16
            ]
        ]
    }
}