{
    "args": {
        "graph_path": "graphs/politifact/11_shot_combined_knn_6.pt",
        "model": "GAT",
        "dropout_rate": 0.5,
        "hidden_channels": 128,
        "gat_heads": 8,
        "lr": 0.0001,
        "weight_decay": 0.0001,
        "n_epochs": 300,
        "patience": 30,
        "seed": 42,
        "output_dir": "results"
    },
    "model_name": "GAT_politifact_11_shot_combined_knn_6",
    "training_history": {
        "final_train_loss": 0.47798192501068115,
        "final_train_acc": 0.8181818181818182,
        "final_val_loss": 0.5867311954498291,
        "final_val_acc": 0.7843137254901961,
        "final_val_f1": 0.7402777777777778,
        "best_val_f1": 0.7687074829931972,
        "best_epoch": 135,
        "total_epochs": 179,
        "training_time_seconds": 2.830890417098999
    },
    "final_test_metrics": {
        "accuracy": 0.8137254901960784,
        "precision": 0.6785714285714286,
        "recall": 0.6551724137931034,
        "f1_score": 0.6666666666666666,
        "confusion_matrix": [
            [
                64,
                9
            ],
            [
                10,
                19
            ]
        ]
    }
}