{
    "args": {
        "graph_path": "graphs/politifact/7_shot_roberta_knn_6_psl10.pt",
        "model": "GAT",
        "dropout_rate": 0.5,
        "hidden_channels": 128,
        "gat_heads": 8,
        "lr": 0.0001,
        "weight_decay": 0.0001,
        "n_epochs": 300,
        "patience": 30,
        "seed": 42,
        "output_dir": "results"
    },
    "model_name": "GAT_politifact_7_shot_roberta_knn_6_psl10",
    "training_history": {
        "final_train_loss": 0.8063015341758728,
        "final_train_acc": 0.5,
        "final_val_loss": 0.6325199604034424,
        "final_val_acc": 0.6470588235294118,
        "final_val_f1": 0.6329468212714915,
        "best_val_f1": 0.720014321518081,
        "best_epoch": 59,
        "total_epochs": 89,
        "training_time_seconds": 2.400003671646118
    },
    "final_test_metrics": {
        "accuracy": 0.7745098039215687,
        "precision": 0.7224903474903475,
        "recall": 0.7177609825224374,
        "f1_score": 0.720014321518081,
        "confusion_matrix": [
            [
                62,
                11
            ],
            [
                12,
                17
            ]
        ]
    }
}