{
  "accuracy": 0.7728293413173652,
  "precision": 0.643162351312886,
  "recall": 0.6607964018562668,
  "f1_score": 0.6504534568039857
}