{
    "args": {
        "graph_path": "graphs_hetero/politifact/3_shot_roberta_hetero_knn_5_psl10.pt",
        "model": "HAN",
        "target_node_type": "news",
        "dropout_rate": 0.0,
        "hidden_channels": 128,
        "hgt_han_heads": 4,
        "hgt_layers": 1,
        "lr": 0.0001,
        "weight_decay": 0.0001,
        "n_epochs": 300,
        "patience": 30,
        "seed": 42,
        "output_dir_base": "results_hetero"
    },
    "model_name": "HAN_politifact_3_shot_roberta_hetero_knn_5_psl10",
    "training_history": {
        "final_train_loss": 0.13035473227500916,
        "final_train_acc": 1.0,
        "final_val_loss": 0.563692033290863,
        "final_val_acc": 0.6862745098039216,
        "final_val_f1": 0.6644736842105263,
        "best_val_f1": 0.7496201052016365,
        "best_epoch": 69,
        "total_epochs_run": 300,
        "training_time_seconds": 5.345984697341919
    },
    "final_test_metrics_on_target_node": {
        "accuracy": 0.7941176470588235,
        "precision": 0.7472222222222222,
        "recall": 0.7522437411431271,
        "f1_score": 0.7496201052016365,
        "confusion_matrix": [
            [
                62,
                11
            ],
            [
                10,
                19
            ]
        ]
    }
}