{
  "accuracy": 0.6991017964071856,
  "f1": 0.7103549495975582,
  "precision": 0.7236783103102553,
  "recall": 0.6991017964071856
}