{
  "accuracy": 0.6991017964071856,
  "f1": 0.545900974025974,
  "precision": 0.5440972920536147,
  "recall": 0.5512485254448414,
  "confusion_matrix": [
    [
      1710,
      459
    ],
    [
      345,
      158
    ]
  ]
}