{
    "args": {
        "graph_path": "graphs/politifact/5_shot_roberta_mutual_knn_3_smpf10.pt",
        "model": "GAT",
        "dropout_rate": 0.5,
        "hidden_channels": 128,
        "gat_heads": 8,
        "lr": 0.0001,
        "weight_decay": 0.0001,
        "n_epochs": 300,
        "patience": 30,
        "seed": 42,
        "output_dir": "results"
    },
    "model_name": "GAT_politifact_5_shot_roberta_mutual_knn_3_smpf10",
    "training_history": {
        "final_train_loss": 0.6223338842391968,
        "final_train_acc": 0.5,
        "final_val_loss": 0.6003178358078003,
        "final_val_acc": 0.7058823529411765,
        "final_val_f1": 0.6222222222222222,
        "best_val_f1": 0.6693506221896894,
        "best_epoch": 68,
        "total_epochs": 142,
        "training_time_seconds": 2.4748058319091797
    },
    "final_test_metrics": {
        "accuracy": 0.696078431372549,
        "precision": 0.4772727272727273,
        "recall": 0.7241379310344828,
        "f1_score": 0.5753424657534246,
        "confusion_matrix": [
            [
                50,
                23
            ],
            [
                8,
                21
            ]
        ]
    }
}