{
    "args": {
        "graph_path": "graphs/politifact/11_shot_roberta_knn_5_smpf10.pt",
        "model": "GAT",
        "dropout_rate": 0.5,
        "hidden_channels": 128,
        "gat_heads": 8,
        "lr": 0.0001,
        "weight_decay": 0.0001,
        "n_epochs": 300,
        "patience": 30,
        "seed": 42,
        "output_dir": "results"
    },
    "model_name": "GAT_politifact_11_shot_roberta_knn_5_smpf10",
    "training_history": {
        "final_train_loss": 0.4853876233100891,
        "final_train_acc": 0.7727272727272727,
        "final_val_loss": 0.570284366607666,
        "final_val_acc": 0.7352941176470589,
        "final_val_f1": 0.7043478260869566,
        "best_val_f1": 0.7323503686117705,
        "best_epoch": 60,
        "total_epochs": 140,
        "training_time_seconds": 3.558635711669922
    },
    "final_test_metrics": {
        "accuracy": 0.7941176470588235,
        "precision": 0.75,
        "recall": 0.721067548417572,
        "f1_score": 0.7323503686117705,
        "confusion_matrix": [
            [
                65,
                8
            ],
            [
                13,
                16
            ]
        ]
    }
}