{
    "args": {
        "graph_path": "graphs/gossipcop/4_shot_combined_mutual_knn_7_smpf10.pt",
        "model": "GAT",
        "dropout_rate": 0.5,
        "hidden_channels": 128,
        "gat_heads": 8,
        "lr": 0.0001,
        "weight_decay": 0.0001,
        "n_epochs": 300,
        "patience": 30,
        "seed": 42,
        "output_dir": "results"
    },
    "model_name": "GAT_gossipcop_4_shot_combined_mutual_knn_7_smpf10",
    "training_history": {
        "final_train_loss": 0.5198354721069336,
        "final_train_acc": 0.75,
        "final_val_loss": 0.6801773905754089,
        "final_val_acc": 0.5834580838323353,
        "final_val_f1": 0.5434479144070766,
        "best_val_f1": 0.6263994213545999,
        "best_epoch": 101,
        "total_epochs": 131,
        "training_time_seconds": 2.7653350830078125
    },
    "final_test_metrics": {
        "accuracy": 0.7578592814371258,
        "precision": 0.3767123287671233,
        "recall": 0.43737574552683894,
        "f1_score": 0.4047838086476541,
        "confusion_matrix": [
            [
                1805,
                364
            ],
            [
                283,
                220
            ]
        ]
    }
}