{
    "args": {
        "graph_path": "graphs/politifact/12_shot_bert_knn_8_smpf10.pt",
        "model": "GAT",
        "dropout_rate": 0.5,
        "hidden_channels": 128,
        "gat_heads": 8,
        "lr": 0.0001,
        "weight_decay": 0.0001,
        "n_epochs": 300,
        "patience": 30,
        "seed": 42,
        "output_dir": "results"
    },
    "model_name": "GAT_politifact_12_shot_bert_knn_8_smpf10",
    "training_history": {
        "final_train_loss": 0.2903062403202057,
        "final_train_acc": 0.9583333333333334,
        "final_val_loss": 0.6045500636100769,
        "final_val_acc": 0.7352941176470589,
        "final_val_f1": 0.712015058036181,
        "best_val_f1": 0.7403431101272828,
        "best_epoch": 8,
        "total_epochs": 55,
        "training_time_seconds": 2.9382946491241455
    },
    "final_test_metrics": {
        "accuracy": 0.7745098039215687,
        "precision": 0.7310606060606061,
        "recall": 0.7593292394898441,
        "f1_score": 0.7403431101272828,
        "confusion_matrix": [
            [
                58,
                15
            ],
            [
                8,
                21
            ]
        ]
    }
}