{
    "args": {
        "graph_path": "graphs/gossipcop/3_shot_combined_knn_5_smpf10.pt",
        "model": "GAT",
        "dropout_rate": 0.5,
        "hidden_channels": 128,
        "gat_heads": 8,
        "lr": 0.0001,
        "weight_decay": 0.0001,
        "n_epochs": 300,
        "patience": 30,
        "seed": 42,
        "output_dir": "results"
    },
    "model_name": "GAT_gossipcop_3_shot_combined_knn_5_smpf10",
    "training_history": {
        "final_train_loss": 0.616628110408783,
        "final_train_acc": 0.6666666666666666,
        "final_val_loss": 0.6741743087768555,
        "final_val_acc": 0.6497005988023952,
        "final_val_f1": 0.5797700203848317,
        "best_val_f1": 0.6326767299099315,
        "best_epoch": 62,
        "total_epochs": 92,
        "training_time_seconds": 2.042429208755493
    },
    "final_test_metrics": {
        "accuracy": 0.7616017964071856,
        "precision": 0.3856655290102389,
        "recall": 0.44930417495029823,
        "f1_score": 0.4150596877869605,
        "confusion_matrix": [
            [
                1809,
                360
            ],
            [
                277,
                226
            ]
        ]
    }
}