{
    "args": {
        "graph_path": "graphs/gossipcop/16_shot_distilbert_knn_6_smpf10.pt",
        "model": "GAT",
        "dropout_rate": 0.5,
        "hidden_channels": 128,
        "gat_heads": 8,
        "lr": 0.0001,
        "weight_decay": 0.0001,
        "n_epochs": 300,
        "patience": 30,
        "seed": 42,
        "output_dir": "results"
    },
    "model_name": "GAT_gossipcop_16_shot_distilbert_knn_6_smpf10",
    "training_history": {
        "final_train_loss": 0.2977370619773865,
        "final_train_acc": 0.9375,
        "final_val_loss": 0.7805006504058838,
        "final_val_acc": 0.6137724550898204,
        "final_val_f1": 0.5481916221822436,
        "best_val_f1": 0.5694147919154648,
        "best_epoch": 143,
        "total_epochs": 173,
        "training_time_seconds": 8.103495597839355
    },
    "final_test_metrics": {
        "accuracy": 0.6538173652694611,
        "precision": 0.5774622893702824,
        "recall": 0.6180313233553956,
        "f1_score": 0.5694147919154648,
        "confusion_matrix": [
            [
                1465,
                704
            ],
            [
                221,
                282
            ]
        ]
    }
}