{
    "args": {
        "graph_path": "graphs/politifact/5_shot_roberta_knn_7_smpf10.pt",
        "model": "GAT",
        "dropout_rate": 0.5,
        "hidden_channels": 128,
        "gat_heads": 8,
        "lr": 0.0001,
        "weight_decay": 0.0001,
        "n_epochs": 300,
        "patience": 30,
        "seed": 42,
        "output_dir": "results"
    },
    "model_name": "GAT_politifact_5_shot_roberta_knn_7_smpf10",
    "training_history": {
        "final_train_loss": 0.4866705536842346,
        "final_train_acc": 0.8,
        "final_val_loss": 0.6154472231864929,
        "final_val_acc": 0.6764705882352942,
        "final_val_f1": 0.6480184042664436,
        "best_val_f1": 0.6820779220779221,
        "best_epoch": 41,
        "total_epochs": 93,
        "training_time_seconds": 3.878063678741455
    },
    "final_test_metrics": {
        "accuracy": 0.7647058823529411,
        "precision": 0.7107583774250441,
        "recall": 0.6693434104865376,
        "f1_score": 0.6820779220779221,
        "confusion_matrix": [
            [
                65,
                8
            ],
            [
                16,
                13
            ]
        ]
    }
}