{
  "accuracy": 0.8333333333333334,
  "precision": 0.7941176470588236,
  "recall": 0.8212092583845063,
  "f1_score": 0.8047956771361027
}