{
    "args": {
        "graph_path": "graphs_hetero/politifact/15_shot_distilbert_hetero_knn_5_smpf10.pt",
        "model": "HAN",
        "target_node_type": "news",
        "dropout_rate": 0.0,
        "hidden_channels": 128,
        "hgt_han_heads": 4,
        "hgt_layers": 1,
        "lr": 0.0001,
        "weight_decay": 0.0001,
        "n_epochs": 300,
        "patience": 30,
        "seed": 42,
        "output_dir_base": "results_hetero"
    },
    "model_name": "HAN_politifact_15_shot_distilbert_hetero_knn_5_smpf10",
    "training_history": {
        "final_train_loss": 0.4061731696128845,
        "final_train_acc": 0.8666666666666667,
        "final_val_loss": 0.661914050579071,
        "final_val_acc": 0.6176470588235294,
        "final_val_f1": 0.6091954022988506,
        "best_val_f1": 0.61133365901319,
        "best_epoch": 61,
        "total_epochs_run": 95,
        "training_time_seconds": 2.9480228424072266
    },
    "final_test_metrics_on_target_node": {
        "accuracy": 0.6176470588235294,
        "precision": 0.6607142857142857,
        "recall": 0.6913084553613604,
        "f1_score": 0.61133365901319,
        "confusion_matrix": [
            [
                38,
                35
            ],
            [
                4,
                25
            ]
        ]
    }
}