{
    "args": {
        "graph_path": "graphs/politifact/15_shot_roberta_knn_5.pt",
        "model": "GAT",
        "dropout_rate": 0.5,
        "hidden_channels": 128,
        "gat_heads": 8,
        "lr": 0.0001,
        "weight_decay": 0.0001,
        "n_epochs": 300,
        "patience": 30,
        "seed": 42,
        "output_dir": "results"
    },
    "model_name": "GAT_politifact_15_shot_roberta_knn_5",
    "training_history": {
        "final_train_loss": 0.44558218121528625,
        "final_train_acc": 0.8666666666666667,
        "final_val_loss": 0.5038256049156189,
        "final_val_acc": 0.7843137254901961,
        "final_val_f1": 0.6912493120528344,
        "best_val_f1": 0.735064935064935,
        "best_epoch": 248,
        "total_epochs": 300,
        "training_time_seconds": 4.013257741928101
    },
    "final_test_metrics": {
        "accuracy": 0.803921568627451,
        "precision": 0.7142857142857143,
        "recall": 0.5172413793103449,
        "f1_score": 0.6,
        "confusion_matrix": [
            [
                67,
                6
            ],
            [
                14,
                15
            ]
        ]
    }
}