{
  "accuracy": 0.7907934131736527,
  "precision": 0.6614934023924035,
  "recall": 0.6680438347324995,
  "f1_score": 0.6645947028055608
}