{
    "model": "MLP_gossipcop_bert_10_shot",
    "dataset": "gossipcop",
    "embedding": "bert",
    "k_shot": 10,
    "training_time": 0.9126667976379395,
    "best_epoch": 12,
    "final_train_accuracy": 1.0,
    "final_train_loss": 0.0668063759803772,
    "final_val_accuracy": 1.0,
    "final_val_loss": 0.3165227174758911,
    "final_val_f1": 1.0,
    "test_metrics": {
        "accuracy": 0.5808383233532934,
        "precision": 0.5498454437753266,
        "recall": 0.5807148808394447,
        "f1_score": 0.517515348501264,
        "confusion_matrix": [
            [
                1260,
                909
            ],
            [
                211,
                292
            ]
        ]
    }
}