{
    "args": {
        "graph_path": "graphs/politifact/6_shot_combined_mutual_knn_8_smpf10.pt",
        "model": "GAT",
        "dropout_rate": 0.5,
        "hidden_channels": 128,
        "gat_heads": 8,
        "lr": 0.0001,
        "weight_decay": 0.0001,
        "n_epochs": 300,
        "patience": 30,
        "seed": 42,
        "output_dir": "results"
    },
    "model_name": "GAT_politifact_6_shot_combined_mutual_knn_8_smpf10",
    "training_history": {
        "final_train_loss": 0.5673103332519531,
        "final_train_acc": 0.9166666666666666,
        "final_val_loss": 0.639061450958252,
        "final_val_acc": 0.6372549019607843,
        "final_val_f1": 0.6292366637194223,
        "best_val_f1": 0.7219445706497047,
        "best_epoch": 108,
        "total_epochs": 157,
        "training_time_seconds": 2.75260066986084
    },
    "final_test_metrics": {
        "accuracy": 0.7647058823529411,
        "precision": 0.5757575757575758,
        "recall": 0.6551724137931034,
        "f1_score": 0.6129032258064516,
        "confusion_matrix": [
            [
                59,
                14
            ],
            [
                10,
                19
            ]
        ]
    }
}