{
    "args": {
        "graph_path": "graphs/politifact/13_shot_roberta_knn_7_smpf10.pt",
        "model": "GAT",
        "dropout_rate": 0.5,
        "hidden_channels": 128,
        "gat_heads": 8,
        "lr": 0.0001,
        "weight_decay": 0.0001,
        "n_epochs": 300,
        "patience": 30,
        "seed": 42,
        "output_dir": "results"
    },
    "model_name": "GAT_politifact_13_shot_roberta_knn_7_smpf10",
    "training_history": {
        "final_train_loss": 0.3337680399417877,
        "final_train_acc": 0.8846153846153846,
        "final_val_loss": 0.4819354712963104,
        "final_val_acc": 0.7549019607843137,
        "final_val_f1": 0.7221919599084867,
        "best_val_f1": 0.7359000337723742,
        "best_epoch": 271,
        "total_epochs": 300,
        "training_time_seconds": 11.316579818725586
    },
    "final_test_metrics": {
        "accuracy": 0.7745098039215687,
        "precision": 0.7279411764705883,
        "recall": 0.7489371752479925,
        "f1_score": 0.7359000337723742,
        "confusion_matrix": [
            [
                59,
                14
            ],
            [
                9,
                20
            ]
        ]
    }
}