{
    "args": {
        "graph_path": "graphs_hetero/gossipcop/14_shot_roberta_hetero_knn_5_smpf10.pt",
        "model": "HGT",
        "target_node_type": "news",
        "dropout_rate": 0.0,
        "hidden_channels": 128,
        "hgt_han_heads": 4,
        "hgt_layers": 1,
        "lr": 0.0001,
        "weight_decay": 0.0001,
        "n_epochs": 300,
        "patience": 30,
        "seed": 42,
        "output_dir_base": "results_hetero"
    },
    "model_name": "HGT_gossipcop_14_shot_roberta_hetero_knn_5_smpf10",
    "training_history": {
        "final_train_loss": 0.015349535271525383,
        "final_train_acc": 1.0,
        "final_val_loss": 0.7287086248397827,
        "final_val_acc": 0.6646706586826348,
        "final_val_f1": 0.5711075441412521,
        "best_val_f1": 0.5773450346119037,
        "best_epoch": 150,
        "total_epochs_run": 180,
        "training_time_seconds": 6.753231763839722
    },
    "final_test_metrics_on_target_node": {
        "accuracy": 0.6732784431137725,
        "precision": 0.5791958252895753,
        "recall": 0.6155116328309534,
        "f1_score": 0.5773450346119037,
        "confusion_matrix": [
            [
                1536,
                633
            ],
            [
                240,
                263
            ]
        ]
    }
}