{
    "args": {
        "graph_path": "graphs_hetero/gossipcop/14_shot_roberta_hetero_knn_5_smpf10.pt",
        "model": "HGT",
        "target_node_type": "news",
        "dropout_rate": 0.0,
        "hidden_channels": 128,
        "hgt_han_heads": 4,
        "hgt_layers": 1,
        "lr": 0.0001,
        "weight_decay": 0.0001,
        "n_epochs": 300,
        "patience": 30,
        "seed": 42,
        "output_dir_base": "results_hetero"
    },
    "model_name": "HGT_gossipcop_14_shot_roberta_hetero_knn_5_smpf10",
    "training_history": {
        "final_train_loss": 0.016784468665719032,
        "final_train_acc": 1.0,
        "final_val_loss": 0.7206332087516785,
        "final_val_acc": 0.6642964071856288,
        "final_val_f1": 0.5708206980835605,
        "best_val_f1": 0.5756120698300325,
        "best_epoch": 145,
        "total_epochs_run": 175,
        "training_time_seconds": 6.84100341796875
    },
    "final_test_metrics_on_target_node": {
        "accuracy": 0.6710329341317365,
        "precision": 0.5779905295200872,
        "recall": 0.6141285069664998,
        "f1_score": 0.5756120698300325,
        "confusion_matrix": [
            [
                1530,
                639
            ],
            [
                240,
                263
            ]
        ]
    }
}