{
    "args": {
        "graph_path": "graphs_hetero/politifact/15_shot_bert_hetero_knn_5_smpf10.pt",
        "model": "HAN",
        "target_node_type": "news",
        "dropout_rate": 0.0,
        "hidden_channels": 128,
        "hgt_han_heads": 4,
        "hgt_layers": 1,
        "lr": 0.0001,
        "weight_decay": 0.0001,
        "n_epochs": 300,
        "patience": 30,
        "seed": 42,
        "output_dir_base": "results_hetero"
    },
    "model_name": "HAN_politifact_15_shot_bert_hetero_knn_5_smpf10",
    "training_history": {
        "final_train_loss": 0.132783904671669,
        "final_train_acc": 1.0,
        "final_val_loss": 0.7358415126800537,
        "final_val_acc": 0.7254901960784313,
        "final_val_f1": 0.7094017094017094,
        "best_val_f1": 0.7301587301587301,
        "best_epoch": 90,
        "total_epochs_run": 120,
        "training_time_seconds": 3.753441095352173
    },
    "final_test_metrics_on_target_node": {
        "accuracy": 0.7450980392156863,
        "precision": 0.7370042356565267,
        "recall": 0.7907416154936231,
        "f1_score": 0.7301587301587301,
        "confusion_matrix": [
            [
                50,
                23
            ],
            [
                3,
                26
            ]
        ]
    }
}