{
    "args": {
        "graph_path": "graphs_hetero/gossipcop/12_shot_roberta_hetero_knn_5_smpf10.pt",
        "model": "HAN",
        "target_node_type": "news",
        "dropout_rate": 0.0,
        "hidden_channels": 128,
        "hgt_han_heads": 4,
        "hgt_layers": 1,
        "lr": 0.0001,
        "weight_decay": 0.0001,
        "n_epochs": 300,
        "patience": 30,
        "seed": 42,
        "output_dir_base": "results_hetero"
    },
    "model_name": "HAN_gossipcop_12_shot_roberta_hetero_knn_5_smpf10",
    "training_history": {
        "final_train_loss": 0.21480344235897064,
        "final_train_acc": 1.0,
        "final_val_loss": 0.5857639312744141,
        "final_val_acc": 0.6946107784431138,
        "final_val_f1": 0.592814371257485,
        "best_val_f1": 0.6187246615241278,
        "best_epoch": 68,
        "total_epochs_run": 300,
        "training_time_seconds": 6.068549394607544
    },
    "final_test_metrics_on_target_node": {
        "accuracy": 0.7518712574850299,
        "precision": 0.6130391247008254,
        "recall": 0.627272327308624,
        "f1_score": 0.6187246615241278,
        "confusion_matrix": [
            [
                1794,
                375
            ],
            [
                288,
                215
            ]
        ]
    }
}