{
    "args": {
        "graph_path": "graphs_hetero/gossipcop/12_shot_roberta_hetero_knn_5_smpf10.pt",
        "model": "HAN",
        "target_node_type": "news",
        "dropout_rate": 0.0,
        "hidden_channels": 128,
        "hgt_han_heads": 4,
        "hgt_layers": 1,
        "lr": 0.0001,
        "weight_decay": 0.0001,
        "n_epochs": 300,
        "patience": 30,
        "seed": 42,
        "output_dir_base": "results_hetero"
    },
    "model_name": "HAN_gossipcop_12_shot_roberta_hetero_knn_5_smpf10",
    "training_history": {
        "final_train_loss": 0.20899580419063568,
        "final_train_acc": 1.0,
        "final_val_loss": 0.5841737389564514,
        "final_val_acc": 0.6964820359281437,
        "final_val_f1": 0.5938871069456431,
        "best_val_f1": 0.6187457381005667,
        "best_epoch": 98,
        "total_epochs_run": 300,
        "training_time_seconds": 4.754122972488403
    },
    "final_test_metrics_on_target_node": {
        "accuracy": 0.7458832335329342,
        "precision": 0.611775021158717,
        "recall": 0.6312191397488742,
        "f1_score": 0.6187457381005667,
        "confusion_matrix": [
            [
                1768,
                401
            ],
            [
                278,
                225
            ]
        ]
    }
}