{
  "accuracy": 0.7900449101796407,
  "precision": 0.6658078354783248,
  "recall": 0.6820895741273887,
  "f1_score": 0.672907925162505
}