{
  "accuracy": 0.8431372549019608,
  "precision": 0.8070686070686071,
  "recall": 0.8488427019367029,
  "f1_score": 0.8208168642951252
}