{
    "args": {
        "graph_path": "graphs_hetero/politifact/12_shot_bigbird_hetero_knn_5_smpf10.pt",
        "model": "HGT",
        "target_node_type": "news",
        "dropout_rate": 0.0,
        "hidden_channels": 128,
        "hgt_han_heads": 4,
        "hgt_layers": 1,
        "lr": 0.0001,
        "weight_decay": 0.0001,
        "n_epochs": 300,
        "patience": 30,
        "seed": 42,
        "output_dir_base": "results_hetero"
    },
    "model_name": "HGT_politifact_12_shot_bigbird_hetero_knn_5_smpf10",
    "training_history": {
        "final_train_loss": 0.0014908580342307687,
        "final_train_acc": 1.0,
        "final_val_loss": 0.6633874773979187,
        "final_val_acc": 0.7843137254901961,
        "final_val_f1": 0.7292471042471043,
        "best_val_f1": 0.744360902255639,
        "best_epoch": 152,
        "total_epochs_run": 182,
        "training_time_seconds": 6.673478603363037
    },
    "final_test_metrics_on_target_node": {
        "accuracy": 0.7941176470588235,
        "precision": 0.747104247104247,
        "recall": 0.7418516769012754,
        "f1_score": 0.744360902255639,
        "confusion_matrix": [
            [
                63,
                10
            ],
            [
                11,
                18
            ]
        ]
    }
}