{
  "accuracy": 0.750748502994012,
  "precision": 0.6325080283222272,
  "recall": 0.6678105640018808,
  "f1_score": 0.6429871443016033
}