{
    "args": {
        "graph_path": "graphs/politifact/7_shot_combined_mutual_knn_6_smpf10.pt",
        "model": "GAT",
        "dropout_rate": 0.5,
        "hidden_channels": 128,
        "gat_heads": 8,
        "lr": 0.0001,
        "weight_decay": 0.0001,
        "n_epochs": 300,
        "patience": 30,
        "seed": 42,
        "output_dir": "results"
    },
    "model_name": "GAT_politifact_7_shot_combined_mutual_knn_6_smpf10",
    "training_history": {
        "final_train_loss": 0.4833155572414398,
        "final_train_acc": 1.0,
        "final_val_loss": 0.6343604922294617,
        "final_val_acc": 0.6764705882352942,
        "final_val_f1": 0.6621499548328816,
        "best_val_f1": 0.720014321518081,
        "best_epoch": 63,
        "total_epochs": 156,
        "training_time_seconds": 3.575932741165161
    },
    "final_test_metrics": {
        "accuracy": 0.7745098039215687,
        "precision": 0.6071428571428571,
        "recall": 0.5862068965517241,
        "f1_score": 0.5964912280701754,
        "confusion_matrix": [
            [
                62,
                11
            ],
            [
                12,
                17
            ]
        ]
    }
}