{
    "args": {
        "graph_path": "graphs_hetero/gossipcop/16_shot_roberta_hetero_dual_knn_sim5_dis5_psl10.pt",
        "model": "HGT",
        "target_node_type": "news",
        "dropout_rate": 0.0,
        "hidden_channels": 128,
        "hgt_han_heads": 4,
        "hgt_layers": 1,
        "lr": 0.0001,
        "weight_decay": 0.0001,
        "n_epochs": 300,
        "patience": 30,
        "seed": 42,
        "output_dir_base": "results_hetero"
    },
    "model_name": "HGT_gossipcop_16_shot_roberta_hetero_dual_knn_sim5_dis5_psl10",
    "training_history": {
        "final_train_loss": 0.012056532315909863,
        "final_train_acc": 1.0,
        "final_val_loss": 0.759261429309845,
        "final_val_acc": 0.6650449101796407,
        "final_val_f1": 0.5736739036067041,
        "best_val_f1": 0.5826743911519532,
        "best_epoch": 153,
        "total_epochs_run": 183,
        "training_time_seconds": 8.826879262924194
    },
    "final_test_metrics_on_target_node": {
        "accuracy": 0.6781437125748503,
        "precision": 0.5835767368614084,
        "recall": 0.621562464768787,
        "f1_score": 0.5826743911519532,
        "confusion_matrix": [
            [
                1545,
                624
            ],
            [
                236,
                267
            ]
        ]
    }
}