{
    "args": {
        "graph_path": "graphs/politifact/12_shot_combined_knn_5_smpf10.pt",
        "model": "GAT",
        "dropout_rate": 0.5,
        "hidden_channels": 128,
        "gat_heads": 8,
        "lr": 0.0001,
        "weight_decay": 0.0001,
        "n_epochs": 300,
        "patience": 30,
        "seed": 42,
        "output_dir": "results"
    },
    "model_name": "GAT_politifact_12_shot_combined_knn_5_smpf10",
    "training_history": {
        "final_train_loss": 0.3267159163951874,
        "final_train_acc": 0.9166666666666666,
        "final_val_loss": 0.48984986543655396,
        "final_val_acc": 0.7941176470588235,
        "final_val_f1": 0.7629219701162148,
        "best_val_f1": 0.7629219701162148,
        "best_epoch": 201,
        "total_epochs": 300,
        "training_time_seconds": 5.714892864227295
    },
    "final_test_metrics": {
        "accuracy": 0.7941176470588235,
        "precision": 0.7525252525252526,
        "recall": 0.783419933868682,
        "f1_score": 0.7629219701162148,
        "confusion_matrix": [
            [
                59,
                14
            ],
            [
                7,
                22
            ]
        ]
    }
}