{
    "args": {
        "graph_path": "graphs/gossipcop/14_shot_combined_mutual_knn_8_smpf10.pt",
        "model": "GAT",
        "dropout_rate": 0.5,
        "hidden_channels": 128,
        "gat_heads": 8,
        "lr": 0.0001,
        "weight_decay": 0.0001,
        "n_epochs": 300,
        "patience": 30,
        "seed": 42,
        "output_dir": "results"
    },
    "model_name": "GAT_gossipcop_14_shot_combined_mutual_knn_8_smpf10",
    "training_history": {
        "final_train_loss": 0.5590798258781433,
        "final_train_acc": 0.7142857142857143,
        "final_val_loss": 0.6705596446990967,
        "final_val_acc": 0.6002994011976048,
        "final_val_f1": 0.4958960792294126,
        "best_val_f1": 0.5153848146900644,
        "best_epoch": 43,
        "total_epochs": 127,
        "training_time_seconds": 2.497177839279175
    },
    "final_test_metrics": {
        "accuracy": 0.7249251497005988,
        "precision": 0.21844660194174756,
        "recall": 0.17892644135188868,
        "f1_score": 0.19672131147540983,
        "confusion_matrix": [
            [
                1847,
                322
            ],
            [
                413,
                90
            ]
        ]
    }
}