{
  "accuracy": 0.43137254901960786,
  "f1": 0.4304967269926839,
  "precision": 0.5085638998682477,
  "recall": 0.5092111478507322,
  "confusion_matrix": [
    [
      24,
      49
    ],
    [
      9,
      20
    ]
  ]
}