{
  "accuracy": 0.43137254901960786,
  "f1": 0.4401307692888476,
  "precision": 0.6029088842388075,
  "recall": 0.43137254901960786
}