{
    "args": {
        "graph_path": "graphs_hetero/gossipcop/8_shot_roberta_hetero_dual_knn_sim5_dis5_psl10.pt",
        "model": "HAN",
        "target_node_type": "news",
        "dropout_rate": 0.0,
        "hidden_channels": 128,
        "hgt_han_heads": 4,
        "hgt_layers": 1,
        "lr": 0.0001,
        "weight_decay": 0.0001,
        "n_epochs": 300,
        "patience": 30,
        "seed": 42,
        "output_dir_base": "results_hetero"
    },
    "model_name": "HAN_gossipcop_8_shot_roberta_hetero_dual_knn_sim5_dis5_psl10",
    "training_history": {
        "final_train_loss": 0.21033808588981628,
        "final_train_acc": 1.0,
        "final_val_loss": 0.5894227027893066,
        "final_val_acc": 0.7073353293413174,
        "final_val_f1": 0.5842170321251672,
        "best_val_f1": 0.5927579723943276,
        "best_epoch": 128,
        "total_epochs_run": 300,
        "training_time_seconds": 5.658852815628052
    },
    "final_test_metrics_on_target_node": {
        "accuracy": 0.7634730538922155,
        "precision": 0.5986155074993343,
        "recall": 0.5886075891355418,
        "f1_score": 0.5927579723943276,
        "confusion_matrix": [
            [
                1885,
                284
            ],
            [
                348,
                155
            ]
        ]
    }
}