{
    "args": {
        "graph_path": "graphs/politifact/6_shot_roberta_mutual_knn_4.pt",
        "model": "GAT",
        "dropout_rate": 0.5,
        "hidden_channels": 128,
        "gat_heads": 8,
        "lr": 0.0001,
        "weight_decay": 0.0001,
        "n_epochs": 300,
        "patience": 30,
        "seed": 42,
        "output_dir": "results"
    },
    "model_name": "GAT_politifact_6_shot_roberta_mutual_knn_4",
    "training_history": {
        "final_train_loss": 0.9670010209083557,
        "final_train_acc": 0.5833333333333334,
        "final_val_loss": 0.694616973400116,
        "final_val_acc": 0.45098039215686275,
        "final_val_f1": 0.4507692307692308,
        "best_val_f1": 0.5653409090909091,
        "best_epoch": 14,
        "total_epochs": 44,
        "training_time_seconds": 1.3808155059814453
    },
    "final_test_metrics": {
        "accuracy": 0.7058823529411765,
        "precision": 0.4666666666666667,
        "recall": 0.2413793103448276,
        "f1_score": 0.3181818181818182,
        "confusion_matrix": [
            [
                65,
                8
            ],
            [
                22,
                7
            ]
        ]
    }
}