{
    "args": {
        "graph_path": "graphs/politifact/13_shot_distilbert_knn_8_smpf10.pt",
        "model": "GAT",
        "dropout_rate": 0.5,
        "hidden_channels": 128,
        "gat_heads": 8,
        "lr": 0.0001,
        "weight_decay": 0.0001,
        "n_epochs": 300,
        "patience": 30,
        "seed": 42,
        "output_dir": "results"
    },
    "model_name": "GAT_politifact_13_shot_distilbert_knn_8_smpf10",
    "training_history": {
        "final_train_loss": 0.45698273181915283,
        "final_train_acc": 0.7692307692307693,
        "final_val_loss": 0.6481175422668457,
        "final_val_acc": 0.6862745098039216,
        "final_val_f1": 0.6709677419354838,
        "best_val_f1": 0.7064144736842105,
        "best_epoch": 44,
        "total_epochs": 80,
        "training_time_seconds": 2.88520884513855
    },
    "final_test_metrics": {
        "accuracy": 0.7254901960784313,
        "precision": 0.7098646034816247,
        "recall": 0.7562588568729334,
        "f1_score": 0.7064144736842105,
        "confusion_matrix": [
            [
                50,
                23
            ],
            [
                5,
                24
            ]
        ]
    }
}