{
    "args": {
        "graph_path": "graphs/gossipcop/7_shot_roberta_knn_8_smpf10.pt",
        "model": "GAT",
        "dropout_rate": 0.5,
        "hidden_channels": 128,
        "gat_heads": 8,
        "lr": 0.0001,
        "weight_decay": 0.0001,
        "n_epochs": 300,
        "patience": 30,
        "seed": 42,
        "output_dir": "results"
    },
    "model_name": "GAT_gossipcop_7_shot_roberta_knn_8_smpf10",
    "training_history": {
        "final_train_loss": 0.5964683294296265,
        "final_train_acc": 0.7142857142857143,
        "final_val_loss": 0.6426994204521179,
        "final_val_acc": 0.6530688622754491,
        "final_val_f1": 0.5412916312256902,
        "best_val_f1": 0.5554029438140209,
        "best_epoch": 85,
        "total_epochs": 132,
        "training_time_seconds": 3.46836256980896
    },
    "final_test_metrics": {
        "accuracy": 0.7002245508982036,
        "precision": 0.5529558234407732,
        "recall": 0.563392810495258,
        "f1_score": 0.5554029438140209,
        "confusion_matrix": [
            [
                1698,
                471
            ],
            [
                330,
                173
            ]
        ]
    }
}