{
  "accuracy": 0.7450980392156863,
  "precision": 0.6968017057569296,
  "recall": 0.7179971658006613,
  "f1_score": 0.7040178571428571
}