{
    "args": {
        "graph_path": "graphs/gossipcop/11_shot_roberta_knn_6_smpf10.pt",
        "model": "GAT",
        "dropout_rate": 0.5,
        "hidden_channels": 128,
        "gat_heads": 8,
        "lr": 0.0001,
        "weight_decay": 0.0001,
        "n_epochs": 300,
        "patience": 30,
        "seed": 42,
        "output_dir": "results"
    },
    "model_name": "GAT_gossipcop_11_shot_roberta_knn_6_smpf10",
    "training_history": {
        "final_train_loss": 0.7359775900840759,
        "final_train_acc": 0.4090909090909091,
        "final_val_loss": 0.6101564764976501,
        "final_val_acc": 0.8098802395209581,
        "final_val_f1": 0.44941630768981156,
        "best_val_f1": 0.4506505819517311,
        "best_epoch": 2,
        "total_epochs": 46,
        "training_time_seconds": 1.5902979373931885
    },
    "final_test_metrics": {
        "accuracy": 0.7919161676646707,
        "precision": 0.07936507936507936,
        "recall": 0.009940357852882704,
        "f1_score": 0.0176678445229682,
        "confusion_matrix": [
            [
                2111,
                58
            ],
            [
                498,
                5
            ]
        ]
    }
}