{
    "args": {
        "graph_path": "graphs/gossipcop/11_shot_roberta_knn_6_smpf10.pt",
        "model": "GAT",
        "dropout_rate": 0.5,
        "hidden_channels": 128,
        "gat_heads": 8,
        "lr": 0.0001,
        "weight_decay": 0.0001,
        "n_epochs": 300,
        "patience": 30,
        "seed": 42,
        "output_dir": "results"
    },
    "model_name": "GAT_gossipcop_11_shot_roberta_knn_6_smpf10",
    "training_history": {
        "final_train_loss": 0.45065295696258545,
        "final_train_acc": 0.9090909090909091,
        "final_val_loss": 0.6235396862030029,
        "final_val_acc": 0.6699101796407185,
        "final_val_f1": 0.5186057627492555,
        "best_val_f1": 0.5236155969724893,
        "best_epoch": 255,
        "total_epochs": 285,
        "training_time_seconds": 6.366094350814819
    },
    "final_test_metrics": {
        "accuracy": 0.6800149700598802,
        "precision": 0.5235733902960025,
        "recall": 0.5280392334787953,
        "f1_score": 0.5236155969724893,
        "confusion_matrix": [
            [
                1674,
                495
            ],
            [
                360,
                143
            ]
        ]
    }
}