{
    "args": {
        "graph_path": "graphs/politifact/5_shot_bert_knn_6_smpf10.pt",
        "model": "GAT",
        "dropout_rate": 0.5,
        "hidden_channels": 128,
        "gat_heads": 8,
        "lr": 0.0001,
        "weight_decay": 0.0001,
        "n_epochs": 300,
        "patience": 30,
        "seed": 42,
        "output_dir": "results"
    },
    "model_name": "GAT_politifact_5_shot_bert_knn_6_smpf10",
    "training_history": {
        "final_train_loss": 0.1371636986732483,
        "final_train_acc": 1.0,
        "final_val_loss": 0.6669053435325623,
        "final_val_acc": 0.7156862745098039,
        "final_val_f1": 0.6608964805686117,
        "best_val_f1": 0.6956677407805227,
        "best_epoch": 40,
        "total_epochs": 70,
        "training_time_seconds": 3.3424768447875977
    },
    "final_test_metrics": {
        "accuracy": 0.7549019607843137,
        "precision": 0.6978764478764479,
        "recall": 0.6936702881435994,
        "f1_score": 0.6956677407805227,
        "confusion_matrix": [
            [
                61,
                12
            ],
            [
                13,
                16
            ]
        ]
    }
}