{
    "args": {
        "graph_path": "graphs/politifact/11_shot_bert_knn_5_smpf10.pt",
        "model": "GAT",
        "dropout_rate": 0.5,
        "hidden_channels": 128,
        "gat_heads": 8,
        "lr": 0.0001,
        "weight_decay": 0.0001,
        "n_epochs": 300,
        "patience": 30,
        "seed": 42,
        "output_dir": "results"
    },
    "model_name": "GAT_politifact_11_shot_bert_knn_5_smpf10",
    "training_history": {
        "final_train_loss": 0.2532106339931488,
        "final_train_acc": 0.9545454545454546,
        "final_val_loss": 0.5918421149253845,
        "final_val_acc": 0.7352941176470589,
        "final_val_f1": 0.7153488372093023,
        "best_val_f1": 0.7209595959595959,
        "best_epoch": 14,
        "total_epochs": 50,
        "training_time_seconds": 2.6077768802642822
    },
    "final_test_metrics": {
        "accuracy": 0.7450980392156863,
        "precision": 0.7165944028379976,
        "recall": 0.759565422768068,
        "f1_score": 0.7209595959595959,
        "confusion_matrix": [
            [
                53,
                20
            ],
            [
                6,
                23
            ]
        ]
    }
}