{
    "args": {
        "graph_path": "graphs/gossipcop/16_shot_roberta_knn_7_smpf10.pt",
        "model": "GAT",
        "dropout_rate": 0.5,
        "hidden_channels": 128,
        "gat_heads": 8,
        "lr": 0.0001,
        "weight_decay": 0.0001,
        "n_epochs": 300,
        "patience": 30,
        "seed": 42,
        "output_dir": "results"
    },
    "model_name": "GAT_gossipcop_16_shot_roberta_knn_7_smpf10",
    "training_history": {
        "final_train_loss": 0.5955183506011963,
        "final_train_acc": 0.71875,
        "final_val_loss": 0.6319342255592346,
        "final_val_acc": 0.7144461077844312,
        "final_val_f1": 0.4907161697696035,
        "best_val_f1": 0.5013343938744466,
        "best_epoch": 57,
        "total_epochs": 91,
        "training_time_seconds": 2.4258100986480713
    },
    "final_test_metrics": {
        "accuracy": 0.7743263473053892,
        "precision": 0.5276545698924731,
        "recall": 0.5120695834215546,
        "f1_score": 0.5013343938744466,
        "confusion_matrix": [
            [
                2023,
                146
            ],
            [
                457,
                46
            ]
        ]
    }
}