{
    "args": {
        "graph_path": "graphs/gossipcop/12_shot_roberta_mutual_knn_4_smpf10.pt",
        "model": "GAT",
        "dropout_rate": 0.5,
        "hidden_channels": 128,
        "gat_heads": 8,
        "lr": 0.0001,
        "weight_decay": 0.0001,
        "n_epochs": 300,
        "patience": 30,
        "seed": 42,
        "output_dir": "results"
    },
    "model_name": "GAT_gossipcop_12_shot_roberta_mutual_knn_4_smpf10",
    "training_history": {
        "final_train_loss": 0.6834316849708557,
        "final_train_acc": 0.5416666666666666,
        "final_val_loss": 0.6639432907104492,
        "final_val_acc": 0.6089071856287425,
        "final_val_f1": 0.4954659988309261,
        "best_val_f1": 0.5081681887739821,
        "best_epoch": 174,
        "total_epochs": 204,
        "training_time_seconds": 11.907586336135864
    },
    "final_test_metrics": {
        "accuracy": 0.7470059880239521,
        "precision": 0.51694293132063,
        "recall": 0.5112753630361675,
        "f1_score": 0.5081681887739821,
        "confusion_matrix": [
            [
                1929,
                240
            ],
            [
                436,
                67
            ]
        ]
    }
}