{
  "accuracy": 0.6274509803921569,
  "f1": 0.6186201888162672,
  "precision": 0.6114795008912657,
  "recall": 0.6274509803921569
}