{
    "args": {
        "graph_path": "graphs/gossipcop/15_shot_distilbert_knn_5_smpf10.pt",
        "model": "GAT",
        "dropout_rate": 0.5,
        "hidden_channels": 128,
        "gat_heads": 8,
        "lr": 0.0001,
        "weight_decay": 0.0001,
        "n_epochs": 300,
        "patience": 30,
        "seed": 42,
        "output_dir": "results"
    },
    "model_name": "GAT_gossipcop_15_shot_distilbert_knn_5_smpf10",
    "training_history": {
        "final_train_loss": 0.44686028361320496,
        "final_train_acc": 0.8333333333333334,
        "final_val_loss": 0.6407346725463867,
        "final_val_acc": 0.6377245508982036,
        "final_val_f1": 0.5324280156767467,
        "best_val_f1": 0.5401383748111922,
        "best_epoch": 18,
        "total_epochs": 52,
        "training_time_seconds": 3.2035012245178223
    },
    "final_test_metrics": {
        "accuracy": 0.6852544910179641,
        "precision": 0.5391716566866267,
        "recall": 0.5480638529358657,
        "f1_score": 0.5401383748111922,
        "confusion_matrix": [
            [
                1666,
                503
            ],
            [
                338,
                165
            ]
        ]
    }
}