{
    "args": {
        "graph_path": "graphs/gossipcop/7_shot_combined_knn_7_smpf10.pt",
        "model": "GAT",
        "dropout_rate": 0.5,
        "hidden_channels": 128,
        "gat_heads": 8,
        "lr": 0.0001,
        "weight_decay": 0.0001,
        "n_epochs": 300,
        "patience": 30,
        "seed": 42,
        "output_dir": "results"
    },
    "model_name": "GAT_gossipcop_7_shot_combined_knn_7_smpf10",
    "training_history": {
        "final_train_loss": 0.5540329217910767,
        "final_train_acc": 0.7857142857142857,
        "final_val_loss": 0.6411079168319702,
        "final_val_acc": 0.6934880239520959,
        "final_val_f1": 0.5856787865534858,
        "best_val_f1": 0.6063487143887625,
        "best_epoch": 108,
        "total_epochs": 197,
        "training_time_seconds": 3.133847951889038
    },
    "final_test_metrics": {
        "accuracy": 0.7907934131736527,
        "precision": 0.4176470588235294,
        "recall": 0.2823061630218688,
        "f1_score": 0.3368920521945433,
        "confusion_matrix": [
            [
                1971,
                198
            ],
            [
                361,
                142
            ]
        ]
    }
}