{
    "args": {
        "graph_path": "graphs_hetero/gossipcop/3_shot_roberta_hetero_knn_5_smpf10.pt",
        "model": "HGT",
        "target_node_type": "news",
        "dropout_rate": 0.0,
        "hidden_channels": 128,
        "hgt_han_heads": 4,
        "hgt_layers": 1,
        "lr": 0.0001,
        "weight_decay": 0.0001,
        "n_epochs": 300,
        "patience": 30,
        "seed": 42,
        "output_dir_base": "results_hetero"
    },
    "model_name": "HGT_gossipcop_3_shot_roberta_hetero_knn_5_smpf10",
    "training_history": {
        "final_train_loss": 0.6607748866081238,
        "final_train_acc": 0.8333333333333334,
        "final_val_loss": 0.6906546950340271,
        "final_val_acc": 0.4902694610778443,
        "final_val_f1": 0.45497023895103084,
        "best_val_f1": 0.5434146578411635,
        "best_epoch": 19,
        "total_epochs_run": 49,
        "training_time_seconds": 2.73514986038208
    },
    "final_test_metrics_on_target_node": {
        "accuracy": 0.7050898203592815,
        "precision": 0.5418976157881317,
        "recall": 0.5465381981967119,
        "f1_score": 0.5434146578411635,
        "confusion_matrix": [
            [
                1737,
                432
            ],
            [
                356,
                147
            ]
        ]
    }
}