{
    "model": "MLP_politifact_9_shot_roberta",
    "dataset": "politifact",
    "embedding": "roberta",
    "k_shot": 9,
    "training_time": 0.5138349533081055,
    "best_epoch": 0,
    "final_train_accuracy": 0.75,
    "final_train_loss": 0.6162955164909363,
    "final_val_accuracy": 0.0,
    "final_val_loss": 0.8123639822006226,
    "final_val_f1": 0.0,
    "test_metrics": {
        "accuracy": 0.28431372549019607,
        "precision": 0.14215686274509803,
        "recall": 0.5,
        "f1_score": 0.22137404580152673,
        "confusion_matrix": [
            [
                0,
                73
            ],
            [
                0,
                29
            ]
        ]
    }
}