{
    "args": {
        "graph_path": "graphs/politifact/12_shot_combined_knn_4_smpf10.pt",
        "model": "GAT",
        "dropout_rate": 0.5,
        "hidden_channels": 128,
        "gat_heads": 8,
        "lr": 0.0001,
        "weight_decay": 0.0001,
        "n_epochs": 300,
        "patience": 30,
        "seed": 42,
        "output_dir": "results"
    },
    "model_name": "GAT_politifact_12_shot_combined_knn_4_smpf10",
    "training_history": {
        "final_train_loss": 0.6131628155708313,
        "final_train_acc": 0.7916666666666666,
        "final_val_loss": 0.6568990349769592,
        "final_val_acc": 0.7156862745098039,
        "final_val_f1": 0.6906828401129352,
        "best_val_f1": 0.7291404612159329,
        "best_epoch": 48,
        "total_epochs": 86,
        "training_time_seconds": 2.251992702484131
    },
    "final_test_metrics": {
        "accuracy": 0.8137254901960784,
        "precision": 0.8125,
        "recall": 0.4482758620689655,
        "f1_score": 0.5777777777777777,
        "confusion_matrix": [
            [
                70,
                3
            ],
            [
                16,
                13
            ]
        ]
    }
}