{
    "args": {
        "graph_path": "graphs/gossipcop/12_shot_combined_mutual_knn_4_smpf10.pt",
        "model": "GAT",
        "dropout_rate": 0.5,
        "hidden_channels": 128,
        "gat_heads": 8,
        "lr": 0.0001,
        "weight_decay": 0.0001,
        "n_epochs": 300,
        "patience": 30,
        "seed": 42,
        "output_dir": "results"
    },
    "model_name": "GAT_gossipcop_12_shot_combined_mutual_knn_4_smpf10",
    "training_history": {
        "final_train_loss": 0.5495283603668213,
        "final_train_acc": 0.6666666666666666,
        "final_val_loss": 0.655186653137207,
        "final_val_acc": 0.6459580838323353,
        "final_val_f1": 0.556882255389718,
        "best_val_f1": 0.594994920569653,
        "best_epoch": 170,
        "total_epochs": 216,
        "training_time_seconds": 3.4991374015808105
    },
    "final_test_metrics": {
        "accuracy": 0.751122754491018,
        "precision": 0.3411764705882353,
        "recall": 0.34592445328031807,
        "f1_score": 0.3435340572556762,
        "confusion_matrix": [
            [
                1833,
                336
            ],
            [
                329,
                174
            ]
        ]
    }
}