{
    "model": "LSTM_gossipcop_12_shot_bert",
    "dataset": "gossipcop",
    "embedding": "bert",
    "k_shot": 12,
    "training_time": 0.38579845428466797,
    "best_epoch": 0,
    "final_train_accuracy": 0.9523809523809523,
    "final_train_loss": 0.6480470895767212,
    "final_val_accuracy": 0.3333333333333333,
    "final_val_loss": 0.7061130404472351,
    "final_val_f1": 0.25,
    "test_metrics": {
        "accuracy": 0.811751497005988,
        "precision": 0.405875748502994,
        "recall": 0.5,
        "f1_score": 0.4480479239826482,
        "confusion_matrix": [
            [
                2169,
                0
            ],
            [
                503,
                0
            ]
        ]
    }
}