{
    "args": {
        "graph_path": "graphs_hetero/politifact/8_shot_bert_hetero_knn_5_smpf10.pt",
        "model": "HAN",
        "target_node_type": "news",
        "dropout_rate": 0.0,
        "hidden_channels": 128,
        "hgt_han_heads": 4,
        "hgt_layers": 1,
        "lr": 0.0001,
        "weight_decay": 0.0001,
        "n_epochs": 300,
        "patience": 30,
        "seed": 42,
        "output_dir_base": "results_hetero"
    },
    "model_name": "HAN_politifact_8_shot_bert_hetero_knn_5_smpf10",
    "training_history": {
        "final_train_loss": 0.13790149986743927,
        "final_train_acc": 1.0,
        "final_val_loss": 0.6548037528991699,
        "final_val_acc": 0.6862745098039216,
        "final_val_f1": 0.667887667887668,
        "best_val_f1": 0.707563025210084,
        "best_epoch": 37,
        "total_epochs_run": 95,
        "training_time_seconds": 3.0746335983276367
    },
    "final_test_metrics_on_target_node": {
        "accuracy": 0.7156862745098039,
        "precision": 0.7391304347826086,
        "recall": 0.7909777987718469,
        "f1_score": 0.707563025210084,
        "confusion_matrix": [
            [
                45,
                28
            ],
            [
                1,
                28
            ]
        ]
    }
}