{
    "args": {
        "graph_path": "graphs/gossipcop/13_shot_roberta_knn_8_smpf10.pt",
        "model": "GAT",
        "dropout_rate": 0.5,
        "hidden_channels": 128,
        "gat_heads": 8,
        "lr": 0.0001,
        "weight_decay": 0.0001,
        "n_epochs": 300,
        "patience": 30,
        "seed": 42,
        "output_dir": "results"
    },
    "model_name": "GAT_gossipcop_13_shot_roberta_knn_8_smpf10",
    "training_history": {
        "final_train_loss": 0.6372972130775452,
        "final_train_acc": 0.6923076923076923,
        "final_val_loss": 0.6521604657173157,
        "final_val_acc": 0.6418413173652695,
        "final_val_f1": 0.4688147530961523,
        "best_val_f1": 0.49786046542568674,
        "best_epoch": 66,
        "total_epochs": 98,
        "training_time_seconds": 2.4798426628112793
    },
    "final_test_metrics": {
        "accuracy": 0.7885479041916168,
        "precision": 0.544152440155873,
        "recall": 0.5139577472921806,
        "f1_score": 0.49786046542568674,
        "confusion_matrix": [
            [
                2070,
                99
            ],
            [
                466,
                37
            ]
        ]
    }
}