{
    "args": {
        "graph_path": "graphs/gossipcop/13_shot_roberta_knn_8_smpf10.pt",
        "model": "GAT",
        "dropout_rate": 0.5,
        "hidden_channels": 128,
        "gat_heads": 8,
        "lr": 0.0001,
        "weight_decay": 0.0001,
        "n_epochs": 300,
        "patience": 30,
        "seed": 42,
        "output_dir": "results"
    },
    "model_name": "GAT_gossipcop_13_shot_roberta_knn_8_smpf10",
    "training_history": {
        "final_train_loss": 0.66541588306427,
        "final_train_acc": 0.5769230769230769,
        "final_val_loss": 0.5922986268997192,
        "final_val_acc": 0.8091317365269461,
        "final_val_f1": 0.449179946192053,
        "best_val_f1": 0.4535951487709593,
        "best_epoch": 1,
        "total_epochs": 47,
        "training_time_seconds": 2.0542099475860596
    },
    "final_test_metrics": {
        "accuracy": 0.7630988023952096,
        "precision": 0.08860759493670886,
        "recall": 0.027833001988071572,
        "f1_score": 0.04236006051437216,
        "confusion_matrix": [
            [
                2025,
                144
            ],
            [
                489,
                14
            ]
        ]
    }
}