{
    "args": {
        "graph_path": "graphs/gossipcop/13_shot_combined_mutual_knn_7_smpf10.pt",
        "model": "GAT",
        "dropout_rate": 0.5,
        "hidden_channels": 128,
        "gat_heads": 8,
        "lr": 0.0001,
        "weight_decay": 0.0001,
        "n_epochs": 300,
        "patience": 30,
        "seed": 42,
        "output_dir": "results"
    },
    "model_name": "GAT_gossipcop_13_shot_combined_mutual_knn_7_smpf10",
    "training_history": {
        "final_train_loss": 0.6298034191131592,
        "final_train_acc": 0.7307692307692307,
        "final_val_loss": 0.678303062915802,
        "final_val_acc": 0.6235029940119761,
        "final_val_f1": 0.5095404916214165,
        "best_val_f1": 0.5258702013736355,
        "best_epoch": 11,
        "total_epochs": 62,
        "training_time_seconds": 1.5822126865386963
    },
    "final_test_metrics": {
        "accuracy": 0.6687874251497006,
        "precision": 0.22792022792022792,
        "recall": 0.31809145129224653,
        "f1_score": 0.26556016597510373,
        "confusion_matrix": [
            [
                1627,
                542
            ],
            [
                343,
                160
            ]
        ]
    }
}