{
    "args": {
        "graph_path": "graphs_hetero/gossipcop/10_shot_roberta_hetero_dual_knn_sim5_dis5_smpf10.pt",
        "model": "HGT",
        "target_node_type": "news",
        "dropout_rate": 0.0,
        "hidden_channels": 128,
        "hgt_han_heads": 4,
        "hgt_layers": 1,
        "lr": 0.0001,
        "weight_decay": 0.0001,
        "n_epochs": 300,
        "patience": 30,
        "seed": 42,
        "output_dir_base": "results_hetero"
    },
    "model_name": "HGT_gossipcop_10_shot_roberta_hetero_dual_knn_sim5_dis5_smpf10",
    "training_history": {
        "final_train_loss": 0.011210056021809578,
        "final_train_acc": 1.0,
        "final_val_loss": 0.6181479096412659,
        "final_val_acc": 0.7335329341317365,
        "final_val_f1": 0.6045519889384706,
        "best_val_f1": 0.61255485056926,
        "best_epoch": 122,
        "total_epochs_run": 164,
        "training_time_seconds": 8.787554502487183
    },
    "final_test_metrics_on_target_node": {
        "accuracy": 0.7657185628742516,
        "precision": 0.6138229318015114,
        "recall": 0.6113691296206165,
        "f1_score": 0.61255485056926,
        "confusion_matrix": [
            [
                1863,
                306
            ],
            [
                320,
                183
            ]
        ]
    }
}