{
    "args": {
        "graph_path": "graphs/politifact/10_shot_combined_knn_5_smpf10.pt",
        "model": "GAT",
        "dropout_rate": 0.5,
        "hidden_channels": 128,
        "gat_heads": 8,
        "lr": 0.0001,
        "weight_decay": 0.0001,
        "n_epochs": 300,
        "patience": 30,
        "seed": 42,
        "output_dir": "results"
    },
    "model_name": "GAT_politifact_10_shot_combined_knn_5_smpf10",
    "training_history": {
        "final_train_loss": 0.4984373450279236,
        "final_train_acc": 0.9,
        "final_val_loss": 0.5282025933265686,
        "final_val_acc": 0.8333333333333334,
        "final_val_f1": 0.7930540637307555,
        "best_val_f1": 0.7930540637307555,
        "best_epoch": 292,
        "total_epochs": 300,
        "training_time_seconds": 4.543159484863281
    },
    "final_test_metrics": {
        "accuracy": 0.8333333333333334,
        "precision": 0.7142857142857143,
        "recall": 0.6896551724137931,
        "f1_score": 0.7017543859649122,
        "confusion_matrix": [
            [
                65,
                8
            ],
            [
                9,
                20
            ]
        ]
    }
}