{
    "args": {
        "graph_path": "graphs/politifact/9_shot_combined_knn_7_smpf10.pt",
        "model": "GAT",
        "dropout_rate": 0.5,
        "hidden_channels": 128,
        "gat_heads": 8,
        "lr": 0.0001,
        "weight_decay": 0.0001,
        "n_epochs": 300,
        "patience": 30,
        "seed": 42,
        "output_dir": "results"
    },
    "model_name": "GAT_politifact_9_shot_combined_knn_7_smpf10",
    "training_history": {
        "final_train_loss": 0.5453510880470276,
        "final_train_acc": 0.8888888888888888,
        "final_val_loss": 0.6272940039634705,
        "final_val_acc": 0.7745098039215687,
        "final_val_f1": 0.7403431101272828,
        "best_val_f1": 0.7548076923076923,
        "best_epoch": 88,
        "total_epochs": 128,
        "training_time_seconds": 2.5030887126922607
    },
    "final_test_metrics": {
        "accuracy": 0.8235294117647058,
        "precision": 0.7894736842105263,
        "recall": 0.5172413793103449,
        "f1_score": 0.625,
        "confusion_matrix": [
            [
                69,
                4
            ],
            [
                14,
                15
            ]
        ]
    }
}