{
    "args": {
        "graph_path": "graphs/gossipcop/8_shot_roberta_knn_6_smpf10.pt",
        "model": "GAT",
        "dropout_rate": 0.5,
        "hidden_channels": 128,
        "gat_heads": 8,
        "lr": 0.0001,
        "weight_decay": 0.0001,
        "n_epochs": 300,
        "patience": 30,
        "seed": 42,
        "output_dir": "results"
    },
    "model_name": "GAT_gossipcop_8_shot_roberta_knn_6_smpf10",
    "training_history": {
        "final_train_loss": 1.0582059621810913,
        "final_train_acc": 0.5,
        "final_val_loss": 0.5789607763290405,
        "final_val_acc": 0.811751497005988,
        "final_val_f1": 0.4480479239826482,
        "best_val_f1": 0.4511803605156347,
        "best_epoch": 3,
        "total_epochs": 47,
        "training_time_seconds": 1.5833933353424072
    },
    "final_test_metrics": {
        "accuracy": 0.7934131736526946,
        "precision": 0.0847457627118644,
        "recall": 0.009940357852882704,
        "f1_score": 0.017793594306049824,
        "confusion_matrix": [
            [
                2115,
                54
            ],
            [
                498,
                5
            ]
        ]
    }
}