{
    "args": {
        "graph_path": "graphs/politifact/10_shot_roberta_knn_8_smpf10.pt",
        "model": "GAT",
        "dropout_rate": 0.5,
        "hidden_channels": 128,
        "gat_heads": 8,
        "lr": 0.0001,
        "weight_decay": 0.0001,
        "n_epochs": 300,
        "patience": 30,
        "seed": 42,
        "output_dir": "results"
    },
    "model_name": "GAT_politifact_10_shot_roberta_knn_8_smpf10",
    "training_history": {
        "final_train_loss": 0.5596283674240112,
        "final_train_acc": 0.85,
        "final_val_loss": 0.6053021550178528,
        "final_val_acc": 0.7450980392156863,
        "final_val_f1": 0.7088274044795784,
        "best_val_f1": 0.7590930562116203,
        "best_epoch": 30,
        "total_epochs": 83,
        "training_time_seconds": 2.3108723163604736
    },
    "final_test_metrics": {
        "accuracy": 0.803921568627451,
        "precision": 0.7590930562116203,
        "recall": 0.7590930562116203,
        "f1_score": 0.7590930562116203,
        "confusion_matrix": [
            [
                63,
                10
            ],
            [
                10,
                19
            ]
        ]
    }
}