{
    "args": {
        "graph_path": "graphs_hetero/gossipcop/6_shot_roberta_hetero_dual_knn_sim5_dis5_psl10.pt",
        "model": "HAN",
        "target_node_type": "news",
        "dropout_rate": 0.0,
        "hidden_channels": 128,
        "hgt_han_heads": 4,
        "hgt_layers": 1,
        "lr": 0.0001,
        "weight_decay": 0.0001,
        "n_epochs": 300,
        "patience": 30,
        "seed": 42,
        "output_dir_base": "results_hetero"
    },
    "model_name": "HAN_gossipcop_6_shot_roberta_hetero_dual_knn_sim5_dis5_psl10",
    "training_history": {
        "final_train_loss": 0.20395326614379883,
        "final_train_acc": 1.0,
        "final_val_loss": 0.5701771974563599,
        "final_val_acc": 0.7376497005988024,
        "final_val_f1": 0.5848635499163,
        "best_val_f1": 0.5877600393044913,
        "best_epoch": 250,
        "total_epochs_run": 300,
        "training_time_seconds": 10.522101402282715
    },
    "final_test_metrics_on_target_node": {
        "accuracy": 0.7443862275449101,
        "precision": 0.5865838011226945,
        "recall": 0.5890672562137549,
        "f1_score": 0.5877600393044913,
        "confusion_matrix": [
            [
                1818,
                351
            ],
            [
                332,
                171
            ]
        ]
    }
}