{
    "args": {
        "graph_path": "graphs/gossipcop/14_shot_roberta_knn_3_smpf10.pt",
        "model": "GAT",
        "dropout_rate": 0.5,
        "hidden_channels": 128,
        "gat_heads": 8,
        "lr": 0.0001,
        "weight_decay": 0.0001,
        "n_epochs": 300,
        "patience": 30,
        "seed": 42,
        "output_dir": "results"
    },
    "model_name": "GAT_gossipcop_14_shot_roberta_knn_3_smpf10",
    "training_history": {
        "final_train_loss": 0.8139051795005798,
        "final_train_acc": 0.5,
        "final_val_loss": 0.6454801559448242,
        "final_val_acc": 0.656062874251497,
        "final_val_f1": 0.4892591394707203,
        "best_val_f1": 0.4929510429830464,
        "best_epoch": 165,
        "total_epochs": 195,
        "training_time_seconds": 3.395505428314209
    },
    "final_test_metrics": {
        "accuracy": 0.7230538922155688,
        "precision": 0.17886178861788618,
        "recall": 0.1312127236580517,
        "f1_score": 0.15137614678899083,
        "confusion_matrix": [
            [
                1866,
                303
            ],
            [
                437,
                66
            ]
        ]
    }
}