{
  "accuracy": 0.780688622754491,
  "precision": 0.639867670735838,
  "recall": 0.6381508092981989,
  "f1_score": 0.6389945099587118
}