{
    "args": {
        "graph_path": "graphs/gossipcop/6_shot_combined_knn_7_smpf10.pt",
        "model": "GAT",
        "dropout_rate": 0.5,
        "hidden_channels": 128,
        "gat_heads": 8,
        "lr": 0.0001,
        "weight_decay": 0.0001,
        "n_epochs": 300,
        "patience": 30,
        "seed": 42,
        "output_dir": "results"
    },
    "model_name": "GAT_gossipcop_6_shot_combined_knn_7_smpf10",
    "training_history": {
        "final_train_loss": 0.4588063657283783,
        "final_train_acc": 1.0,
        "final_val_loss": 0.5945930480957031,
        "final_val_acc": 0.7889221556886228,
        "final_val_f1": 0.6047304102598536,
        "best_val_f1": 0.6127336180373789,
        "best_epoch": 134,
        "total_epochs": 184,
        "training_time_seconds": 7.372253179550171
    },
    "final_test_metrics": {
        "accuracy": 0.7732035928143712,
        "precision": 0.6184263124832812,
        "recall": 0.6083444010900022,
        "f1_score": 0.6127336180373789,
        "confusion_matrix": [
            [
                1893,
                276
            ],
            [
                330,
                173
            ]
        ]
    }
}