{
    "args": {
        "graph_path": "graphs/gossipcop/6_shot_combined_knn_7_smpf10.pt",
        "model": "GAT",
        "dropout_rate": 0.5,
        "hidden_channels": 128,
        "gat_heads": 8,
        "lr": 0.0001,
        "weight_decay": 0.0001,
        "n_epochs": 300,
        "patience": 30,
        "seed": 42,
        "output_dir": "results"
    },
    "model_name": "GAT_gossipcop_6_shot_combined_knn_7_smpf10",
    "training_history": {
        "final_train_loss": 0.49968695640563965,
        "final_train_acc": 0.8333333333333334,
        "final_val_loss": 0.5927253365516663,
        "final_val_acc": 0.7623502994011976,
        "final_val_f1": 0.5700386319549239,
        "best_val_f1": 0.5847022880964823,
        "best_epoch": 218,
        "total_epochs": 300,
        "training_time_seconds": 4.322355270385742
    },
    "final_test_metrics": {
        "accuracy": 0.7559880239520959,
        "precision": 0.3355408388520971,
        "recall": 0.30218687872763417,
        "f1_score": 0.3179916317991632,
        "confusion_matrix": [
            [
                1868,
                301
            ],
            [
                351,
                152
            ]
        ]
    }
}