{
    "args": {
        "graph_path": "graphs/politifact/8_shot_bert_dynamic_threshold_0.1.pt",
        "model": "GAT",
        "dropout_rate": 0.5,
        "hidden_channels": 128,
        "gat_heads": 8,
        "lr": 0.0001,
        "weight_decay": 0.0001,
        "n_epochs": 300,
        "patience": 30,
        "seed": 42,
        "output_dir": "results"
    },
    "model_name": "GAT_politifact_8_shot_bert_dynamic_threshold_0.1",
    "training_history": {
        "final_train_loss": 0.15886802971363068,
        "final_train_acc": 1.0,
        "final_val_loss": 0.6298964023590088,
        "final_val_acc": 0.7156862745098039,
        "final_val_f1": 0.6906828401129352,
        "best_val_f1": 0.7083553955310812,
        "best_epoch": 66,
        "total_epochs": 117,
        "training_time_seconds": 2.3672122955322266
    },
    "final_test_metrics": {
        "accuracy": 0.7352941176470589,
        "precision": 0.5238095238095238,
        "recall": 0.7586206896551724,
        "f1_score": 0.6197183098591549,
        "confusion_matrix": [
            [
                53,
                20
            ],
            [
                7,
                22
            ]
        ]
    }
}