{
    "args": {
        "graph_path": "graphs_hetero/politifact/7_shot_roberta_hetero_knn_5_smpf10.pt",
        "model": "HGT",
        "target_node_type": "news",
        "dropout_rate": 0.0,
        "hidden_channels": 128,
        "hgt_han_heads": 4,
        "hgt_layers": 1,
        "lr": 0.0001,
        "weight_decay": 0.0001,
        "n_epochs": 300,
        "patience": 30,
        "seed": 42,
        "output_dir_base": "results_hetero"
    },
    "model_name": "HGT_politifact_7_shot_roberta_hetero_knn_5_smpf10",
    "training_history": {
        "final_train_loss": 0.004094705451279879,
        "final_train_acc": 1.0,
        "final_val_loss": 0.3528877794742584,
        "final_val_acc": 0.8137254901960784,
        "final_val_f1": 0.7818304626815265,
        "best_val_f1": 0.7984189723320159,
        "best_epoch": 140,
        "total_epochs_run": 226,
        "training_time_seconds": 6.395252704620361
    },
    "final_test_metrics_on_target_node": {
        "accuracy": 0.8235294117647058,
        "precision": 0.7858627858627859,
        "recall": 0.8247520075578649,
        "f1_score": 0.7984189723320159,
        "confusion_matrix": [
            [
                60,
                13
            ],
            [
                5,
                24
            ]
        ]
    }
}