{
    "args": {
        "graph_path": "graphs_hetero/politifact/7_shot_roberta_hetero_knn_5_smpf10.pt",
        "model": "HGT",
        "target_node_type": "news",
        "dropout_rate": 0.0,
        "hidden_channels": 128,
        "hgt_han_heads": 4,
        "hgt_layers": 1,
        "lr": 0.0001,
        "weight_decay": 0.0001,
        "n_epochs": 300,
        "patience": 30,
        "seed": 42,
        "output_dir_base": "results_hetero"
    },
    "model_name": "HGT_politifact_7_shot_roberta_hetero_knn_5_smpf10",
    "training_history": {
        "final_train_loss": 0.004247100558131933,
        "final_train_acc": 1.0,
        "final_val_loss": 0.49690601229667664,
        "final_val_acc": 0.7549019607843137,
        "final_val_f1": 0.733347275959427,
        "best_val_f1": 0.7516339869281046,
        "best_epoch": 44,
        "total_epochs_run": 168,
        "training_time_seconds": 8.126978635787964
    },
    "final_test_metrics_on_target_node": {
        "accuracy": 0.8137254901960784,
        "precision": 0.7823863636363637,
        "recall": 0.7347661785545583,
        "f1_score": 0.7516339869281046,
        "confusion_matrix": [
            [
                67,
                6
            ],
            [
                13,
                16
            ]
        ]
    }
}