{
    "args": {
        "graph_path": "graphs/politifact/11_shot_roberta_knn_5.pt",
        "model": "GAT",
        "dropout_rate": 0.5,
        "hidden_channels": 128,
        "gat_heads": 8,
        "lr": 0.0001,
        "weight_decay": 0.0001,
        "n_epochs": 300,
        "patience": 30,
        "seed": 42,
        "output_dir": "results"
    },
    "model_name": "GAT_politifact_11_shot_roberta_knn_5",
    "training_history": {
        "final_train_loss": 0.4387948215007782,
        "final_train_acc": 0.9090909090909091,
        "final_val_loss": 0.5528571009635925,
        "final_val_acc": 0.7843137254901961,
        "final_val_f1": 0.7350023618327822,
        "best_val_f1": 0.738621110433191,
        "best_epoch": 208,
        "total_epochs": 257,
        "training_time_seconds": 4.172600507736206
    },
    "final_test_metrics": {
        "accuracy": 0.7941176470588235,
        "precision": 0.6538461538461539,
        "recall": 0.5862068965517241,
        "f1_score": 0.6181818181818182,
        "confusion_matrix": [
            [
                64,
                9
            ],
            [
                12,
                17
            ]
        ]
    }
}