{
    "args": {
        "graph_path": "graphs/gossipcop/13_shot_distilbert_knn_7_smpf10.pt",
        "model": "GAT",
        "dropout_rate": 0.5,
        "hidden_channels": 128,
        "gat_heads": 8,
        "lr": 0.0001,
        "weight_decay": 0.0001,
        "n_epochs": 300,
        "patience": 30,
        "seed": 42,
        "output_dir": "results"
    },
    "model_name": "GAT_gossipcop_13_shot_distilbert_knn_7_smpf10",
    "training_history": {
        "final_train_loss": 0.44808387756347656,
        "final_train_acc": 0.8846153846153846,
        "final_val_loss": 0.6849456429481506,
        "final_val_acc": 0.6133982035928144,
        "final_val_f1": 0.529738962135326,
        "best_val_f1": 0.5472475202958658,
        "best_epoch": 44,
        "total_epochs": 74,
        "training_time_seconds": 2.8757617473602295
    },
    "final_test_metrics": {
        "accuracy": 0.7069610778443114,
        "precision": 0.5455145595948635,
        "recall": 0.5507448623152739,
        "f1_score": 0.5472475202958658,
        "confusion_matrix": [
            [
                1738,
                431
            ],
            [
                352,
                151
            ]
        ]
    }
}