{
    "args": {
        "graph_path": "graphs/politifact/13_shot_combined_mutual_knn_4.pt",
        "model": "GAT",
        "dropout_rate": 0.5,
        "hidden_channels": 128,
        "gat_heads": 8,
        "lr": 0.0001,
        "weight_decay": 0.0001,
        "n_epochs": 300,
        "patience": 30,
        "seed": 42,
        "output_dir": "results"
    },
    "model_name": "GAT_politifact_13_shot_combined_mutual_knn_4",
    "training_history": {
        "final_train_loss": 0.6363211870193481,
        "final_train_acc": 0.7307692307692307,
        "final_val_loss": 0.6919792294502258,
        "final_val_acc": 0.45098039215686275,
        "final_val_f1": 0.45013477088948783,
        "best_val_f1": 0.5284268399350244,
        "best_epoch": 3,
        "total_epochs": 33,
        "training_time_seconds": 1.2637319564819336
    },
    "final_test_metrics": {
        "accuracy": 0.6372549019607843,
        "precision": 0.3333333333333333,
        "recall": 0.27586206896551724,
        "f1_score": 0.3018867924528302,
        "confusion_matrix": [
            [
                57,
                16
            ],
            [
                21,
                8
            ]
        ]
    }
}