{
  "accuracy": 0.7859281437125748,
  "precision": 0.6506916192765088,
  "recall": 0.6520673102922346,
  "f1_score": 0.6513709904050745
}