{
    "args": {
        "graph_path": "graphs_hetero/politifact/7_shot_roberta_hetero_knn_5_psl10.pt",
        "model": "HGT",
        "target_node_type": "news",
        "dropout_rate": 0.0,
        "hidden_channels": 128,
        "hgt_han_heads": 4,
        "hgt_layers": 1,
        "lr": 0.0001,
        "weight_decay": 0.0001,
        "n_epochs": 300,
        "patience": 30,
        "seed": 42,
        "output_dir_base": "results_hetero"
    },
    "model_name": "HGT_politifact_7_shot_roberta_hetero_knn_5_psl10",
    "training_history": {
        "final_train_loss": 0.0024463708978146315,
        "final_train_acc": 1.0,
        "final_val_loss": 0.5360090732574463,
        "final_val_acc": 0.7254901960784313,
        "final_val_f1": 0.7064144736842105,
        "best_val_f1": 0.733347275959427,
        "best_epoch": 148,
        "total_epochs_run": 178,
        "training_time_seconds": 6.032258987426758
    },
    "final_test_metrics_on_target_node": {
        "accuracy": 0.7549019607843137,
        "precision": 0.7296238244514106,
        "recall": 0.7768068020784129,
        "f1_score": 0.733347275959427,
        "confusion_matrix": [
            [
                53,
                20
            ],
            [
                5,
                24
            ]
        ]
    }
}