{
  "accuracy": 0.7907934131736527,
  "precision": 0.6612180574400723,
  "recall": 0.6672803199246201,
  "f1_score": 0.6640998960353323
}