{
  "accuracy": 0.656062874251497,
  "precision": 0.5728828802444459,
  "recall": 0.6094887567174179,
  "f1_score": 0.5664113823615985
}