{
  "accuracy": 0.8333333333333334,
  "precision": 0.7954545454545454,
  "recall": 0.8316013226263581,
  "f1_score": 0.8080796900940785,
  "confusion_matrix": [
    [
      61,
      12
    ],
    [
      5,
      24
    ]
  ]
}