{
    "args": {
        "graph_path": "graphs/politifact/8_shot_distilbert_knn_8_smpf10.pt",
        "model": "GAT",
        "dropout_rate": 0.5,
        "hidden_channels": 128,
        "gat_heads": 8,
        "lr": 0.0001,
        "weight_decay": 0.0001,
        "n_epochs": 300,
        "patience": 30,
        "seed": 42,
        "output_dir": "results"
    },
    "model_name": "GAT_politifact_8_shot_distilbert_knn_8_smpf10",
    "training_history": {
        "final_train_loss": 0.3025745749473572,
        "final_train_acc": 1.0,
        "final_val_loss": 0.6486265659332275,
        "final_val_acc": 0.7156862745098039,
        "final_val_f1": 0.697515083341855,
        "best_val_f1": 0.7299586995658159,
        "best_epoch": 25,
        "total_epochs": 74,
        "training_time_seconds": 2.435297727584839
    },
    "final_test_metrics": {
        "accuracy": 0.7549019607843137,
        "precision": 0.7238095238095239,
        "recall": 0.7664147378365611,
        "f1_score": 0.7299586995658159,
        "confusion_matrix": [
            [
                54,
                19
            ],
            [
                6,
                23
            ]
        ]
    }
}