{
    "args": {
        "graph_path": "graphs/politifact/6_shot_combined_knn_3.pt",
        "model": "GAT",
        "dropout_rate": 0.5,
        "hidden_channels": 128,
        "gat_heads": 8,
        "lr": 0.0001,
        "weight_decay": 0.0001,
        "n_epochs": 300,
        "patience": 30,
        "seed": 42,
        "output_dir": "results"
    },
    "model_name": "GAT_politifact_6_shot_combined_knn_3",
    "training_history": {
        "final_train_loss": 0.5810052752494812,
        "final_train_acc": 0.8333333333333334,
        "final_val_loss": 0.6449148654937744,
        "final_val_acc": 0.6568627450980392,
        "final_val_f1": 0.6349319971367215,
        "best_val_f1": 0.6694444444444445,
        "best_epoch": 131,
        "total_epochs": 161,
        "training_time_seconds": 2.6983864307403564
    },
    "final_test_metrics": {
        "accuracy": 0.7254901960784313,
        "precision": 0.5161290322580645,
        "recall": 0.5517241379310345,
        "f1_score": 0.5333333333333333,
        "confusion_matrix": [
            [
                58,
                15
            ],
            [
                13,
                16
            ]
        ]
    }
}