{
    "args": {
        "graph_path": "graphs/gossipcop/15_shot_combined_mutual_knn_6_smpf10.pt",
        "model": "GAT",
        "dropout_rate": 0.5,
        "hidden_channels": 128,
        "gat_heads": 8,
        "lr": 0.0001,
        "weight_decay": 0.0001,
        "n_epochs": 300,
        "patience": 30,
        "seed": 42,
        "output_dir": "results"
    },
    "model_name": "GAT_gossipcop_15_shot_combined_mutual_knn_6_smpf10",
    "training_history": {
        "final_train_loss": 0.6130125522613525,
        "final_train_acc": 0.6333333333333333,
        "final_val_loss": 0.6865087151527405,
        "final_val_acc": 0.5494011976047904,
        "final_val_f1": 0.4863743652099277,
        "best_val_f1": 0.5208335734155132,
        "best_epoch": 86,
        "total_epochs": 116,
        "training_time_seconds": 2.4155917167663574
    },
    "final_test_metrics": {
        "accuracy": 0.6680389221556886,
        "precision": 0.22093023255813954,
        "recall": 0.30218687872763417,
        "f1_score": 0.25524769101595296,
        "confusion_matrix": [
            [
                1633,
                536
            ],
            [
                351,
                152
            ]
        ]
    }
}