{
    "args": {
        "graph_path": "graphs/politifact/12_shot_combined_knn_3_smpf10.pt",
        "model": "GAT",
        "dropout_rate": 0.5,
        "hidden_channels": 128,
        "gat_heads": 8,
        "lr": 0.0001,
        "weight_decay": 0.0001,
        "n_epochs": 300,
        "patience": 30,
        "seed": 42,
        "output_dir": "results"
    },
    "model_name": "GAT_politifact_12_shot_combined_knn_3_smpf10",
    "training_history": {
        "final_train_loss": 0.5349558591842651,
        "final_train_acc": 0.6666666666666666,
        "final_val_loss": 0.6325181722640991,
        "final_val_acc": 0.7352941176470589,
        "final_val_f1": 0.6951853901494189,
        "best_val_f1": 0.7292471042471043,
        "best_epoch": 93,
        "total_epochs": 132,
        "training_time_seconds": 2.4168295860290527
    },
    "final_test_metrics": {
        "accuracy": 0.7843137254901961,
        "precision": 0.6296296296296297,
        "recall": 0.5862068965517241,
        "f1_score": 0.6071428571428571,
        "confusion_matrix": [
            [
                63,
                10
            ],
            [
                12,
                17
            ]
        ]
    }
}