{
  "accuracy": 0.7745098039215687,
  "precision": 0.7491883116883117,
  "recall": 0.6450165328294757,
  "f1_score": 0.6611295681063123
}