{
    "args": {
        "graph_path": "graphs/gossipcop/14_shot_distilbert_knn_5_smpf10.pt",
        "model": "GAT",
        "dropout_rate": 0.5,
        "hidden_channels": 128,
        "gat_heads": 8,
        "lr": 0.0001,
        "weight_decay": 0.0001,
        "n_epochs": 300,
        "patience": 30,
        "seed": 42,
        "output_dir": "results"
    },
    "model_name": "GAT_gossipcop_14_shot_distilbert_knn_5_smpf10",
    "training_history": {
        "final_train_loss": 0.3883114159107208,
        "final_train_acc": 0.8928571428571429,
        "final_val_loss": 0.7011399865150452,
        "final_val_acc": 0.6107784431137725,
        "final_val_f1": 0.5230428809659975,
        "best_val_f1": 0.5271538613074588,
        "best_epoch": 23,
        "total_epochs": 92,
        "training_time_seconds": 4.945342540740967
    },
    "final_test_metrics": {
        "accuracy": 0.7024700598802395,
        "precision": 0.5265812587703342,
        "recall": 0.528127225581504,
        "f1_score": 0.5271538613074588,
        "confusion_matrix": [
            [
                1752,
                417
            ],
            [
                378,
                125
            ]
        ]
    }
}