{
  "num_nodes": 483,
  "num_edges": 3235,
  "num_train_nodes": 381,
  "num_test_nodes": 102,
  "num_labeled_nodes": 18,
  "avg_degree": 6.6977225672877845,
  "edge_types": {
    "train-train": 2102,
    "train-test": 1010,
    "test-test": 123
  },
  "isolated_nodes": 0,
  "fake_to_fake": 1019,
  "real_to_real": 1434,
  "fake_to_real": 782,
  "homophilic_edges": 2453,
  "heterophilic_edges": 782,
  "homophily_ratio": 0.7582689335394127,
  "degree_stats": {
    "min_degree": 5,
    "max_degree": 58,
    "mean_degree": 13.395445134575569,
    "median_degree": 11.0,
    "std_degree": 8.696572464364461,
    "degree_distribution": {
      "5": 44,
      "6": 44,
      "7": 28,
      "8": 27,
      "9": 29,
      "10": 49,
      "11": 33,
      "12": 29,
      "13": 31,
      "14": 22,
      "15": 19,
      "16": 25,
      "17": 15,
      "18": 12,
      "19": 11,
      "20": 5,
      "21": 1,
      "22": 5,
      "23": 6,
      "24": 2,
      "25": 3,
      "26": 4,
      "27": 3,
      "28": 3,
      "30": 4,
      "31": 4,
      "33": 1,
      "34": 2,
      "35": 2,
      "36": 1,
      "37": 5,
      "38": 2,
      "39": 3,
      "41": 1,
      "42": 1,
      "44": 1,
      "50": 1,
      "51": 1,
      "52": 1,
      "53": 1,
      "55": 1,
      "58": 1
    }
  },
  "power_law": {
    "exponent": 1.956011077085288,
    "r_squared": 0.8451310755343631,
    "p_value": 8.553501516446915e-18,
    "std_err": 0.13239190150821448,
    "is_power_law": 1.0
  },
  "clustering": {
    "average_clustering": 0.3740321742771129,
    "clustering_distribution": {
      "0": 0.3333333333333333,
      "1": 0.4222222222222222,
      "2": 0.3516483516483517,
      "3": 0.6,
      "4": 0.4888888888888889,
      "5": 0.5714285714285714,
      "6": 0.6,
      "7": 0.23809523809523808,
      "8": 0.1411764705882353,
      "9": 0.21082621082621084,
      "10": 0.32142857142857145,
      "11": 0.2564102564102564,
      "12": 0.23076923076923078,
      "13": 0.3090909090909091,
      "14": 0.9333333333333333,
      "15": 0.3202614379084967,
      "16": 0.46153846153846156,
      "17": 0.9642857142857143,
      "18": 0.3333333333333333,
      "19": 0.3090909090909091,
      "20": 0.26666666666666666,
      "21": 0.2967032967032967,
      "22": 0.37777777777777777,
      "23": 0.24444444444444444,
      "24": 0.24675324675324675,
      "25": 0.1,
      "26": 0.43636363636363634,
      "27": 0.8,
      "28": 0.3333333333333333,
      "29": 0.1871345029239766,
      "30": 0.3888888888888889,
      "31": 0.2857142857142857,
      "32": 0.07692307692307693,
      "33": 0.09971509971509972,
      "34": 0.38095238095238093,
      "35": 0.25274725274725274,
      "36": 0.2875816993464052,
      "37": 0.2222222222222222,
      "38": 0.6666666666666666,
      "39": 0.36363636363636365,
      "40": 0.16666666666666666,
      "41": 0.2,
      "42": 0.38095238095238093,
      "43": 0.5333333333333333,
      "44": 0.32142857142857145,
      "45": 0.18181818181818182,
      "46": 0.5777777777777777,
      "47": 0.35714285714285715,
      "48": 0.3787878787878788,
      "49": 0.3626373626373626,
      "50": 0.42857142857142855,
      "51": 0.7,
      "52": 0.4,
      "53": 0.25757575757575757,
      "54": 0.4666666666666667,
      "55": 0.4,
      "56": 0.5111111111111111,
      "57": 0.5454545454545454,
      "58": 0.2948717948717949,
      "59": 0.17857142857142858,
      "60": 0.4,
      "61": 0.2727272727272727,
      "62": 0.41818181818181815,
      "63": 0.19444444444444445,
      "64": 0.5636363636363636,
      "65": 0.4230769230769231,
      "66": 0.25757575757575757,
      "67": 0.17777777777777778,
      "68": 0.10526315789473684,
      "69": 0.3,
      "70": 0.2857142857142857,
      "71": 0.35714285714285715,
      "72": 0.6909090909090909,
      "73": 0.28888888888888886,
      "74": 0.21794871794871795,
      "75": 0.13725490196078433,
      "76": 0.2,
      "77": 0.15555555555555556,
      "78": 0.1164021164021164,
      "79": 0.33088235294117646,
      "80": 0.4358974358974359,
      "81": 0.3,
      "82": 0.3055555555555556,
      "83": 0.3888888888888889,
      "84": 0.5,
      "85": 0.3333333333333333,
      "86": 0.23391812865497075,
      "87": 0.6,
      "88": 0.30303030303030304,
      "89": 0.32727272727272727,
      "90": 0.29239766081871343,
      "91": 0.5,
      "92": 0.32727272727272727,
      "93": 0.4,
      "94": 0.4,
      "95": 0.3333333333333333,
      "96": 0.14619883040935672,
      "97": 0.9642857142857143,
      "98": 0.18371212121212122,
      "99": 0.5714285714285714,
      "100": 0.18181818181818182,
      "101": 0.4,
      "102": 0.22875816993464052,
      "103": 0.5333333333333333,
      "104": 0.9,
      "105": 0.9,
      "106": 0.6,
      "107": 0.42857142857142855,
      "108": 0.4,
      "109": 0.17777777777777778,
      "110": 0.4222222222222222,
      "111": 0.2878787878787879,
      "112": 0.2857142857142857,
      "113": 0.4,
      "114": 0.42857142857142855,
      "115": 0.21739130434782608,
      "116": 0.21935483870967742,
      "117": 1.0,
      "118": 0.3333333333333333,
      "119": 0.47619047619047616,
      "120": 0.3333333333333333,
      "121": 0.4,
      "122": 0.3142857142857143,
      "123": 0.4,
      "124": 0.36363636363636365,
      "125": 0.358974358974359,
      "126": 0.4666666666666667,
      "127": 0.6944444444444444,
      "128": 0.4,
      "129": 0.23809523809523808,
      "130": 0.5,
      "131": 0.42857142857142855,
      "132": 0.6071428571428571,
      "133": 0.15,
      "134": 0.5111111111111111,
      "135": 0.5,
      "136": 0.15644820295983086,
      "137": 0.26666666666666666,
      "138": 0.26666666666666666,
      "139": 0.3333333333333333,
      "140": 0.6,
      "141": 0.6,
      "142": 0.17,
      "143": 0.3055555555555556,
      "144": 0.4393939393939394,
      "145": 0.21367521367521367,
      "146": 0.4,
      "147": 0.5,
      "148": 0.3111111111111111,
      "149": 0.5,
      "150": 0.28205128205128205,
      "151": 0.12121212121212122,
      "152": 0.3,
      "153": 0.2792022792022792,
      "154": 0.2727272727272727,
      "155": 0.17857142857142858,
      "156": 0.5,
      "157": 0.17290552584670232,
      "158": 0.6,
      "159": 0.37777777777777777,
      "160": 0.5,
      "161": 0.34065934065934067,
      "162": 0.5357142857142857,
      "163": 0.15353535353535352,
      "164": 0.07804878048780488,
      "165": 0.16483516483516483,
      "166": 0.4,
      "167": 0.25833333333333336,
      "168": 0.35555555555555557,
      "169": 0.3333333333333333,
      "170": 1.0,
      "171": 0.4,
      "172": 0.3333333333333333,
      "173": 0.26666666666666666,
      "174": 0.20952380952380953,
      "175": 0.4166666666666667,
      "176": 0.2,
      "177": 0.19047619047619047,
      "178": 0.4222222222222222,
      "179": 0.4,
      "180": 0.41818181818181815,
      "181": 0.4,
      "182": 0.28888888888888886,
      "183": 0.43636363636363634,
      "184": 0.32142857142857145,
      "185": 0.7333333333333333,
      "186": 0.4222222222222222,
      "187": 0.6,
      "188": 0.47619047619047616,
      "189": 0.9,
      "190": 0.37777777777777777,
      "191": 0.3142857142857143,
      "192": 0.35555555555555557,
      "193": 0.4,
      "194": 0.24444444444444444,
      "195": 0.5,
      "196": 0.47619047619047616,
      "197": 0.4444444444444444,
      "198": 0.4696969696969697,
      "199": 0.4666666666666667,
      "200": 0.4888888888888889,
      "201": 0.13186813186813187,
      "202": 0.18371212121212122,
      "203": 0.1632183908045977,
      "204": 0.09523809523809523,
      "205": 0.14492753623188406,
      "206": 0.3333333333333333,
      "207": 0.18095238095238095,
      "208": 0.3076923076923077,
      "209": 0.3974358974358974,
      "210": 0.4,
      "211": 0.4,
      "212": 1.0,
      "213": 0.4888888888888889,
      "214": 0.9,
      "215": 0.47619047619047616,
      "216": 0.26666666666666666,
      "217": 0.36363636363636365,
      "218": 0.26666666666666666,