{
  "accuracy": 0.7717065868263473,
  "precision": 0.6416939783370432,
  "recall": 0.6593413241161605,
  "f1_score": 0.6489650205548606
}