{
    "args": {
        "graph_path": "graphs/politifact/5_shot_roberta_mutual_knn_4_smpf10.pt",
        "model": "GAT",
        "dropout_rate": 0.5,
        "hidden_channels": 128,
        "gat_heads": 8,
        "lr": 0.0001,
        "weight_decay": 0.0001,
        "n_epochs": 300,
        "patience": 30,
        "seed": 42,
        "output_dir": "results"
    },
    "model_name": "GAT_politifact_5_shot_roberta_mutual_knn_4_smpf10",
    "training_history": {
        "final_train_loss": 0.5623995661735535,
        "final_train_acc": 0.8,
        "final_val_loss": 0.5865517258644104,
        "final_val_acc": 0.696078431372549,
        "final_val_f1": 0.6141549725442342,
        "best_val_f1": 0.6579268292682927,
        "best_epoch": 98,
        "total_epochs": 163,
        "training_time_seconds": 2.845475912094116
    },
    "final_test_metrics": {
        "accuracy": 0.7843137254901961,
        "precision": 0.8181818181818182,
        "recall": 0.3103448275862069,
        "f1_score": 0.45,
        "confusion_matrix": [
            [
                71,
                2
            ],
            [
                20,
                9
            ]
        ]
    }
}