{
    "args": {
        "graph_path": "graphs_hetero/gossipcop/15_shot_roberta_hetero_knn_5_smpf10.pt",
        "model": "HAN",
        "target_node_type": "news",
        "dropout_rate": 0.0,
        "hidden_channels": 128,
        "hgt_han_heads": 4,
        "hgt_layers": 1,
        "lr": 0.0001,
        "weight_decay": 0.0001,
        "n_epochs": 300,
        "patience": 30,
        "seed": 42,
        "output_dir_base": "results_hetero"
    },
    "model_name": "HAN_gossipcop_15_shot_roberta_hetero_knn_5_smpf10",
    "training_history": {
        "final_train_loss": 0.22905214130878448,
        "final_train_acc": 1.0,
        "final_val_loss": 0.6259443759918213,
        "final_val_acc": 0.6526946107784432,
        "final_val_f1": 0.5638431928245315,
        "best_val_f1": 0.5936268034251204,
        "best_epoch": 76,
        "total_epochs_run": 300,
        "training_time_seconds": 5.308021545410156
    },
    "final_test_metrics_on_target_node": {
        "accuracy": 0.7092065868263473,
        "precision": 0.5884280328380851,
        "recall": 0.616263232041591,
        "f1_score": 0.5936268034251204,
        "confusion_matrix": [
            [
                1660,
                509
            ],
            [
                268,
                235
            ]
        ]
    }
}