{
    "args": {
        "graph_path": "graphs_hetero/gossipcop/15_shot_roberta_hetero_knn_5_smpf10.pt",
        "model": "HAN",
        "target_node_type": "news",
        "dropout_rate": 0.0,
        "hidden_channels": 128,
        "hgt_han_heads": 4,
        "hgt_layers": 1,
        "lr": 0.0001,
        "weight_decay": 0.0001,
        "n_epochs": 300,
        "patience": 30,
        "seed": 42,
        "output_dir_base": "results_hetero"
    },
    "model_name": "HAN_gossipcop_15_shot_roberta_hetero_knn_5_smpf10",
    "training_history": {
        "final_train_loss": 0.23303459584712982,
        "final_train_acc": 1.0,
        "final_val_loss": 0.6270322203636169,
        "final_val_acc": 0.6508233532934131,
        "final_val_f1": 0.5624195326005852,
        "best_val_f1": 0.5970629685075208,
        "best_epoch": 80,
        "total_epochs_run": 300,
        "training_time_seconds": 6.3157994747161865
    },
    "final_test_metrics_on_target_node": {
        "accuracy": 0.7118263473053892,
        "precision": 0.5914730677964092,
        "recall": 0.6201674233070915,
        "f1_score": 0.5970629685075208,
        "confusion_matrix": [
            [
                1664,
                505
            ],
            [
                265,
                238
            ]
        ]
    }
}