{
    "args": {
        "graph_path": "graphs/politifact/12_shot_roberta_knn_6.pt",
        "model": "GAT",
        "dropout_rate": 0.5,
        "hidden_channels": 128,
        "gat_heads": 8,
        "lr": 0.0001,
        "weight_decay": 0.0001,
        "n_epochs": 300,
        "patience": 30,
        "seed": 42,
        "output_dir": "results"
    },
    "model_name": "GAT_politifact_12_shot_roberta_knn_6",
    "training_history": {
        "final_train_loss": 0.6008310914039612,
        "final_train_acc": 0.75,
        "final_val_loss": 0.5507169365882874,
        "final_val_acc": 0.7647058823529411,
        "final_val_f1": 0.6730769230769231,
        "best_val_f1": 0.7102272727272727,
        "best_epoch": 179,
        "total_epochs": 219,
        "training_time_seconds": 3.5193848609924316
    },
    "final_test_metrics": {
        "accuracy": 0.803921568627451,
        "precision": 0.8,
        "recall": 0.41379310344827586,
        "f1_score": 0.5454545454545454,
        "confusion_matrix": [
            [
                70,
                3
            ],
            [
                17,
                12
            ]
        ]
    }
}