{
    "args": {
        "graph_path": "graphs/gossipcop/16_shot_combined_mutual_knn_6_smpf10.pt",
        "model": "GAT",
        "dropout_rate": 0.5,
        "hidden_channels": 128,
        "gat_heads": 8,
        "lr": 0.0001,
        "weight_decay": 0.0001,
        "n_epochs": 300,
        "patience": 30,
        "seed": 42,
        "output_dir": "results"
    },
    "model_name": "GAT_gossipcop_16_shot_combined_mutual_knn_6_smpf10",
    "training_history": {
        "final_train_loss": 0.6065900921821594,
        "final_train_acc": 0.8125,
        "final_val_loss": 0.7020497918128967,
        "final_val_acc": 0.46744011976047906,
        "final_val_f1": 0.4426981443332212,
        "best_val_f1": 0.5272861665003676,
        "best_epoch": 57,
        "total_epochs": 97,
        "training_time_seconds": 2.0222816467285156
    },
    "final_test_metrics": {
        "accuracy": 0.7099550898203593,
        "precision": 0.23228346456692914,
        "recall": 0.2345924453280318,
        "f1_score": 0.2334322453016815,
        "confusion_matrix": [
            [
                1779,
                390
            ],
            [
                385,
                118
            ]
        ]
    }
}