{
    "args": {
        "graph_path": "graphs/politifact/15_shot_roberta_mutual_knn_3_smpf10.pt",
        "model": "GAT",
        "dropout_rate": 0.5,
        "hidden_channels": 128,
        "gat_heads": 8,
        "lr": 0.0001,
        "weight_decay": 0.0001,
        "n_epochs": 300,
        "patience": 30,
        "seed": 42,
        "output_dir": "results"
    },
    "model_name": "GAT_politifact_15_shot_roberta_mutual_knn_3_smpf10",
    "training_history": {
        "final_train_loss": 0.5012121796607971,
        "final_train_acc": 0.7666666666666667,
        "final_val_loss": 0.497350811958313,
        "final_val_acc": 0.7843137254901961,
        "final_val_f1": 0.7085714285714286,
        "best_val_f1": 0.7734658094681472,
        "best_epoch": 286,
        "total_epochs": 300,
        "training_time_seconds": 4.4585864543914795
    },
    "final_test_metrics": {
        "accuracy": 0.8137254901960784,
        "precision": 0.6666666666666666,
        "recall": 0.6896551724137931,
        "f1_score": 0.6779661016949152,
        "confusion_matrix": [
            [
                63,
                10
            ],
            [
                9,
                20
            ]
        ]
    }
}