{
    "args": {
        "graph_path": "graphs/gossipcop/6_shot_roberta_knn_5_smpf10.pt",
        "model": "GAT",
        "dropout_rate": 0.5,
        "hidden_channels": 128,
        "gat_heads": 8,
        "lr": 0.0001,
        "weight_decay": 0.0001,
        "n_epochs": 300,
        "patience": 30,
        "seed": 42,
        "output_dir": "results"
    },
    "model_name": "GAT_gossipcop_6_shot_roberta_knn_5_smpf10",
    "training_history": {
        "final_train_loss": 0.6741467118263245,
        "final_train_acc": 0.6666666666666666,
        "final_val_loss": 0.6224690675735474,
        "final_val_acc": 0.811751497005988,
        "final_val_f1": 0.4480479239826482,
        "best_val_f1": 0.4480479239826482,
        "best_epoch": 2,
        "total_epochs": 38,
        "training_time_seconds": 1.734806776046753
    },
    "final_test_metrics": {
        "accuracy": 0.811751497005988,
        "precision": 0.405875748502994,
        "recall": 0.5,
        "f1_score": 0.4480479239826482,
        "confusion_matrix": [
            [
                2169,
                0
            ],
            [
                503,
                0
            ]
        ]
    }
}