{
  "accuracy": 0.657185628742515,
  "f1": 0.539681524685335,
  "precision": 0.5429818128145165,
  "recall": 0.5597883423296093,
  "confusion_matrix": [
    [
      1553,
      616
    ],
    [
      300,
      203
    ]
  ]
}