{
    "args": {
        "graph_path": "graphs_hetero/politifact/14_shot_roberta_hetero_knn_5_smpf10.pt",
        "model": "HAN",
        "target_node_type": "news",
        "dropout_rate": 0.0,
        "hidden_channels": 128,
        "hgt_han_heads": 4,
        "hgt_layers": 1,
        "lr": 0.0001,
        "weight_decay": 0.0001,
        "n_epochs": 300,
        "patience": 30,
        "seed": 42,
        "output_dir_base": "results_hetero"
    },
    "model_name": "HAN_politifact_14_shot_roberta_hetero_knn_5_smpf10",
    "training_history": {
        "final_train_loss": 0.2205205112695694,
        "final_train_acc": 1.0,
        "final_val_loss": 0.466074675321579,
        "final_val_acc": 0.8333333333333334,
        "final_val_f1": 0.8080796900940785,
        "best_val_f1": 0.8211572180011689,
        "best_epoch": 84,
        "total_epochs_run": 300,
        "training_time_seconds": 10.397976160049438
    },
    "final_test_metrics_on_target_node": {
        "accuracy": 0.8529411764705882,
        "precision": 0.8180555555555555,
        "recall": 0.824515824279641,
        "f1_score": 0.8211572180011689,
        "confusion_matrix": [
            [
                65,
                8
            ],
            [
                7,
                22
            ]
        ]
    }
}