{
    "args": {
        "graph_path": "graphs_hetero/politifact/14_shot_roberta_hetero_knn_5_smpf10.pt",
        "model": "HAN",
        "target_node_type": "news",
        "dropout_rate": 0.0,
        "hidden_channels": 128,
        "hgt_han_heads": 4,
        "hgt_layers": 1,
        "lr": 0.0001,
        "weight_decay": 0.0001,
        "n_epochs": 300,
        "patience": 30,
        "seed": 42,
        "output_dir_base": "results_hetero"
    },
    "model_name": "HAN_politifact_14_shot_roberta_hetero_knn_5_smpf10",
    "training_history": {
        "final_train_loss": 0.22485841810703278,
        "final_train_acc": 1.0,
        "final_val_loss": 0.46852821111679077,
        "final_val_acc": 0.8333333333333334,
        "final_val_f1": 0.8080796900940785,
        "best_val_f1": 0.8417472252058718,
        "best_epoch": 67,
        "total_epochs_run": 300,
        "training_time_seconds": 4.151690483093262
    },
    "final_test_metrics_on_target_node": {
        "accuracy": 0.8725490196078431,
        "precision": 0.8455598455598455,
        "recall": 0.8382144544166272,
        "f1_score": 0.8417472252058718,
        "confusion_matrix": [
            [
                67,
                6
            ],
            [
                7,
                22
            ]
        ]
    }
}