{
    "args": {
        "graph_path": "graphs/politifact/6_shot_bert_knn_7_smpf10.pt",
        "model": "GAT",
        "dropout_rate": 0.5,
        "hidden_channels": 128,
        "gat_heads": 8,
        "lr": 0.0001,
        "weight_decay": 0.0001,
        "n_epochs": 300,
        "patience": 30,
        "seed": 42,
        "output_dir": "results"
    },
    "model_name": "GAT_politifact_6_shot_bert_knn_7_smpf10",
    "training_history": {
        "final_train_loss": 0.19698965549468994,
        "final_train_acc": 1.0,
        "final_val_loss": 0.6233585476875305,
        "final_val_acc": 0.7156862745098039,
        "final_val_f1": 0.697515083341855,
        "best_val_f1": 0.7153488372093023,
        "best_epoch": 23,
        "total_epochs": 61,
        "training_time_seconds": 2.2843008041381836
    },
    "final_test_metrics": {
        "accuracy": 0.7352941176470589,
        "precision": 0.7162267080745341,
        "recall": 0.7631081719414265,
        "f1_score": 0.7153488372093023,
        "confusion_matrix": [
            [
                51,
                22
            ],
            [
                5,
                24
            ]
        ]
    }
}