{
    "args": {
        "graph_path": "graphs/politifact/10_shot_combined_knn_3_smpf10.pt",
        "model": "GAT",
        "dropout_rate": 0.5,
        "hidden_channels": 128,
        "gat_heads": 8,
        "lr": 0.0001,
        "weight_decay": 0.0001,
        "n_epochs": 300,
        "patience": 30,
        "seed": 42,
        "output_dir": "results"
    },
    "model_name": "GAT_politifact_10_shot_combined_knn_3_smpf10",
    "training_history": {
        "final_train_loss": 0.5147149562835693,
        "final_train_acc": 0.85,
        "final_val_loss": 0.5611528158187866,
        "final_val_acc": 0.803921568627451,
        "final_val_f1": 0.7723214285714286,
        "best_val_f1": 0.7888658895304499,
        "best_epoch": 186,
        "total_epochs": 264,
        "training_time_seconds": 3.689149856567383
    },
    "final_test_metrics": {
        "accuracy": 0.8137254901960784,
        "precision": 0.631578947368421,
        "recall": 0.8275862068965517,
        "f1_score": 0.7164179104477612,
        "confusion_matrix": [
            [
                59,
                14
            ],
            [
                5,
                24
            ]
        ]
    }
}