{
  "accuracy": 0.7331586826347305,
  "precision": 0.6193860561914672,
  "recall": 0.6577395928715397,
  "f1_score": 0.6283403332368973
}