{
    "args": {
        "graph_path": "graphs/gossipcop/6_shot_roberta_mutual_knn_5_smpf10.pt",
        "model": "GAT",
        "dropout_rate": 0.5,
        "hidden_channels": 128,
        "gat_heads": 8,
        "lr": 0.0001,
        "weight_decay": 0.0001,
        "n_epochs": 300,
        "patience": 30,
        "seed": 42,
        "output_dir": "results"
    },
    "model_name": "GAT_gossipcop_6_shot_roberta_mutual_knn_5_smpf10",
    "training_history": {
        "final_train_loss": 0.6775393486022949,
        "final_train_acc": 0.6666666666666666,
        "final_val_loss": 0.6055471301078796,
        "final_val_acc": 0.7900449101796407,
        "final_val_f1": 0.4756611374681119,
        "best_val_f1": 0.5202841213260736,
        "best_epoch": 116,
        "total_epochs": 172,
        "training_time_seconds": 9.77672028541565
    },
    "final_test_metrics": {
        "accuracy": 0.6706586826347305,
        "precision": 0.5211610262783695,
        "recall": 0.5260937830829683,
        "f1_score": 0.5202841213260736,
        "confusion_matrix": [
            [
                1644,
                525
            ],
            [
                355,
                148
            ]
        ]
    }
}