{
    "args": {
        "graph_path": "graphs/politifact/6_shot_combined_knn_6_smpf10.pt",
        "model": "GAT",
        "dropout_rate": 0.5,
        "hidden_channels": 128,
        "gat_heads": 8,
        "lr": 0.0001,
        "weight_decay": 0.0001,
        "n_epochs": 300,
        "patience": 30,
        "seed": 42,
        "output_dir": "results"
    },
    "model_name": "GAT_politifact_6_shot_combined_knn_6_smpf10",
    "training_history": {
        "final_train_loss": 0.549562394618988,
        "final_train_acc": 0.75,
        "final_val_loss": 0.6568440198898315,
        "final_val_acc": 0.6470588235294118,
        "final_val_f1": 0.640282131661442,
        "best_val_f1": 0.6911125740618829,
        "best_epoch": 33,
        "total_epochs": 108,
        "training_time_seconds": 2.0492725372314453
    },
    "final_test_metrics": {
        "accuracy": 0.7745098039215687,
        "precision": 0.65,
        "recall": 0.4482758620689655,
        "f1_score": 0.5306122448979592,
        "confusion_matrix": [
            [
                66,
                7
            ],
            [
                16,
                13
            ]
        ]
    }
}