{
    "args": {
        "graph_path": "graphs/politifact/4_shot_combined_knn_8.pt",
        "model": "GAT",
        "dropout_rate": 0.5,
        "hidden_channels": 128,
        "gat_heads": 8,
        "lr": 0.0001,
        "weight_decay": 0.0001,
        "n_epochs": 300,
        "patience": 30,
        "seed": 42,
        "output_dir": "results"
    },
    "model_name": "GAT_politifact_4_shot_combined_knn_8",
    "training_history": {
        "final_train_loss": 0.4105617105960846,
        "final_train_acc": 1.0,
        "final_val_loss": 0.5744107961654663,
        "final_val_acc": 0.7254901960784313,
        "final_val_f1": 0.7031185031185031,
        "best_val_f1": 0.7481481481481481,
        "best_epoch": 172,
        "total_epochs": 255,
        "training_time_seconds": 3.8309214115142822
    },
    "final_test_metrics": {
        "accuracy": 0.7745098039215687,
        "precision": 0.575,
        "recall": 0.7931034482758621,
        "f1_score": 0.6666666666666666,
        "confusion_matrix": [
            [
                56,
                17
            ],
            [
                6,
                23
            ]
        ]
    }
}