{
    "args": {
        "graph_path": "graphs/gossipcop/16_shot_combined_knn_7_smpf10.pt",
        "model": "GAT",
        "dropout_rate": 0.5,
        "hidden_channels": 128,
        "gat_heads": 8,
        "lr": 0.0001,
        "weight_decay": 0.0001,
        "n_epochs": 300,
        "patience": 30,
        "seed": 42,
        "output_dir": "results"
    },
    "model_name": "GAT_gossipcop_16_shot_combined_knn_7_smpf10",
    "training_history": {
        "final_train_loss": 0.6067346930503845,
        "final_train_acc": 0.6875,
        "final_val_loss": 0.6712716817855835,
        "final_val_acc": 0.5763473053892215,
        "final_val_f1": 0.5040805458566261,
        "best_val_f1": 0.5424740692131753,
        "best_epoch": 162,
        "total_epochs": 192,
        "training_time_seconds": 3.173027276992798
    },
    "final_test_metrics": {
        "accuracy": 0.6650449101796407,
        "precision": 0.2506361323155216,
        "recall": 0.39165009940357853,
        "f1_score": 0.3056633048875097,
        "confusion_matrix": [
            [
                1580,
                589
            ],
            [
                306,
                197
            ]
        ]
    }
}