{
    "args": {
        "graph_path": "graphs/gossipcop/16_shot_combined_knn_7_smpf10.pt",
        "model": "GAT",
        "dropout_rate": 0.5,
        "hidden_channels": 128,
        "gat_heads": 8,
        "lr": 0.0001,
        "weight_decay": 0.0001,
        "n_epochs": 300,
        "patience": 30,
        "seed": 42,
        "output_dir": "results"
    },
    "model_name": "GAT_gossipcop_16_shot_combined_knn_7_smpf10",
    "training_history": {
        "final_train_loss": 0.5716832280158997,
        "final_train_acc": 0.78125,
        "final_val_loss": 0.672837495803833,
        "final_val_acc": 0.5733532934131736,
        "final_val_f1": 0.494025135294059,
        "best_val_f1": 0.5310386137003682,
        "best_epoch": 93,
        "total_epochs": 123,
        "training_time_seconds": 4.865797758102417
    },
    "final_test_metrics": {
        "accuracy": 0.7144461077844312,
        "precision": 0.53116144430528,
        "recall": 0.5309228080113143,
        "f1_score": 0.5310386137003682,
        "confusion_matrix": [
            [
                1790,
                379
            ],
            [
                384,
                119
            ]
        ]
    }
}