{
    "args": {
        "graph_path": "graphs/gossipcop/3_shot_roberta_knn_6_smpf10.pt",
        "model": "GAT",
        "dropout_rate": 0.5,
        "hidden_channels": 128,
        "gat_heads": 8,
        "lr": 0.0001,
        "weight_decay": 0.0001,
        "n_epochs": 300,
        "patience": 30,
        "seed": 42,
        "output_dir": "results"
    },
    "model_name": "GAT_gossipcop_3_shot_roberta_knn_6_smpf10",
    "training_history": {
        "final_train_loss": 0.9071602821350098,
        "final_train_acc": 0.16666666666666666,
        "final_val_loss": 0.5989513993263245,
        "final_val_acc": 0.811751497005988,
        "final_val_f1": 0.4480479239826482,
        "best_val_f1": 0.45801217038539555,
        "best_epoch": 1,
        "total_epochs": 47,
        "training_time_seconds": 1.58027982711792
    },
    "final_test_metrics": {
        "accuracy": 0.7372754491017964,
        "precision": 0.10358565737051793,
        "recall": 0.05168986083499006,
        "f1_score": 0.06896551724137931,
        "confusion_matrix": [
            [
                1944,
                225
            ],
            [
                477,
                26
            ]
        ]
    }
}