{
    "args": {
        "graph_path": "graphs/gossipcop/3_shot_roberta_knn_6_smpf10.pt",
        "model": "GAT",
        "dropout_rate": 0.5,
        "hidden_channels": 128,
        "gat_heads": 8,
        "lr": 0.0001,
        "weight_decay": 0.0001,
        "n_epochs": 300,
        "patience": 30,
        "seed": 42,
        "output_dir": "results"
    },
    "model_name": "GAT_gossipcop_3_shot_roberta_knn_6_smpf10",
    "training_history": {
        "final_train_loss": 0.45987704396247864,
        "final_train_acc": 0.8333333333333334,
        "final_val_loss": 0.6331856846809387,
        "final_val_acc": 0.6777694610778443,
        "final_val_f1": 0.5196587531670875,
        "best_val_f1": 0.5250574134553282,
        "best_epoch": 99,
        "total_epochs": 151,
        "training_time_seconds": 3.427917718887329
    },
    "final_test_metrics": {
        "accuracy": 0.6904940119760479,
        "precision": 0.5244737525987526,
        "recall": 0.5276221875753317,
        "f1_score": 0.5250574134553282,
        "confusion_matrix": [
            [
                1711,
                458
            ],
            [
                369,
                134
            ]
        ]
    }
}