{
    "args": {
        "graph_path": "graphs/gossipcop/9_shot_distilbert_knn_8_smpf10.pt",
        "model": "GAT",
        "dropout_rate": 0.5,
        "hidden_channels": 128,
        "gat_heads": 8,
        "lr": 0.0001,
        "weight_decay": 0.0001,
        "n_epochs": 300,
        "patience": 30,
        "seed": 42,
        "output_dir": "results"
    },
    "model_name": "GAT_gossipcop_9_shot_distilbert_knn_8_smpf10",
    "training_history": {
        "final_train_loss": 0.41127943992614746,
        "final_train_acc": 0.8888888888888888,
        "final_val_loss": 0.632247805595398,
        "final_val_acc": 0.6717814371257484,
        "final_val_f1": 0.5521493579551959,
        "best_val_f1": 0.5719208473681716,
        "best_epoch": 88,
        "total_epochs": 118,
        "training_time_seconds": 3.4060845375061035
    },
    "final_test_metrics": {
        "accuracy": 0.7279191616766467,
        "precision": 0.5696491955773755,
        "recall": 0.5751067591683646,
        "f1_score": 0.5719208473681716,
        "confusion_matrix": [
            [
                1779,
                390
            ],
            [
                337,
                166
            ]
        ]
    }
}