{
    "args": {
        "graph_path": "graphs/gossipcop/3_shot_combined_knn_6_smpf10.pt",
        "model": "GAT",
        "dropout_rate": 0.5,
        "hidden_channels": 128,
        "gat_heads": 8,
        "lr": 0.0001,
        "weight_decay": 0.0001,
        "n_epochs": 300,
        "patience": 30,
        "seed": 42,
        "output_dir": "results"
    },
    "model_name": "GAT_gossipcop_3_shot_combined_knn_6_smpf10",
    "training_history": {
        "final_train_loss": 0.554818332195282,
        "final_train_acc": 0.8333333333333334,
        "final_val_loss": 0.6754568815231323,
        "final_val_acc": 0.5879491017964071,
        "final_val_f1": 0.5350864591911575,
        "best_val_f1": 0.5941751375110557,
        "best_epoch": 77,
        "total_epochs": 109,
        "training_time_seconds": 4.779664516448975
    },
    "final_test_metrics": {
        "accuracy": 0.7309131736526946,
        "precision": 0.5891062667208667,
        "recall": 0.6036739452634126,
        "f1_score": 0.5941751375110557,
        "confusion_matrix": [
            [
                1752,
                417
            ],
            [
                302,
                201
            ]
        ]
    }
}