{
    "args": {
        "graph_path": "graphs/politifact/4_shot_roberta_knn_5_smpf10.pt",
        "model": "GAT",
        "dropout_rate": 0.5,
        "hidden_channels": 128,
        "gat_heads": 8,
        "lr": 0.0001,
        "weight_decay": 0.0001,
        "n_epochs": 300,
        "patience": 30,
        "seed": 42,
        "output_dir": "results"
    },
    "model_name": "GAT_politifact_4_shot_roberta_knn_5_smpf10",
    "training_history": {
        "final_train_loss": 0.4174407720565796,
        "final_train_acc": 1.0,
        "final_val_loss": 0.5293025374412537,
        "final_val_acc": 0.7254901960784313,
        "final_val_f1": 0.6756019990913221,
        "best_val_f1": 0.7088274044795784,
        "best_epoch": 136,
        "total_epochs": 190,
        "training_time_seconds": 4.181645154953003
    },
    "final_test_metrics": {
        "accuracy": 0.7450980392156863,
        "precision": 0.7010395010395011,
        "recall": 0.728389230042513,
        "f1_score": 0.7088274044795784,
        "confusion_matrix": [
            [
                56,
                17
            ],
            [
                9,
                20
            ]
        ]
    }
}