{
    "args": {
        "graph_path": "graphs/politifact/4_shot_roberta_knn_5_smpf10.pt",
        "model": "GAT",
        "dropout_rate": 0.5,
        "hidden_channels": 128,
        "gat_heads": 8,
        "lr": 0.0001,
        "weight_decay": 0.0001,
        "n_epochs": 300,
        "patience": 30,
        "seed": 42,
        "output_dir": "results"
    },
    "model_name": "GAT_politifact_4_shot_roberta_knn_5_smpf10",
    "training_history": {
        "final_train_loss": 0.39864933490753174,
        "final_train_acc": 0.75,
        "final_val_loss": 0.5769585371017456,
        "final_val_acc": 0.7254901960784313,
        "final_val_f1": 0.68125,
        "best_val_f1": 0.7448321263989467,
        "best_epoch": 180,
        "total_epochs": 214,
        "training_time_seconds": 3.2824344635009766
    },
    "final_test_metrics": {
        "accuracy": 0.8137254901960784,
        "precision": 0.75,
        "recall": 0.5172413793103449,
        "f1_score": 0.6122448979591837,
        "confusion_matrix": [
            [
                68,
                5
            ],
            [
                14,
                15
            ]
        ]
    }
}