{
    "args": {
        "graph_path": "graphs/gossipcop/11_shot_combined_knn_3_smpf10.pt",
        "model": "GAT",
        "dropout_rate": 0.5,
        "hidden_channels": 128,
        "gat_heads": 8,
        "lr": 0.0001,
        "weight_decay": 0.0001,
        "n_epochs": 300,
        "patience": 30,
        "seed": 42,
        "output_dir": "results"
    },
    "model_name": "GAT_gossipcop_11_shot_combined_knn_3_smpf10",
    "training_history": {
        "final_train_loss": 0.783059298992157,
        "final_train_acc": 0.6818181818181818,
        "final_val_loss": 0.6544623970985413,
        "final_val_acc": 0.749251497005988,
        "final_val_f1": 0.5872462827172984,
        "best_val_f1": 0.5934682590595296,
        "best_epoch": 64,
        "total_epochs": 111,
        "training_time_seconds": 2.1568524837493896
    },
    "final_test_metrics": {
        "accuracy": 0.7440119760479041,
        "precision": 0.3333333333333333,
        "recall": 0.35984095427435386,
        "f1_score": 0.34608030592734224,
        "confusion_matrix": [
            [
                1807,
                362
            ],
            [
                322,
                181
            ]
        ]
    }
}