{
    "args": {
        "graph_path": "graphs_hetero/gossipcop/5_shot_distilbert_hetero_knn_5_smpf10.pt",
        "model": "HAN",
        "target_node_type": "news",
        "dropout_rate": 0.0,
        "hidden_channels": 128,
        "hgt_han_heads": 4,
        "hgt_layers": 1,
        "lr": 0.0001,
        "weight_decay": 0.0001,
        "n_epochs": 300,
        "patience": 30,
        "seed": 42,
        "output_dir_base": "results_hetero"
    },
    "model_name": "HAN_gossipcop_5_shot_distilbert_hetero_knn_5_smpf10",
    "training_history": {
        "final_train_loss": 0.6056350469589233,
        "final_train_acc": 1.0,
        "final_val_loss": 0.6880266070365906,
        "final_val_acc": 0.5175898203592815,
        "final_val_f1": 0.47150917522202873,
        "best_val_f1": 0.49247575082291317,
        "best_epoch": 2,
        "total_epochs_run": 32,
        "training_time_seconds": 1.4205636978149414
    },
    "final_test_metrics_on_target_node": {
        "accuracy": 0.7526197604790419,
        "precision": 0.5017461713576159,
        "recall": 0.5009899111554738,
        "f1_score": 0.49247575082291317,
        "confusion_matrix": [
            [
                1962,
                207
            ],
            [
                454,
                49
            ]
        ]
    }
}