{
    "args": {
        "graph_path": "graphs_hetero/gossipcop/6_shot_roberta_hetero_dual_knn_sim5_dis5_smpf10.pt",
        "model": "HAN",
        "target_node_type": "news",
        "dropout_rate": 0.0,
        "hidden_channels": 128,
        "hgt_han_heads": 4,
        "hgt_layers": 1,
        "lr": 0.0001,
        "weight_decay": 0.0001,
        "n_epochs": 300,
        "patience": 30,
        "seed": 42,
        "output_dir_base": "results_hetero"
    },
    "model_name": "HAN_gossipcop_6_shot_roberta_hetero_dual_knn_sim5_dis5_smpf10",
    "training_history": {
        "final_train_loss": 0.20602862536907196,
        "final_train_acc": 1.0,
        "final_val_loss": 0.5703395009040833,
        "final_val_acc": 0.7376497005988024,
        "final_val_f1": 0.5842657400861844,
        "best_val_f1": 0.5877386813080752,
        "best_epoch": 251,
        "total_epochs_run": 300,
        "training_time_seconds": 8.816216468811035
    },
    "final_test_metrics_on_target_node": {
        "accuracy": 0.7451347305389222,
        "precision": 0.5867946139533884,
        "recall": 0.5887647833606934,
        "f1_score": 0.5877386813080752,
        "confusion_matrix": [
            [
                1821,
                348
            ],
            [
                333,
                170
            ]
        ]
    }
}