{
    "args": {
        "graph_path": "graphs/politifact/6_shot_distilbert_knn_7_smpf10.pt",
        "model": "GAT",
        "dropout_rate": 0.5,
        "hidden_channels": 128,
        "gat_heads": 8,
        "lr": 0.0001,
        "weight_decay": 0.0001,
        "n_epochs": 300,
        "patience": 30,
        "seed": 42,
        "output_dir": "results"
    },
    "model_name": "GAT_politifact_6_shot_distilbert_knn_7_smpf10",
    "training_history": {
        "final_train_loss": 0.355726033449173,
        "final_train_acc": 0.8333333333333334,
        "final_val_loss": 0.7231568694114685,
        "final_val_acc": 0.6862745098039216,
        "final_val_f1": 0.667887667887668,
        "best_val_f1": 0.6854440789473684,
        "best_epoch": 55,
        "total_epochs": 85,
        "training_time_seconds": 2.4953010082244873
    },
    "final_test_metrics": {
        "accuracy": 0.7058823529411765,
        "precision": 0.6901353965183752,
        "recall": 0.7321681624940954,
        "f1_score": 0.6854440789473684,
        "confusion_matrix": [
            [
                49,
                24
            ],
            [
                6,
                23
            ]
        ]
    }
}