{
    "model": "LSTM_politifact_8_shot_bert",
    "dataset": "politifact",
    "embedding": "bert",
    "k_shot": 8,
    "training_time": 0.5998084545135498,
    "best_epoch": 0,
    "final_train_accuracy": 1.0,
    "final_train_loss": 0.6167553067207336,
    "final_val_accuracy": 0.0,
    "final_val_loss": 0.7670899629592896,
    "final_val_f1": 0.0,
    "test_metrics": {
        "accuracy": 0.7156862745098039,
        "precision": 0.35784313725490197,
        "recall": 0.5,
        "f1_score": 0.41714285714285715,
        "confusion_matrix": [
            [
                73,
                0
            ],
            [
                29,
                0
            ]
        ]
    }
}