{
    "args": {
        "graph_path": "graphs_hetero/politifact/4_shot_bert_hetero_knn_5_smpf10.pt",
        "model": "HGT",
        "target_node_type": "news",
        "dropout_rate": 0.0,
        "hidden_channels": 128,
        "hgt_han_heads": 4,
        "hgt_layers": 1,
        "lr": 0.0001,
        "weight_decay": 0.0001,
        "n_epochs": 300,
        "patience": 30,
        "seed": 42,
        "output_dir_base": "results_hetero"
    },
    "model_name": "HGT_politifact_4_shot_bert_hetero_knn_5_smpf10",
    "training_history": {
        "final_train_loss": 0.0007536269258707762,
        "final_train_acc": 1.0,
        "final_val_loss": 1.5196903944015503,
        "final_val_acc": 0.7058823529411765,
        "final_val_f1": 0.678030303030303,
        "best_val_f1": 0.6994949494949495,
        "best_epoch": 129,
        "total_epochs_run": 159,
        "training_time_seconds": 6.253219366073608
    },
    "final_test_metrics_on_target_node": {
        "accuracy": 0.7254901960784313,
        "precision": 0.696491919590067,
        "recall": 0.73547472838923,
        "f1_score": 0.6994949494949495,
        "confusion_matrix": [
            [
                52,
                21
            ],
            [
                7,
                22
            ]
        ]
    }
}