{
    "args": {
        "graph_path": "graphs/politifact/15_shot_combined_knn_3.pt",
        "model": "GAT",
        "dropout_rate": 0.5,
        "hidden_channels": 128,
        "gat_heads": 8,
        "lr": 0.0001,
        "weight_decay": 0.0001,
        "n_epochs": 300,
        "patience": 30,
        "seed": 42,
        "output_dir": "results"
    },
    "model_name": "GAT_politifact_15_shot_combined_knn_3",
    "training_history": {
        "final_train_loss": 0.5569442510604858,
        "final_train_acc": 0.7,
        "final_val_loss": 0.6053490042686462,
        "final_val_acc": 0.8137254901960784,
        "final_val_f1": 0.7687074829931972,
        "best_val_f1": 0.7716919025674787,
        "best_epoch": 99,
        "total_epochs": 147,
        "training_time_seconds": 2.645857095718384
    },
    "final_test_metrics": {
        "accuracy": 0.8333333333333334,
        "precision": 0.8,
        "recall": 0.5517241379310345,
        "f1_score": 0.6530612244897959,
        "confusion_matrix": [
            [
                69,
                4
            ],
            [
                13,
                16
            ]
        ]
    }
}