{
    "args": {
        "graph_path": "graphs/politifact/8_shot_bert_topk_mean_10_100.pt",
        "model": "GAT",
        "dropout_rate": 0.5,
        "hidden_channels": 128,
        "gat_heads": 8,
        "lr": 0.0001,
        "weight_decay": 0.0001,
        "n_epochs": 300,
        "patience": 30,
        "seed": 42,
        "output_dir": "results"
    },
    "model_name": "GAT_politifact_8_shot_bert_topk_mean_10_100",
    "training_history": {
        "final_train_loss": 0.43929317593574524,
        "final_train_acc": 0.875,
        "final_val_loss": 0.584242045879364,
        "final_val_acc": 0.7549019607843137,
        "final_val_f1": 0.7299586995658159,
        "best_val_f1": 0.7444166031158078,
        "best_epoch": 16,
        "total_epochs": 85,
        "training_time_seconds": 1.9202146530151367
    },
    "final_test_metrics": {
        "accuracy": 0.7745098039215687,
        "precision": 0.5789473684210527,
        "recall": 0.7586206896551724,
        "f1_score": 0.6567164179104478,
        "confusion_matrix": [
            [
                57,
                16
            ],
            [
                7,
                22
            ]
        ]
    }
}