{
    "args": {
        "graph_path": "graphs/politifact/12_shot_combined_mutual_knn_7_smpf10.pt",
        "model": "GAT",
        "dropout_rate": 0.5,
        "hidden_channels": 128,
        "gat_heads": 8,
        "lr": 0.0001,
        "weight_decay": 0.0001,
        "n_epochs": 300,
        "patience": 30,
        "seed": 42,
        "output_dir": "results"
    },
    "model_name": "GAT_politifact_12_shot_combined_mutual_knn_7_smpf10",
    "training_history": {
        "final_train_loss": 0.5561655163764954,
        "final_train_acc": 0.7916666666666666,
        "final_val_loss": 0.6243805885314941,
        "final_val_acc": 0.7254901960784313,
        "final_val_f1": 0.6955223880597015,
        "best_val_f1": 0.7496201052016365,
        "best_epoch": 71,
        "total_epochs": 143,
        "training_time_seconds": 2.6175217628479004
    },
    "final_test_metrics": {
        "accuracy": 0.7941176470588235,
        "precision": 0.6333333333333333,
        "recall": 0.6551724137931034,
        "f1_score": 0.6440677966101694,
        "confusion_matrix": [
            [
                62,
                11
            ],
            [
                10,
                19
            ]
        ]
    }
}