{
    "args": {
        "graph_path": "graphs/politifact/4_shot_roberta_knn_4_smpf10.pt",
        "model": "GAT",
        "dropout_rate": 0.5,
        "hidden_channels": 128,
        "gat_heads": 8,
        "lr": 0.0001,
        "weight_decay": 0.0001,
        "n_epochs": 300,
        "patience": 30,
        "seed": 42,
        "output_dir": "results"
    },
    "model_name": "GAT_politifact_4_shot_roberta_knn_4_smpf10",
    "training_history": {
        "final_train_loss": 0.6206386089324951,
        "final_train_acc": 0.5,
        "final_val_loss": 0.6042752265930176,
        "final_val_acc": 0.7156862745098039,
        "final_val_f1": 0.41714285714285715,
        "best_val_f1": 0.46031746031746035,
        "best_epoch": 1,
        "total_epochs": 63,
        "training_time_seconds": 1.567765712738037
    },
    "final_test_metrics": {
        "accuracy": 0.6470588235294118,
        "precision": 0.23076923076923078,
        "recall": 0.10344827586206896,
        "f1_score": 0.14285714285714285,
        "confusion_matrix": [
            [
                63,
                10
            ],
            [
                26,
                3
            ]
        ]
    }
}