{
  "accuracy": 0.7732035928143712,
  "precision": 0.6464801065144119,
  "recall": 0.6678985561045896,
  "f1_score": 0.655004550986388
}