{
  "accuracy": 0.5890718562874252,
  "f1": 0.4956483351452377,
  "precision": 0.5160017739180613,
  "recall": 0.5247051577120954,
  "confusion_matrix": [
    [
      1362,
      807
    ],
    [
      291,
      212
    ]
  ]
}