{
    "args": {
        "graph_path": "graphs/gossipcop/7_shot_combined_mutual_knn_8_smpf10.pt",
        "model": "GAT",
        "dropout_rate": 0.5,
        "hidden_channels": 128,
        "gat_heads": 8,
        "lr": 0.0001,
        "weight_decay": 0.0001,
        "n_epochs": 300,
        "patience": 30,
        "seed": 42,
        "output_dir": "results"
    },
    "model_name": "GAT_gossipcop_7_shot_combined_mutual_knn_8_smpf10",
    "training_history": {
        "final_train_loss": 0.5608556866645813,
        "final_train_acc": 0.8571428571428571,
        "final_val_loss": 0.6437386274337769,
        "final_val_acc": 0.7238023952095808,
        "final_val_f1": 0.5874859422695871,
        "best_val_f1": 0.5900293531698815,
        "best_epoch": 127,
        "total_epochs": 157,
        "training_time_seconds": 3.0116820335388184
    },
    "final_test_metrics": {
        "accuracy": 0.7601047904191617,
        "precision": 0.34598214285714285,
        "recall": 0.3081510934393638,
        "f1_score": 0.32597266035751843,
        "confusion_matrix": [
            [
                1876,
                293
            ],
            [
                348,
                155
            ]
        ]
    }
}