{
  "accuracy": 0.6568627450980392,
  "f1": 0.5827001753360608,
  "precision": 0.5819444444444444,
  "recall": 0.5836088804912613,
  "confusion_matrix": [
    [
      55,
      18
    ],
    [
      17,
      12
    ]
  ]
}