{
    "args": {
        "graph_path": "graphs/politifact/14_shot_combined_knn_8.pt",
        "model": "GAT",
        "dropout_rate": 0.5,
        "hidden_channels": 128,
        "gat_heads": 8,
        "lr": 0.0001,
        "weight_decay": 0.0001,
        "n_epochs": 300,
        "patience": 30,
        "seed": 42,
        "output_dir": "results"
    },
    "model_name": "GAT_politifact_14_shot_combined_knn_8",
    "training_history": {
        "final_train_loss": 0.4721512198448181,
        "final_train_acc": 0.8928571428571429,
        "final_val_loss": 0.5857126712799072,
        "final_val_acc": 0.7549019607843137,
        "final_val_f1": 0.7299586995658159,
        "best_val_f1": 0.7784749034749034,
        "best_epoch": 188,
        "total_epochs": 232,
        "training_time_seconds": 3.7760095596313477
    },
    "final_test_metrics": {
        "accuracy": 0.8235294117647058,
        "precision": 0.7037037037037037,
        "recall": 0.6551724137931034,
        "f1_score": 0.6785714285714286,
        "confusion_matrix": [
            [
                65,
                8
            ],
            [
                10,
                19
            ]
        ]
    }
}