{
    "args": {
        "graph_path": "graphs/politifact/13_shot_combined_mutual_knn_3_smpf10.pt",
        "model": "GAT",
        "dropout_rate": 0.5,
        "hidden_channels": 128,
        "gat_heads": 8,
        "lr": 0.0001,
        "weight_decay": 0.0001,
        "n_epochs": 300,
        "patience": 30,
        "seed": 42,
        "output_dir": "results"
    },
    "model_name": "GAT_politifact_13_shot_combined_mutual_knn_3_smpf10",
    "training_history": {
        "final_train_loss": 0.6499081254005432,
        "final_train_acc": 0.6923076923076923,
        "final_val_loss": 0.6131553053855896,
        "final_val_acc": 0.7647058823529411,
        "final_val_f1": 0.7312252964426877,
        "best_val_f1": 0.7985185185185185,
        "best_epoch": 78,
        "total_epochs": 156,
        "training_time_seconds": 2.8421151638031006
    },
    "final_test_metrics": {
        "accuracy": 0.8431372549019608,
        "precision": 0.76,
        "recall": 0.6551724137931034,
        "f1_score": 0.7037037037037037,
        "confusion_matrix": [
            [
                67,
                6
            ],
            [
                10,
                19
            ]
        ]
    }
}