{
    "args": {
        "graph_path": "graphs/gossipcop/10_shot_distilbert_knn_7_smpf10.pt",
        "model": "GAT",
        "dropout_rate": 0.5,
        "hidden_channels": 128,
        "gat_heads": 8,
        "lr": 0.0001,
        "weight_decay": 0.0001,
        "n_epochs": 300,
        "patience": 30,
        "seed": 42,
        "output_dir": "results"
    },
    "model_name": "GAT_gossipcop_10_shot_distilbert_knn_7_smpf10",
    "training_history": {
        "final_train_loss": 0.2874041199684143,
        "final_train_acc": 0.95,
        "final_val_loss": 0.5996371507644653,
        "final_val_acc": 0.7088323353293413,
        "final_val_f1": 0.5774321046678879,
        "best_val_f1": 0.5833074198479555,
        "best_epoch": 91,
        "total_epochs": 121,
        "training_time_seconds": 6.0828845500946045
    },
    "final_test_metrics": {
        "accuracy": 0.75,
        "precision": 0.5849957208693061,
        "recall": 0.5818358635645784,
        "f1_score": 0.5833074198479555,
        "confusion_matrix": [
            [
                1847,
                322
            ],
            [
                346,
                157
            ]
        ]
    }
}