{
    "args": {
        "graph_path": "graphs_hetero/gossipcop/5_shot_roberta_hetero_dual_knn_sim5_dis5_smpf10_mv3.pt",
        "model": "HGT",
        "target_node_type": "news",
        "dropout_rate": 0.0,
        "hidden_channels": 128,
        "hgt_han_heads": 4,
        "hgt_layers": 1,
        "lr": 0.0001,
        "weight_decay": 0.0001,
        "n_epochs": 300,
        "patience": 30,
        "seed": 42,
        "output_dir_base": "results_hetero"
    },
    "model_name": "HGT_gossipcop_5_shot_roberta_hetero_dual_knn_sim5_dis5_smpf10_mv3",
    "training_history": {
        "final_train_loss": 0.0010806792415678501,
        "final_train_acc": 1.0,
        "final_val_loss": 0.6754752397537231,
        "final_val_acc": 0.7058383233532934,
        "final_val_f1": 0.5710024144228059,
        "best_val_f1": 0.5746184893690743,
        "best_epoch": 143,
        "total_epochs_run": 179,
        "training_time_seconds": 14.109464168548584
    },
    "final_test_metrics_on_target_node": {
        "accuracy": 0.688248502994012,
        "precision": 0.5725869464472394,
        "recall": 0.5987729684594141,
        "f1_score": 0.5746184893690743,
        "confusion_matrix": [
            [
                1610,
                559
            ],
            [
                274,
                229
            ]
        ]
    }
}