{
    "args": {
        "graph_path": "graphs/politifact/12_shot_roberta_knn_5_smpf10.pt",
        "model": "GAT",
        "dropout_rate": 0.5,
        "hidden_channels": 128,
        "gat_heads": 8,
        "lr": 0.0001,
        "weight_decay": 0.0001,
        "n_epochs": 300,
        "patience": 30,
        "seed": 42,
        "output_dir": "results"
    },
    "model_name": "GAT_politifact_12_shot_roberta_knn_5_smpf10",
    "training_history": {
        "final_train_loss": 0.3029915690422058,
        "final_train_acc": 0.875,
        "final_val_loss": 0.5029556155204773,
        "final_val_acc": 0.7254901960784313,
        "final_val_f1": 0.6994949494949495,
        "best_val_f1": 0.7635143380109823,
        "best_epoch": 88,
        "total_epochs": 300,
        "training_time_seconds": 7.634392023086548
    },
    "final_test_metrics": {
        "accuracy": 0.8137254901960784,
        "precision": 0.7737854251012146,
        "recall": 0.7555503070382616,
        "f1_score": 0.7635143380109823,
        "confusion_matrix": [
            [
                65,
                8
            ],
            [
                11,
                18
            ]
        ]
    }
}