{
    "args": {
        "graph_path": "graphs/politifact/7_shot_distilbert_knn_8_smpf10.pt",
        "model": "GAT",
        "dropout_rate": 0.5,
        "hidden_channels": 128,
        "gat_heads": 8,
        "lr": 0.0001,
        "weight_decay": 0.0001,
        "n_epochs": 300,
        "patience": 30,
        "seed": 42,
        "output_dir": "results"
    },
    "model_name": "GAT_politifact_7_shot_distilbert_knn_8_smpf10",
    "training_history": {
        "final_train_loss": 0.2668338418006897,
        "final_train_acc": 0.9285714285714286,
        "final_val_loss": 0.7211394309997559,
        "final_val_acc": 0.7156862745098039,
        "final_val_f1": 0.7004556962025317,
        "best_val_f1": 0.733347275959427,
        "best_epoch": 14,
        "total_epochs": 113,
        "training_time_seconds": 2.8818788528442383
    },
    "final_test_metrics": {
        "accuracy": 0.7549019607843137,
        "precision": 0.7296238244514106,
        "recall": 0.7768068020784129,
        "f1_score": 0.733347275959427,
        "confusion_matrix": [
            [
                53,
                20
            ],
            [
                5,
                24
            ]
        ]
    }
}