{
    "args": {
        "graph_path": "graphs/gossipcop/12_shot_roberta_knn_5_smpf10.pt",
        "model": "GAT",
        "dropout_rate": 0.5,
        "hidden_channels": 128,
        "gat_heads": 8,
        "lr": 0.0001,
        "weight_decay": 0.0001,
        "n_epochs": 300,
        "patience": 30,
        "seed": 42,
        "output_dir": "results"
    },
    "model_name": "GAT_gossipcop_12_shot_roberta_knn_5_smpf10",
    "training_history": {
        "final_train_loss": 0.3998674154281616,
        "final_train_acc": 0.9166666666666666,
        "final_val_loss": 0.6496084928512573,
        "final_val_acc": 0.6493263473053892,
        "final_val_f1": 0.514257504845951,
        "best_val_f1": 0.5238870653739656,
        "best_epoch": 241,
        "total_epochs": 273,
        "training_time_seconds": 5.995635509490967
    },
    "final_test_metrics": {
        "accuracy": 0.6976047904191617,
        "precision": 0.5233353334439778,
        "recall": 0.5251304528751878,
        "f1_score": 0.5238870653739656,
        "confusion_matrix": [
            [
                1739,
                430
            ],
            [
                378,
                125
            ]
        ]
    }
}