{
    "args": {
        "graph_path": "graphs/politifact/3_shot_combined_mutual_knn_6.pt",
        "model": "GAT",
        "dropout_rate": 0.5,
        "hidden_channels": 128,
        "gat_heads": 8,
        "lr": 0.0001,
        "weight_decay": 0.0001,
        "n_epochs": 300,
        "patience": 30,
        "seed": 42,
        "output_dir": "results"
    },
    "model_name": "GAT_politifact_3_shot_combined_mutual_knn_6",
    "training_history": {
        "final_train_loss": 0.6560790538787842,
        "final_train_acc": 0.6666666666666666,
        "final_val_loss": 0.6176133155822754,
        "final_val_acc": 0.7549019607843137,
        "final_val_f1": 0.6544247187965849,
        "best_val_f1": 0.667887667887668,
        "best_epoch": 30,
        "total_epochs": 78,
        "training_time_seconds": 1.7651758193969727
    },
    "final_test_metrics": {
        "accuracy": 0.6862745098039216,
        "precision": 0.46938775510204084,
        "recall": 0.7931034482758621,
        "f1_score": 0.5897435897435898,
        "confusion_matrix": [
            [
                47,
                26
            ],
            [
                6,
                23
            ]
        ]
    }
}