{
  "accuracy": 0.8235294117647058,
  "precision": 0.7826086956521738,
  "recall": 0.8039678790741616,
  "f1_score": 0.7914584279872785
}