{
    "args": {
        "graph_path": "graphs/gossipcop/4_shot_bert_knn_6_smpf10.pt",
        "model": "GAT",
        "dropout_rate": 0.5,
        "hidden_channels": 128,
        "gat_heads": 8,
        "lr": 0.0001,
        "weight_decay": 0.0001,
        "n_epochs": 300,
        "patience": 30,
        "seed": 42,
        "output_dir": "results"
    },
    "model_name": "GAT_gossipcop_4_shot_bert_knn_6_smpf10",
    "training_history": {
        "final_train_loss": 0.2759500741958618,
        "final_train_acc": 0.875,
        "final_val_loss": 0.66739821434021,
        "final_val_acc": 0.594311377245509,
        "final_val_f1": 0.5154415725637809,
        "best_val_f1": 0.5502374193993367,
        "best_epoch": 47,
        "total_epochs": 77,
        "training_time_seconds": 2.393350601196289
    },
    "final_test_metrics": {
        "accuracy": 0.6931137724550899,
        "precision": 0.5483371585031761,
        "recall": 0.5590129119244881,
        "f1_score": 0.5502374193993367,
        "confusion_matrix": [
            [
                1679,
                490
            ],
            [
                330,
                173
            ]
        ]
    }
}