{
    "args": {
        "graph_path": "graphs/politifact/15_shot_combined_mutual_knn_5_smpf10.pt",
        "model": "GAT",
        "dropout_rate": 0.5,
        "hidden_channels": 128,
        "gat_heads": 8,
        "lr": 0.0001,
        "weight_decay": 0.0001,
        "n_epochs": 300,
        "patience": 30,
        "seed": 42,
        "output_dir": "results"
    },
    "model_name": "GAT_politifact_15_shot_combined_mutual_knn_5_smpf10",
    "training_history": {
        "final_train_loss": 0.5791956782341003,
        "final_train_acc": 0.7666666666666667,
        "final_val_loss": 0.6306907534599304,
        "final_val_acc": 0.7156862745098039,
        "final_val_f1": 0.6942635658914729,
        "best_val_f1": 0.7615584415584415,
        "best_epoch": 88,
        "total_epochs": 122,
        "training_time_seconds": 2.5949084758758545
    },
    "final_test_metrics": {
        "accuracy": 0.8235294117647058,
        "precision": 0.7619047619047619,
        "recall": 0.5517241379310345,
        "f1_score": 0.64,
        "confusion_matrix": [
            [
                68,
                5
            ],
            [
                13,
                16
            ]
        ]
    }
}