{
  "accuracy": 0.6994760479041916,
  "f1": 0.595438459343999,
  "precision": 0.5916621925771549,
  "recall": 0.6270670124023036,
  "confusion_matrix": [
    [
      1612,
      557
    ],
    [
      246,
      257
    ]
  ]
}