{
  "accuracy": 0.751122754491018,
  "f1": 0.568242989913893,
  "precision": 0.5735213575918512,
  "recall": 0.5649665859155808,
  "confusion_matrix": [
    [
      1873,
      296
    ],
    [
      369,
      134
    ]
  ]
}