{
    "args": {
        "graph_path": "graphs/politifact/7_shot_roberta_mutual_knn_6_smpf10.pt",
        "model": "GAT",
        "dropout_rate": 0.5,
        "hidden_channels": 128,
        "gat_heads": 8,
        "lr": 0.0001,
        "weight_decay": 0.0001,
        "n_epochs": 300,
        "patience": 30,
        "seed": 42,
        "output_dir": "results"
    },
    "model_name": "GAT_politifact_7_shot_roberta_mutual_knn_6_smpf10",
    "training_history": {
        "final_train_loss": 0.42707696557044983,
        "final_train_acc": 0.9285714285714286,
        "final_val_loss": 0.5151709914207458,
        "final_val_acc": 0.7647058823529411,
        "final_val_f1": 0.7166666666666667,
        "best_val_f1": 0.7352941176470589,
        "best_epoch": 256,
        "total_epochs": 300,
        "training_time_seconds": 4.181578636169434
    },
    "final_test_metrics": {
        "accuracy": 0.7647058823529411,
        "precision": 0.5641025641025641,
        "recall": 0.7586206896551724,
        "f1_score": 0.6470588235294118,
        "confusion_matrix": [
            [
                56,
                17
            ],
            [
                7,
                22
            ]
        ]
    }
}