{
    "args": {
        "graph_path": "graphs/gossipcop/4_shot_combined_knn_5_smpf10.pt",
        "model": "GAT",
        "dropout_rate": 0.5,
        "hidden_channels": 128,
        "gat_heads": 8,
        "lr": 0.0001,
        "weight_decay": 0.0001,
        "n_epochs": 300,
        "patience": 30,
        "seed": 42,
        "output_dir": "results"
    },
    "model_name": "GAT_gossipcop_4_shot_combined_knn_5_smpf10",
    "training_history": {
        "final_train_loss": 0.6768701076507568,
        "final_train_acc": 0.625,
        "final_val_loss": 0.6238762140274048,
        "final_val_acc": 0.8188622754491018,
        "final_val_f1": 0.49141749723145073,
        "best_val_f1": 0.6136597231172934,
        "best_epoch": 33,
        "total_epochs": 79,
        "training_time_seconds": 1.9094109535217285
    },
    "final_test_metrics": {
        "accuracy": 0.7380239520958084,
        "precision": 0.34915773353751917,
        "recall": 0.4532803180914513,
        "f1_score": 0.3944636678200692,
        "confusion_matrix": [
            [
                1744,
                425
            ],
            [
                275,
                228
            ]
        ]
    }
}