{
    "args": {
        "graph_path": "graphs/politifact/14_shot_roberta_mutual_knn_6.pt",
        "model": "GAT",
        "dropout_rate": 0.5,
        "hidden_channels": 128,
        "gat_heads": 8,
        "lr": 0.0001,
        "weight_decay": 0.0001,
        "n_epochs": 300,
        "patience": 30,
        "seed": 42,
        "output_dir": "results"
    },
    "model_name": "GAT_politifact_14_shot_roberta_mutual_knn_6",
    "training_history": {
        "final_train_loss": 0.6252212524414062,
        "final_train_acc": 0.7857142857142857,
        "final_val_loss": 0.5869504809379578,
        "final_val_acc": 0.7156862745098039,
        "final_val_f1": 0.6824476650563607,
        "best_val_f1": 0.7578408096963638,
        "best_epoch": 116,
        "total_epochs": 197,
        "training_time_seconds": 2.9325056076049805
    },
    "final_test_metrics": {
        "accuracy": 0.8137254901960784,
        "precision": 0.7083333333333334,
        "recall": 0.5862068965517241,
        "f1_score": 0.6415094339622641,
        "confusion_matrix": [
            [
                66,
                7
            ],
            [
                12,
                17
            ]
        ]
    }
}