{
    "args": {
        "graph_path": "graphs/politifact/11_shot_roberta_knn_8_smpf10.pt",
        "model": "GAT",
        "dropout_rate": 0.5,
        "hidden_channels": 128,
        "gat_heads": 8,
        "lr": 0.0001,
        "weight_decay": 0.0001,
        "n_epochs": 300,
        "patience": 30,
        "seed": 42,
        "output_dir": "results"
    },
    "model_name": "GAT_politifact_11_shot_roberta_knn_8_smpf10",
    "training_history": {
        "final_train_loss": 0.2730332314968109,
        "final_train_acc": 0.9545454545454546,
        "final_val_loss": 0.5042672157287598,
        "final_val_acc": 0.7450980392156863,
        "final_val_f1": 0.7243243243243244,
        "best_val_f1": 0.7496201052016365,
        "best_epoch": 57,
        "total_epochs": 296,
        "training_time_seconds": 10.555654764175415
    },
    "final_test_metrics": {
        "accuracy": 0.7941176470588235,
        "precision": 0.7472222222222222,
        "recall": 0.7522437411431271,
        "f1_score": 0.7496201052016365,
        "confusion_matrix": [
            [
                62,
                11
            ],
            [
                10,
                19
            ]
        ]
    }
}