{
    "args": {
        "graph_path": "graphs_hetero/gossipcop/6_shot_roberta_hetero_knn_5_smpf10.pt",
        "model": "HAN",
        "target_node_type": "news",
        "dropout_rate": 0.0,
        "hidden_channels": 128,
        "hgt_han_heads": 4,
        "hgt_layers": 1,
        "lr": 0.0001,
        "weight_decay": 0.0001,
        "n_epochs": 300,
        "patience": 30,
        "seed": 42,
        "output_dir_base": "results_hetero"
    },
    "model_name": "HAN_gossipcop_6_shot_roberta_hetero_knn_5_smpf10",
    "training_history": {
        "final_train_loss": 0.18662363290786743,
        "final_train_acc": 1.0,
        "final_val_loss": 0.5778717994689941,
        "final_val_acc": 0.7260479041916168,
        "final_val_f1": 0.5939587395329217,
        "best_val_f1": 0.6104550661251692,
        "best_epoch": 117,
        "total_epochs_run": 300,
        "training_time_seconds": 5.877101421356201
    },
    "final_test_metrics_on_target_node": {
        "accuracy": 0.7668413173652695,
        "precision": 0.6129766114095911,
        "recall": 0.6082431185134468,
        "f1_score": 0.6104550661251692,
        "confusion_matrix": [
            [
                1871,
                298
            ],
            [
                325,
                178
            ]
        ]
    }
}