{
    "args": {
        "graph_path": "graphs/politifact/8_shot_combined_mutual_knn_4_smpf10.pt",
        "model": "GAT",
        "dropout_rate": 0.5,
        "hidden_channels": 128,
        "gat_heads": 8,
        "lr": 0.0001,
        "weight_decay": 0.0001,
        "n_epochs": 300,
        "patience": 30,
        "seed": 42,
        "output_dir": "results"
    },
    "model_name": "GAT_politifact_8_shot_combined_mutual_knn_4_smpf10",
    "training_history": {
        "final_train_loss": 0.738632321357727,
        "final_train_acc": 0.625,
        "final_val_loss": 0.6666209101676941,
        "final_val_acc": 0.6372549019607843,
        "final_val_f1": 0.6292366637194223,
        "best_val_f1": 0.7350023618327822,
        "best_epoch": 48,
        "total_epochs": 96,
        "training_time_seconds": 1.9034850597381592
    },
    "final_test_metrics": {
        "accuracy": 0.7843137254901961,
        "precision": 0.6206896551724138,
        "recall": 0.6206896551724138,
        "f1_score": 0.6206896551724138,
        "confusion_matrix": [
            [
                62,
                11
            ],
            [
                11,
                18
            ]
        ]
    }
}