{
    "args": {
        "graph_path": "graphs/gossipcop/7_shot_roberta_mutual_knn_6_smpf10.pt",
        "model": "GAT",
        "dropout_rate": 0.5,
        "hidden_channels": 128,
        "gat_heads": 8,
        "lr": 0.0001,
        "weight_decay": 0.0001,
        "n_epochs": 300,
        "patience": 30,
        "seed": 42,
        "output_dir": "results"
    },
    "model_name": "GAT_gossipcop_7_shot_roberta_mutual_knn_6_smpf10",
    "training_history": {
        "final_train_loss": 0.7563143372535706,
        "final_train_acc": 0.42857142857142855,
        "final_val_loss": 0.6309336423873901,
        "final_val_acc": 0.8061377245508982,
        "final_val_f1": 0.45199075100566977,
        "best_val_f1": 0.5086316761845568,
        "best_epoch": 22,
        "total_epochs": 74,
        "training_time_seconds": 3.7438597679138184
    },
    "final_test_metrics": {
        "accuracy": 0.6137724550898204,
        "precision": 0.5217089566819333,
        "recall": 0.5322843941422923,
        "f1_score": 0.5086316761845568,
        "confusion_matrix": [
            [
                1438,
                731
            ],
            [
                301,
                202
            ]
        ]
    }
}