{
    "args": {
        "graph_path": "graphs/politifact/3_shot_combined_knn_3_smpf10.pt",
        "model": "GAT",
        "dropout_rate": 0.5,
        "hidden_channels": 128,
        "gat_heads": 8,
        "lr": 0.0001,
        "weight_decay": 0.0001,
        "n_epochs": 300,
        "patience": 30,
        "seed": 42,
        "output_dir": "results"
    },
    "model_name": "GAT_politifact_3_shot_combined_knn_3_smpf10",
    "training_history": {
        "final_train_loss": 0.4377683103084564,
        "final_train_acc": 0.8333333333333334,
        "final_val_loss": 0.6003684401512146,
        "final_val_acc": 0.7254901960784313,
        "final_val_f1": 0.6994949494949495,
        "best_val_f1": 0.7310558294164852,
        "best_epoch": 130,
        "total_epochs": 199,
        "training_time_seconds": 3.475271463394165
    },
    "final_test_metrics": {
        "accuracy": 0.7745098039215687,
        "precision": 0.59375,
        "recall": 0.6551724137931034,
        "f1_score": 0.6229508196721312,
        "confusion_matrix": [
            [
                60,
                13
            ],
            [
                10,
                19
            ]
        ]
    }
}