{
  "accuracy": 0.18824850299401197,
  "f1": 0.1584251968503937,
  "precision": 0.09412425149700598,
  "recall": 0.5,
  "confusion_matrix": [
    [
      0,
      2169
    ],
    [
      0,
      503
    ]
  ]
}