{
    "args": {
        "graph_path": "graphs/gossipcop/8_shot_roberta_mutual_knn_3_smpf10.pt",
        "model": "GAT",
        "dropout_rate": 0.5,
        "hidden_channels": 128,
        "gat_heads": 8,
        "lr": 0.0001,
        "weight_decay": 0.0001,
        "n_epochs": 300,
        "patience": 30,
        "seed": 42,
        "output_dir": "results"
    },
    "model_name": "GAT_gossipcop_8_shot_roberta_mutual_knn_3_smpf10",
    "training_history": {
        "final_train_loss": 0.8857204914093018,
        "final_train_acc": 0.375,
        "final_val_loss": 0.6214695572853088,
        "final_val_acc": 0.781062874251497,
        "final_val_f1": 0.46101224680640657,
        "best_val_f1": 0.48395921902062666,
        "best_epoch": 33,
        "total_epochs": 104,
        "training_time_seconds": 7.0525062084198
    },
    "final_test_metrics": {
        "accuracy": 0.6474550898203593,
        "precision": 0.1699248120300752,
        "recall": 0.22465208747514911,
        "f1_score": 0.1934931506849315,
        "confusion_matrix": [
            [
                1617,
                552
            ],
            [
                390,
                113
            ]
        ]
    }
}