{
    "args": {
        "graph_path": "graphs/gossipcop/15_shot_roberta_knn_5_psl10.pt",
        "model": "GAT",
        "dropout_rate": 0.5,
        "hidden_channels": 128,
        "gat_heads": 8,
        "lr": 0.0001,
        "weight_decay": 0.0001,
        "n_epochs": 300,
        "patience": 30,
        "seed": 42,
        "output_dir": "results"
    },
    "model_name": "GAT_gossipcop_15_shot_roberta_knn_5_psl10",
    "training_history": {
        "final_train_loss": 0.6472291946411133,
        "final_train_acc": 0.6666666666666666,
        "final_val_loss": 0.6267939805984497,
        "final_val_acc": 0.7305389221556886,
        "final_val_f1": 0.4865131772103923,
        "best_val_f1": 0.5005410200163409,
        "best_epoch": 61,
        "total_epochs": 91,
        "training_time_seconds": 3.9210691452026367
    },
    "final_test_metrics": {
        "accuracy": 0.7750748502994012,
        "precision": 0.5274908349607702,
        "recall": 0.5117671105684931,
        "f1_score": 0.5005410200163409,
        "confusion_matrix": [
            [
                2026,
                143
            ],
            [
                458,
                45
            ]
        ]
    }
}