{
    "args": {
        "graph_path": "graphs/politifact/15_shot_bert_knn_6_smpf10.pt",
        "model": "GAT",
        "dropout_rate": 0.5,
        "hidden_channels": 128,
        "gat_heads": 8,
        "lr": 0.0001,
        "weight_decay": 0.0001,
        "n_epochs": 300,
        "patience": 30,
        "seed": 42,
        "output_dir": "results"
    },
    "model_name": "GAT_politifact_15_shot_bert_knn_6_smpf10",
    "training_history": {
        "final_train_loss": 0.2809467613697052,
        "final_train_acc": 0.9333333333333333,
        "final_val_loss": 0.6830793619155884,
        "final_val_acc": 0.7352941176470589,
        "final_val_f1": 0.7211139240506329,
        "best_val_f1": 0.7483552631578947,
        "best_epoch": 40,
        "total_epochs": 74,
        "training_time_seconds": 2.106546640396118
    },
    "final_test_metrics": {
        "accuracy": 0.7647058823529411,
        "precision": 0.7493230174081238,
        "recall": 0.8044402456306093,
        "f1_score": 0.7483552631578947,
        "confusion_matrix": [
            [
                52,
                21
            ],
            [
                3,
                26
            ]
        ]
    }
}