{
    "args": {
        "graph_path": "graphs/politifact/12_shot_roberta_mutual_knn_3_smpf10.pt",
        "model": "GAT",
        "dropout_rate": 0.5,
        "hidden_channels": 128,
        "gat_heads": 8,
        "lr": 0.0001,
        "weight_decay": 0.0001,
        "n_epochs": 300,
        "patience": 30,
        "seed": 42,
        "output_dir": "results"
    },
    "model_name": "GAT_politifact_12_shot_roberta_mutual_knn_3_smpf10",
    "training_history": {
        "final_train_loss": 0.9084253311157227,
        "final_train_acc": 0.5416666666666666,
        "final_val_loss": 0.6311092972755432,
        "final_val_acc": 0.7647058823529411,
        "final_val_f1": 0.7166666666666667,
        "best_val_f1": 0.7301587301587301,
        "best_epoch": 70,
        "total_epochs": 100,
        "training_time_seconds": 1.9314534664154053
    },
    "final_test_metrics": {
        "accuracy": 0.8235294117647058,
        "precision": 0.9230769230769231,
        "recall": 0.41379310344827586,
        "f1_score": 0.5714285714285714,
        "confusion_matrix": [
            [
                72,
                1
            ],
            [
                17,
                12
            ]
        ]
    }
}