{
    "args": {
        "graph_path": "graphs/gossipcop/3_shot_roberta_mutual_knn_5_smpf10.pt",
        "model": "GAT",
        "dropout_rate": 0.5,
        "hidden_channels": 128,
        "gat_heads": 8,
        "lr": 0.0001,
        "weight_decay": 0.0001,
        "n_epochs": 300,
        "patience": 30,
        "seed": 42,
        "output_dir": "results"
    },
    "model_name": "GAT_gossipcop_3_shot_roberta_mutual_knn_5_smpf10",
    "training_history": {
        "final_train_loss": 0.7005934119224548,
        "final_train_acc": 0.6666666666666666,
        "final_val_loss": 0.6539774537086487,
        "final_val_acc": 0.6388473053892215,
        "final_val_f1": 0.5466455820502257,
        "best_val_f1": 0.5635594810907767,
        "best_epoch": 194,
        "total_epochs": 265,
        "training_time_seconds": 14.035861253738403
    },
    "final_test_metrics": {
        "accuracy": 0.6987275449101796,
        "precision": 0.5606529716028824,
        "recall": 0.5754504783195709,
        "f1_score": 0.5635594810907767,
        "confusion_matrix": [
            [
                1677,
                492
            ],
            [
                313,
                190
            ]
        ]
    }
}