{
    "args": {
        "graph_path": "graphs_hetero/politifact/14_shot_bigbird_hetero_knn_5_smpf10.pt",
        "model": "HAN",
        "target_node_type": "news",
        "dropout_rate": 0.0,
        "hidden_channels": 128,
        "hgt_han_heads": 4,
        "hgt_layers": 1,
        "lr": 0.0001,
        "weight_decay": 0.0001,
        "n_epochs": 300,
        "patience": 30,
        "seed": 42,
        "output_dir_base": "results_hetero"
    },
    "model_name": "HAN_politifact_14_shot_bigbird_hetero_knn_5_smpf10",
    "training_history": {
        "final_train_loss": 0.21314303576946259,
        "final_train_acc": 0.9642857142857143,
        "final_val_loss": 0.578469455242157,
        "final_val_acc": 0.6666666666666666,
        "final_val_f1": 0.625,
        "best_val_f1": 0.6725925925925926,
        "best_epoch": 3,
        "total_epochs_run": 212,
        "training_time_seconds": 4.69817852973938
    },
    "final_test_metrics_on_target_node": {
        "accuracy": 0.7450980392156863,
        "precision": 0.6825974025974026,
        "recall": 0.6660368445914029,
        "f1_score": 0.6725925925925926,
        "confusion_matrix": [
            [
                62,
                11
            ],
            [
                15,
                14
            ]
        ]
    }
}