{
    "args": {
        "graph_path": "graphs/gossipcop/4_shot_combined_knn_3_smpf10.pt",
        "model": "GAT",
        "dropout_rate": 0.5,
        "hidden_channels": 128,
        "gat_heads": 8,
        "lr": 0.0001,
        "weight_decay": 0.0001,
        "n_epochs": 300,
        "patience": 30,
        "seed": 42,
        "output_dir": "results"
    },
    "model_name": "GAT_gossipcop_4_shot_combined_knn_3_smpf10",
    "training_history": {
        "final_train_loss": 0.6119824051856995,
        "final_train_acc": 0.5,
        "final_val_loss": 0.6881992816925049,
        "final_val_acc": 0.5441616766467066,
        "final_val_f1": 0.5137724550898204,
        "best_val_f1": 0.624851335768088,
        "best_epoch": 60,
        "total_epochs": 90,
        "training_time_seconds": 1.9254589080810547
    },
    "final_test_metrics": {
        "accuracy": 0.7877994011976048,
        "precision": 0.4215686274509804,
        "recall": 0.341948310139165,
        "f1_score": 0.37760702524698136,
        "confusion_matrix": [
            [
                1933,
                236
            ],
            [
                331,
                172
            ]
        ]
    }
}