{
    "args": {
        "graph_path": "graphs/politifact/3_shot_roberta_mutual_knn_7.pt",
        "model": "GAT",
        "dropout_rate": 0.5,
        "hidden_channels": 128,
        "gat_heads": 8,
        "lr": 0.0001,
        "weight_decay": 0.0001,
        "n_epochs": 300,
        "patience": 30,
        "seed": 42,
        "output_dir": "results"
    },
    "model_name": "GAT_politifact_3_shot_roberta_mutual_knn_7",
    "training_history": {
        "final_train_loss": 0.2615329325199127,
        "final_train_acc": 1.0,
        "final_val_loss": 0.5500999689102173,
        "final_val_acc": 0.7254901960784313,
        "final_val_f1": 0.68125,
        "best_val_f1": 0.6912493120528344,
        "best_epoch": 82,
        "total_epochs": 174,
        "training_time_seconds": 3.016106367111206
    },
    "final_test_metrics": {
        "accuracy": 0.7843137254901961,
        "precision": 0.7058823529411765,
        "recall": 0.41379310344827586,
        "f1_score": 0.5217391304347826,
        "confusion_matrix": [
            [
                68,
                5
            ],
            [
                17,
                12
            ]
        ]
    }
}