{
    "args": {
        "graph_path": "graphs/politifact/8_shot_combined_knn_4_smpf10.pt",
        "model": "GAT",
        "dropout_rate": 0.5,
        "hidden_channels": 128,
        "gat_heads": 8,
        "lr": 0.0001,
        "weight_decay": 0.0001,
        "n_epochs": 300,
        "patience": 30,
        "seed": 42,
        "output_dir": "results"
    },
    "model_name": "GAT_politifact_8_shot_combined_knn_4_smpf10",
    "training_history": {
        "final_train_loss": 0.38536497950553894,
        "final_train_acc": 0.9375,
        "final_val_loss": 0.5778579115867615,
        "final_val_acc": 0.803921568627451,
        "final_val_f1": 0.7638888888888888,
        "best_val_f1": 0.7831837505904582,
        "best_epoch": 218,
        "total_epochs": 276,
        "training_time_seconds": 4.3260722160339355
    },
    "final_test_metrics": {
        "accuracy": 0.8235294117647058,
        "precision": 0.6896551724137931,
        "recall": 0.6896551724137931,
        "f1_score": 0.6896551724137931,
        "confusion_matrix": [
            [
                64,
                9
            ],
            [
                9,
                20
            ]
        ]
    }
}