{
    "args": {
        "graph_path": "graphs_hetero/politifact/9_shot_distilbert_hetero_knn_5_smpf10.pt",
        "model": "HAN",
        "target_node_type": "news",
        "dropout_rate": 0.0,
        "hidden_channels": 128,
        "hgt_han_heads": 4,
        "hgt_layers": 1,
        "lr": 0.0001,
        "weight_decay": 0.0001,
        "n_epochs": 300,
        "patience": 30,
        "seed": 42,
        "output_dir_base": "results_hetero"
    },
    "model_name": "HAN_politifact_9_shot_distilbert_hetero_knn_5_smpf10",
    "training_history": {
        "final_train_loss": 0.2398662567138672,
        "final_train_acc": 0.9444444444444444,
        "final_val_loss": 0.7423140406608582,
        "final_val_acc": 0.6568627450980392,
        "final_val_f1": 0.6384810126582279,
        "best_val_f1": 0.6621499548328816,
        "best_epoch": 104,
        "total_epochs_run": 134,
        "training_time_seconds": 3.2578511238098145
    },
    "final_test_metrics_on_target_node": {
        "accuracy": 0.6764705882352942,
        "precision": 0.6807692307692308,
        "recall": 0.7220122815304677,
        "f1_score": 0.6621499548328816,
        "confusion_matrix": [
            [
                45,
                28
            ],
            [
                5,
                24
            ]
        ]
    }
}