{
    "args": {
        "graph_path": "graphs_hetero/politifact/10_shot_bigbird_hetero_knn_5_smpf10.pt",
        "model": "HGT",
        "target_node_type": "news",
        "dropout_rate": 0.0,
        "hidden_channels": 128,
        "hgt_han_heads": 4,
        "hgt_layers": 1,
        "lr": 0.0001,
        "weight_decay": 0.0001,
        "n_epochs": 300,
        "patience": 30,
        "seed": 42,
        "output_dir_base": "results_hetero"
    },
    "model_name": "HGT_politifact_10_shot_bigbird_hetero_knn_5_smpf10",
    "training_history": {
        "final_train_loss": 0.0010300908470526338,
        "final_train_acc": 1.0,
        "final_val_loss": 0.8037546277046204,
        "final_val_acc": 0.7450980392156863,
        "final_val_f1": 0.7132352941176471,
        "best_val_f1": 0.7132352941176471,
        "best_epoch": 161,
        "total_epochs_run": 191,
        "training_time_seconds": 7.21417498588562
    },
    "final_test_metrics_on_target_node": {
        "accuracy": 0.7450980392156863,
        "precision": 0.7057387057387057,
        "recall": 0.7387812942843647,
        "f1_score": 0.7132352941176471,
        "confusion_matrix": [
            [
                55,
                18
            ],
            [
                8,
                21
            ]
        ]
    }
}