{
    "args": {
        "graph_path": "graphs/politifact/8_shot_combined_mutual_knn_3_smpf10.pt",
        "model": "GAT",
        "dropout_rate": 0.5,
        "hidden_channels": 128,
        "gat_heads": 8,
        "lr": 0.0001,
        "weight_decay": 0.0001,
        "n_epochs": 300,
        "patience": 30,
        "seed": 42,
        "output_dir": "results"
    },
    "model_name": "GAT_politifact_8_shot_combined_mutual_knn_3_smpf10",
    "training_history": {
        "final_train_loss": 0.5883416533470154,
        "final_train_acc": 0.75,
        "final_val_loss": 0.646728515625,
        "final_val_acc": 0.7156862745098039,
        "final_val_f1": 0.7004556962025317,
        "best_val_f1": 0.7687074829931972,
        "best_epoch": 111,
        "total_epochs": 145,
        "training_time_seconds": 2.6157774925231934
    },
    "final_test_metrics": {
        "accuracy": 0.8137254901960784,
        "precision": 0.6785714285714286,
        "recall": 0.6551724137931034,
        "f1_score": 0.6666666666666666,
        "confusion_matrix": [
            [
                64,
                9
            ],
            [
                10,
                19
            ]
        ]
    }
}