{
    "args": {
        "graph_path": "graphs_hetero/gossipcop/12_shot_roberta_hetero_knn_5_smpf10.pt",
        "model": "HGT",
        "target_node_type": "news",
        "dropout_rate": 0.0,
        "hidden_channels": 128,
        "hgt_han_heads": 4,
        "hgt_layers": 1,
        "lr": 0.0001,
        "weight_decay": 0.0001,
        "n_epochs": 300,
        "patience": 30,
        "seed": 42,
        "output_dir_base": "results_hetero"
    },
    "model_name": "HGT_gossipcop_12_shot_roberta_hetero_knn_5_smpf10",
    "training_history": {
        "final_train_loss": 0.021309012547135353,
        "final_train_acc": 1.0,
        "final_val_loss": 0.6165282130241394,
        "final_val_acc": 0.6979790419161677,
        "final_val_f1": 0.5954825750920307,
        "best_val_f1": 0.5965777554101661,
        "best_epoch": 122,
        "total_epochs_run": 170,
        "training_time_seconds": 6.319231748580933
    },
    "final_test_metrics_on_target_node": {
        "accuracy": 0.6923652694610778,
        "precision": 0.5945812445884333,
        "recall": 0.6356668655654821,
        "f1_score": 0.5965777554101661,
        "confusion_matrix": [
            [
                1576,
                593
            ],
            [
                229,
                274
            ]
        ]
    }
}