{
  "accuracy": 0.8627450980392157,
  "precision": 0.8272921108742004,
  "recall": 0.8625413320736892,
  "f1_score": 0.840625
}