{
    "args": {
        "graph_path": "graphs_hetero/politifact/14_shot_roberta_hetero_dual_knn_sim5_dis5_smpf10_mv3.pt",
        "model": "HGT",
        "target_node_type": "news",
        "dropout_rate": 0.0,
        "hidden_channels": 128,
        "hgt_han_heads": 4,
        "hgt_layers": 1,
        "lr": 0.0001,
        "weight_decay": 0.0001,
        "n_epochs": 300,
        "patience": 30,
        "seed": 42,
        "output_dir_base": "results_hetero"
    },
    "model_name": "HGT_politifact_14_shot_roberta_hetero_dual_knn_sim5_dis5_smpf10_mv3",
    "training_history": {
        "final_train_loss": 0.0011261755134910345,
        "final_train_acc": 1.0,
        "final_val_loss": 0.5385594964027405,
        "final_val_acc": 0.8235294117647058,
        "final_val_f1": 0.7950892857142857,
        "best_val_f1": 0.8047956771361027,
        "best_epoch": 169,
        "total_epochs_run": 199,
        "training_time_seconds": 11.684079885482788
    },
    "final_test_metrics_on_target_node": {
        "accuracy": 0.8333333333333334,
        "precision": 0.7941176470588236,
        "recall": 0.8212092583845063,
        "f1_score": 0.8047956771361027,
        "confusion_matrix": [
            [
                62,
                11
            ],
            [
                6,
                23
            ]
        ]
    }
}