{
    "args": {
        "graph_path": "graphs/politifact/14_shot_roberta_knn_8_smpf10.pt",
        "model": "GAT",
        "dropout_rate": 0.5,
        "hidden_channels": 128,
        "gat_heads": 8,
        "lr": 0.0001,
        "weight_decay": 0.0001,
        "n_epochs": 300,
        "patience": 30,
        "seed": 42,
        "output_dir": "results"
    },
    "model_name": "GAT_politifact_14_shot_roberta_knn_8_smpf10",
    "training_history": {
        "final_train_loss": 0.5817338228225708,
        "final_train_acc": 0.7857142857142857,
        "final_val_loss": 0.5940433144569397,
        "final_val_acc": 0.803921568627451,
        "final_val_f1": 0.7275641025641026,
        "best_val_f1": 0.7275641025641026,
        "best_epoch": 28,
        "total_epochs": 72,
        "training_time_seconds": 3.438978433609009
    },
    "final_test_metrics": {
        "accuracy": 0.803921568627451,
        "precision": 0.7780596068484464,
        "recall": 0.7071327350023618,
        "f1_score": 0.7275641025641026,
        "confusion_matrix": [
            [
                68,
                5
            ],
            [
                15,
                14
            ]
        ]
    }
}