{
    "args": {
        "graph_path": "graphs/politifact/14_shot_roberta_knn_8_smpf10.pt",
        "model": "GAT",
        "dropout_rate": 0.5,
        "hidden_channels": 128,
        "gat_heads": 8,
        "lr": 0.0001,
        "weight_decay": 0.0001,
        "n_epochs": 300,
        "patience": 30,
        "seed": 42,
        "output_dir": "results"
    },
    "model_name": "GAT_politifact_14_shot_roberta_knn_8_smpf10",
    "training_history": {
        "final_train_loss": 0.3592302203178406,
        "final_train_acc": 0.9285714285714286,
        "final_val_loss": 0.5165677666664124,
        "final_val_acc": 0.7745098039215687,
        "final_val_f1": 0.7359000337723742,
        "best_val_f1": 0.7615584415584415,
        "best_epoch": 167,
        "total_epochs": 300,
        "training_time_seconds": 4.334324598312378
    },
    "final_test_metrics": {
        "accuracy": 0.8235294117647058,
        "precision": 0.7619047619047619,
        "recall": 0.5517241379310345,
        "f1_score": 0.64,
        "confusion_matrix": [
            [
                68,
                5
            ],
            [
                13,
                16
            ]
        ]
    }
}