{
    "args": {
        "graph_path": "graphs/politifact/8_shot_roberta_mutual_knn_8.pt",
        "model": "GAT",
        "dropout_rate": 0.5,
        "hidden_channels": 128,
        "gat_heads": 8,
        "lr": 0.0001,
        "weight_decay": 0.0001,
        "n_epochs": 300,
        "patience": 30,
        "seed": 42,
        "output_dir": "results"
    },
    "model_name": "GAT_politifact_8_shot_roberta_mutual_knn_8",
    "training_history": {
        "final_train_loss": 0.4082995355129242,
        "final_train_acc": 0.875,
        "final_val_loss": 0.6076509952545166,
        "final_val_acc": 0.7352941176470589,
        "final_val_f1": 0.7153488372093023,
        "best_val_f1": 0.7481481481481482,
        "best_epoch": 88,
        "total_epochs": 158,
        "training_time_seconds": 2.9689548015594482
    },
    "final_test_metrics": {
        "accuracy": 0.803921568627451,
        "precision": 0.68,
        "recall": 0.5862068965517241,
        "f1_score": 0.6296296296296297,
        "confusion_matrix": [
            [
                65,
                8
            ],
            [
                12,
                17
            ]
        ]
    }
}