{
    "args": {
        "graph_path": "graphs/gossipcop/10_shot_combined_knn_5_smpf10.pt",
        "model": "GAT",
        "dropout_rate": 0.5,
        "hidden_channels": 128,
        "gat_heads": 8,
        "lr": 0.0001,
        "weight_decay": 0.0001,
        "n_epochs": 300,
        "patience": 30,
        "seed": 42,
        "output_dir": "results"
    },
    "model_name": "GAT_gossipcop_10_shot_combined_knn_5_smpf10",
    "training_history": {
        "final_train_loss": 0.5058885216712952,
        "final_train_acc": 0.95,
        "final_val_loss": 0.6097250580787659,
        "final_val_acc": 0.7286676646706587,
        "final_val_f1": 0.5853190262831788,
        "best_val_f1": 0.5972146857292282,
        "best_epoch": 85,
        "total_epochs": 209,
        "training_time_seconds": 6.075923919677734
    },
    "final_test_metrics": {
        "accuracy": 0.7616017964071856,
        "precision": 0.600792344909992,
        "recall": 0.594326617519411,
        "f1_score": 0.5972146857292282,
        "confusion_matrix": [
            [
                1871,
                298
            ],
            [
                339,
                164
            ]
        ]
    }
}