{
    "args": {
        "graph_path": "graphs/gossipcop/10_shot_combined_knn_5_smpf10.pt",
        "model": "GAT",
        "dropout_rate": 0.5,
        "hidden_channels": 128,
        "gat_heads": 8,
        "lr": 0.0001,
        "weight_decay": 0.0001,
        "n_epochs": 300,
        "patience": 30,
        "seed": 42,
        "output_dir": "results"
    },
    "model_name": "GAT_gossipcop_10_shot_combined_knn_5_smpf10",
    "training_history": {
        "final_train_loss": 0.5740660429000854,
        "final_train_acc": 0.9,
        "final_val_loss": 0.6192227602005005,
        "final_val_acc": 0.7376497005988024,
        "final_val_f1": 0.589558938538978,
        "best_val_f1": 0.5927302080476324,
        "best_epoch": 154,
        "total_epochs": 231,
        "training_time_seconds": 3.8108341693878174
    },
    "final_test_metrics": {
        "accuracy": 0.7331586826347305,
        "precision": 0.325,
        "recall": 0.38767395626242546,
        "f1_score": 0.3535811423390752,
        "confusion_matrix": [
            [
                1764,
                405
            ],
            [
                308,
                195
            ]
        ]
    }
}