{
  "accuracy": 0.6545658682634731,
  "f1": 0.5450436581776739,
  "precision": 0.5493423335209443,
  "recall": 0.5703909324138159,
  "confusion_matrix": [
    [
      1530,
      639
    ],
    [
      284,
      219
    ]
  ]
}