{
    "args": {
        "graph_path": "graphs/politifact/3_shot_roberta_knn_6_smpf10.pt",
        "model": "GAT",
        "dropout_rate": 0.5,
        "hidden_channels": 128,
        "gat_heads": 8,
        "lr": 0.0001,
        "weight_decay": 0.0001,
        "n_epochs": 300,
        "patience": 30,
        "seed": 42,
        "output_dir": "results"
    },
    "model_name": "GAT_politifact_3_shot_roberta_knn_6_smpf10",
    "training_history": {
        "final_train_loss": 0.23774994909763336,
        "final_train_acc": 1.0,
        "final_val_loss": 0.5669670701026917,
        "final_val_acc": 0.6764705882352942,
        "final_val_f1": 0.6386473429951691,
        "best_val_f1": 0.6640316205533596,
        "best_epoch": 148,
        "total_epochs": 199,
        "training_time_seconds": 8.069441795349121
    },
    "final_test_metrics": {
        "accuracy": 0.7058823529411765,
        "precision": 0.6586278586278587,
        "recall": 0.680207841284837,
        "f1_score": 0.6640316205533596,
        "confusion_matrix": [
            [
                54,
                19
            ],
            [
                11,
                18
            ]
        ]
    }
}