{
    "args": {
        "graph_path": "graphs/politifact/10_shot_roberta_mutual_knn_3.pt",
        "model": "GAT",
        "dropout_rate": 0.5,
        "hidden_channels": 128,
        "gat_heads": 8,
        "lr": 0.0001,
        "weight_decay": 0.0001,
        "n_epochs": 300,
        "patience": 30,
        "seed": 42,
        "output_dir": "results"
    },
    "model_name": "GAT_politifact_10_shot_roberta_mutual_knn_3",
    "training_history": {
        "final_train_loss": 0.6213218569755554,
        "final_train_acc": 0.85,
        "final_val_loss": 0.651833176612854,
        "final_val_acc": 0.6764705882352942,
        "final_val_f1": 0.6480184042664436,
        "best_val_f1": 0.6721174004192872,
        "best_epoch": 38,
        "total_epochs": 68,
        "training_time_seconds": 1.6227810382843018
    },
    "final_test_metrics": {
        "accuracy": 0.7745098039215687,
        "precision": 0.6875,
        "recall": 0.3793103448275862,
        "f1_score": 0.4888888888888889,
        "confusion_matrix": [
            [
                68,
                5
            ],
            [
                18,
                11
            ]
        ]
    }
}