{
    "args": {
        "graph_path": "graphs/politifact/7_shot_roberta_mutual_knn_3.pt",
        "model": "GAT",
        "dropout_rate": 0.5,
        "hidden_channels": 128,
        "gat_heads": 8,
        "lr": 0.0001,
        "weight_decay": 0.0001,
        "n_epochs": 300,
        "patience": 30,
        "seed": 42,
        "output_dir": "results"
    },
    "model_name": "GAT_politifact_7_shot_roberta_mutual_knn_3",
    "training_history": {
        "final_train_loss": 0.7508025765419006,
        "final_train_acc": 0.5,
        "final_val_loss": 0.581217885017395,
        "final_val_acc": 0.7450980392156863,
        "final_val_f1": 0.7209595959595959,
        "best_val_f1": 0.7390191897654584,
        "best_epoch": 209,
        "total_epochs": 273,
        "training_time_seconds": 4.368038654327393
    },
    "final_test_metrics": {
        "accuracy": 0.7647058823529411,
        "precision": 0.5609756097560976,
        "recall": 0.7931034482758621,
        "f1_score": 0.6571428571428571,
        "confusion_matrix": [
            [
                55,
                18
            ],
            [
                6,
                23
            ]
        ]
    }
}