{
    "args": {
        "graph_path": "graphs/gossipcop/10_shot_roberta_mutual_knn_4_smpf10.pt",
        "model": "GAT",
        "dropout_rate": 0.5,
        "hidden_channels": 128,
        "gat_heads": 8,
        "lr": 0.0001,
        "weight_decay": 0.0001,
        "n_epochs": 300,
        "patience": 30,
        "seed": 42,
        "output_dir": "results"
    },
    "model_name": "GAT_gossipcop_10_shot_roberta_mutual_knn_4_smpf10",
    "training_history": {
        "final_train_loss": 0.6809641122817993,
        "final_train_acc": 0.7,
        "final_val_loss": 0.6076282262802124,
        "final_val_acc": 0.7024700598802395,
        "final_val_f1": 0.5285182073730622,
        "best_val_f1": 0.5334647303932498,
        "best_epoch": 140,
        "total_epochs": 292,
        "training_time_seconds": 16.039101600646973
    },
    "final_test_metrics": {
        "accuracy": 0.6702844311377245,
        "precision": 0.5342417785354073,
        "recall": 0.5441876174946632,
        "f1_score": 0.5334647303932498,
        "confusion_matrix": [
            [
                1619,
                550
            ],
            [
                331,
                172
            ]
        ]
    }
}