{
    "args": {
        "graph_path": "graphs/gossipcop/11_shot_combined_knn_4_smpf10.pt",
        "model": "GAT",
        "dropout_rate": 0.5,
        "hidden_channels": 128,
        "gat_heads": 8,
        "lr": 0.0001,
        "weight_decay": 0.0001,
        "n_epochs": 300,
        "patience": 30,
        "seed": 42,
        "output_dir": "results"
    },
    "model_name": "GAT_gossipcop_11_shot_combined_knn_4_smpf10",
    "training_history": {
        "final_train_loss": 0.7553592920303345,
        "final_train_acc": 0.45454545454545453,
        "final_val_loss": 0.6422045826911926,
        "final_val_acc": 0.8125,
        "final_val_f1": 0.46357830049299575,
        "best_val_f1": 0.5021850630860014,
        "best_epoch": 4,
        "total_epochs": 52,
        "training_time_seconds": 1.3830819129943848
    },
    "final_test_metrics": {
        "accuracy": 0.5916916167664671,
        "precision": 0.21621621621621623,
        "recall": 0.44532803180914515,
        "f1_score": 0.29109811565951915,
        "confusion_matrix": [
            [
                1357,
                812
            ],
            [
                279,
                224
            ]
        ]
    }
}