{
  "accuracy": 0.5588235294117647,
  "f1": 0.5584415584415584,
  "precision": 0.6616071428571428,
  "recall": 0.6709966934341048,
  "confusion_matrix": [
    [
      30,
      43
    ],
    [
      2,
      27
    ]
  ]
}