{
    "args": {
        "graph_path": "graphs/politifact/11_shot_roberta_knn_4_smpf10.pt",
        "model": "GAT",
        "dropout_rate": 0.5,
        "hidden_channels": 128,
        "gat_heads": 8,
        "lr": 0.0001,
        "weight_decay": 0.0001,
        "n_epochs": 300,
        "patience": 30,
        "seed": 42,
        "output_dir": "results"
    },
    "model_name": "GAT_politifact_11_shot_roberta_knn_4_smpf10",
    "training_history": {
        "final_train_loss": 0.44365301728248596,
        "final_train_acc": 0.8181818181818182,
        "final_val_loss": 0.5325745344161987,
        "final_val_acc": 0.7450980392156863,
        "final_val_f1": 0.7132352941176471,
        "best_val_f1": 0.7312252964426877,
        "best_epoch": 296,
        "total_epochs": 300,
        "training_time_seconds": 3.945190191268921
    },
    "final_test_metrics": {
        "accuracy": 0.7647058823529411,
        "precision": 0.5675675675675675,
        "recall": 0.7241379310344828,
        "f1_score": 0.6363636363636364,
        "confusion_matrix": [
            [
                57,
                16
            ],
            [
                8,
                21
            ]
        ]
    }
}