{
    "args": {
        "graph_path": "graphs/gossipcop/14_shot_roberta_mutual_knn_6_smpf10.pt",
        "model": "GAT",
        "dropout_rate": 0.5,
        "hidden_channels": 128,
        "gat_heads": 8,
        "lr": 0.0001,
        "weight_decay": 0.0001,
        "n_epochs": 300,
        "patience": 30,
        "seed": 42,
        "output_dir": "results"
    },
    "model_name": "GAT_gossipcop_14_shot_roberta_mutual_knn_6_smpf10",
    "training_history": {
        "final_train_loss": 0.6523774266242981,
        "final_train_acc": 0.6071428571428571,
        "final_val_loss": 0.658767580986023,
        "final_val_acc": 0.6283682634730539,
        "final_val_f1": 0.47233529718845557,
        "best_val_f1": 0.4907253947839461,
        "best_epoch": 78,
        "total_epochs": 108,
        "training_time_seconds": 6.489406108856201
    },
    "final_test_metrics": {
        "accuracy": 0.7417664670658682,
        "precision": 0.4958661324128789,
        "recall": 0.4973588620421317,
        "f1_score": 0.4907253947839461,
        "confusion_matrix": [
            [
                1929,
                240
            ],
            [
                450,
                53
            ]
        ]
    }
}