{
    "args": {
        "graph_path": "graphs/gossipcop/6_shot_combined_knn_3_smpf10.pt",
        "model": "GAT",
        "dropout_rate": 0.5,
        "hidden_channels": 128,
        "gat_heads": 8,
        "lr": 0.0001,
        "weight_decay": 0.0001,
        "n_epochs": 300,
        "patience": 30,
        "seed": 42,
        "output_dir": "results"
    },
    "model_name": "GAT_gossipcop_6_shot_combined_knn_3_smpf10",
    "training_history": {
        "final_train_loss": 0.5401092171669006,
        "final_train_acc": 0.75,
        "final_val_loss": 0.6132683753967285,
        "final_val_acc": 0.8207335329341318,
        "final_val_f1": 0.5586749849919124,
        "best_val_f1": 0.597388247112004,
        "best_epoch": 116,
        "total_epochs": 160,
        "training_time_seconds": 2.6894373893737793
    },
    "final_test_metrics": {
        "accuracy": 0.811377245508982,
        "precision": 0.497737556561086,
        "recall": 0.21868787276341947,
        "f1_score": 0.30386740331491713,
        "confusion_matrix": [
            [
                2058,
                111
            ],
            [
                393,
                110
            ]
        ]
    }
}