{
    "args": {
        "graph_path": "graphs/politifact/5_shot_distilbert_knn_7_smpf10.pt",
        "model": "GAT",
        "dropout_rate": 0.5,
        "hidden_channels": 128,
        "gat_heads": 8,
        "lr": 0.0001,
        "weight_decay": 0.0001,
        "n_epochs": 300,
        "patience": 30,
        "seed": 42,
        "output_dir": "results"
    },
    "model_name": "GAT_politifact_5_shot_distilbert_knn_7_smpf10",
    "training_history": {
        "final_train_loss": 0.3326960504055023,
        "final_train_acc": 0.9,
        "final_val_loss": 0.602842390537262,
        "final_val_acc": 0.6764705882352942,
        "final_val_f1": 0.6141235813366961,
        "best_val_f1": 0.650027670171555,
        "best_epoch": 19,
        "total_epochs": 55,
        "training_time_seconds": 2.3240408897399902
    },
    "final_test_metrics": {
        "accuracy": 0.696078431372549,
        "precision": 0.6452020202020202,
        "recall": 0.6629664619744922,
        "f1_score": 0.650027670171555,
        "confusion_matrix": [
            [
                54,
                19
            ],
            [
                12,
                17
            ]
        ]
    }
}