{
    "args": {
        "graph_path": "graphs/gossipcop/5_shot_combined_knn_7_smpf10.pt",
        "model": "GAT",
        "dropout_rate": 0.5,
        "hidden_channels": 128,
        "gat_heads": 8,
        "lr": 0.0001,
        "weight_decay": 0.0001,
        "n_epochs": 300,
        "patience": 30,
        "seed": 42,
        "output_dir": "results"
    },
    "model_name": "GAT_gossipcop_5_shot_combined_knn_7_smpf10",
    "training_history": {
        "final_train_loss": 0.43477144837379456,
        "final_train_acc": 0.9,
        "final_val_loss": 0.5856491327285767,
        "final_val_acc": 0.8012724550898204,
        "final_val_f1": 0.5811708237211135,
        "best_val_f1": 0.6079375873527884,
        "best_epoch": 134,
        "total_epochs": 240,
        "training_time_seconds": 3.96905517578125
    },
    "final_test_metrics": {
        "accuracy": 0.7705838323353293,
        "precision": 0.37723214285714285,
        "recall": 0.3359840954274354,
        "f1_score": 0.35541535226077814,
        "confusion_matrix": [
            [
                1890,
                279
            ],
            [
                334,
                169
            ]
        ]
    }
}