{
    "args": {
        "graph_path": "graphs/politifact/3_shot_combined_knn_7_smpf10.pt",
        "model": "GAT",
        "dropout_rate": 0.5,
        "hidden_channels": 128,
        "gat_heads": 8,
        "lr": 0.0001,
        "weight_decay": 0.0001,
        "n_epochs": 300,
        "patience": 30,
        "seed": 42,
        "output_dir": "results"
    },
    "model_name": "GAT_politifact_3_shot_combined_knn_7_smpf10",
    "training_history": {
        "final_train_loss": 0.5843561291694641,
        "final_train_acc": 1.0,
        "final_val_loss": 0.6441147923469543,
        "final_val_acc": 0.6862745098039216,
        "final_val_f1": 0.6761904761904762,
        "best_val_f1": 0.745115856428896,
        "best_epoch": 23,
        "total_epochs": 79,
        "training_time_seconds": 3.745875835418701
    },
    "final_test_metrics": {
        "accuracy": 0.7843137254901961,
        "precision": 0.7378129117259552,
        "recall": 0.7557864903164856,
        "f1_score": 0.745115856428896,
        "confusion_matrix": [
            [
                60,
                13
            ],
            [
                9,
                20
            ]
        ]
    }
}