{
  "accuracy": 0.28431372549019607,
  "f1": 0.22137404580152673,
  "precision": 0.14215686274509803,
  "recall": 0.5,
  "confusion_matrix": [
    [
      0,
      73
    ],
    [
      0,
      29
    ]
  ]
}