{
    "args": {
        "graph_path": "graphs/politifact/14_shot_bert_knn_8_smpf10.pt",
        "model": "GAT",
        "dropout_rate": 0.5,
        "hidden_channels": 128,
        "gat_heads": 8,
        "lr": 0.0001,
        "weight_decay": 0.0001,
        "n_epochs": 300,
        "patience": 30,
        "seed": 42,
        "output_dir": "results"
    },
    "model_name": "GAT_politifact_14_shot_bert_knn_8_smpf10",
    "training_history": {
        "final_train_loss": 0.2364386022090912,
        "final_train_acc": 0.9642857142857143,
        "final_val_loss": 0.7381143569946289,
        "final_val_acc": 0.696078431372549,
        "final_val_f1": 0.6826257151460403,
        "best_val_f1": 0.739237140811944,
        "best_epoch": 34,
        "total_epochs": 74,
        "training_time_seconds": 2.2325713634490967
    },
    "final_test_metrics": {
        "accuracy": 0.7549019607843137,
        "precision": 0.7430555555555556,
        "recall": 0.7975909305621163,
        "f1_score": 0.739237140811944,
        "confusion_matrix": [
            [
                51,
                22
            ],
            [
                3,
                26
            ]
        ]
    }
}