{
    "args": {
        "graph_path": "graphs/gossipcop/8_shot_distilbert_knn_5_smpf10.pt",
        "model": "GAT",
        "dropout_rate": 0.5,
        "hidden_channels": 128,
        "gat_heads": 8,
        "lr": 0.0001,
        "weight_decay": 0.0001,
        "n_epochs": 300,
        "patience": 30,
        "seed": 42,
        "output_dir": "results"
    },
    "model_name": "GAT_gossipcop_8_shot_distilbert_knn_5_smpf10",
    "training_history": {
        "final_train_loss": 0.4324249029159546,
        "final_train_acc": 0.8125,
        "final_val_loss": 0.6576871275901794,
        "final_val_acc": 0.6092814371257484,
        "final_val_f1": 0.4975547479963919,
        "best_val_f1": 0.5266450671668657,
        "best_epoch": 20,
        "total_epochs": 75,
        "training_time_seconds": 3.872642993927002
    },
    "final_test_metrics": {
        "accuracy": 0.7200598802395209,
        "precision": 0.5278105626472254,
        "recall": 0.5259819597857759,
        "f1_score": 0.5266450671668657,
        "confusion_matrix": [
            [
                1816,
                353
            ],
            [
                395,
                108
            ]
        ]
    }
}