{
    "args": {
        "graph_path": "graphs/politifact/13_shot_combined_mutual_knn_5_smpf10.pt",
        "model": "GAT",
        "dropout_rate": 0.5,
        "hidden_channels": 128,
        "gat_heads": 8,
        "lr": 0.0001,
        "weight_decay": 0.0001,
        "n_epochs": 300,
        "patience": 30,
        "seed": 42,
        "output_dir": "results"
    },
    "model_name": "GAT_politifact_13_shot_combined_mutual_knn_5_smpf10",
    "training_history": {
        "final_train_loss": 0.6039068698883057,
        "final_train_acc": 0.7307692307692307,
        "final_val_loss": 0.5446482300758362,
        "final_val_acc": 0.8137254901960784,
        "final_val_f1": 0.7734658094681472,
        "best_val_f1": 0.7930540637307555,
        "best_epoch": 207,
        "total_epochs": 259,
        "training_time_seconds": 3.6383860111236572
    },
    "final_test_metrics": {
        "accuracy": 0.8333333333333334,
        "precision": 0.7142857142857143,
        "recall": 0.6896551724137931,
        "f1_score": 0.7017543859649122,
        "confusion_matrix": [
            [
                65,
                8
            ],
            [
                9,
                20
            ]
        ]
    }
}