{
  "accuracy": 0.8627450980392157,
  "precision": 0.8282744282744283,
  "recall": 0.8729333963155408,
  "f1_score": 0.8432147562582345
}