{
    "args": {
        "graph_path": "graphs/gossipcop/4_shot_combined_mutual_knn_6_smpf10.pt",
        "model": "GAT",
        "dropout_rate": 0.5,
        "hidden_channels": 128,
        "gat_heads": 8,
        "lr": 0.0001,
        "weight_decay": 0.0001,
        "n_epochs": 300,
        "patience": 30,
        "seed": 42,
        "output_dir": "results"
    },
    "model_name": "GAT_gossipcop_4_shot_combined_mutual_knn_6_smpf10",
    "training_history": {
        "final_train_loss": 0.5350834131240845,
        "final_train_acc": 0.875,
        "final_val_loss": 0.6820907592773438,
        "final_val_acc": 0.5744760479041916,
        "final_val_f1": 0.534054628566696,
        "best_val_f1": 0.6078992340409798,
        "best_epoch": 110,
        "total_epochs": 140,
        "training_time_seconds": 2.4210197925567627
    },
    "final_test_metrics": {
        "accuracy": 0.7623502994011976,
        "precision": 0.36585365853658536,
        "recall": 0.35785288270377735,
        "f1_score": 0.36180904522613067,
        "confusion_matrix": [
            [
                1857,
                312
            ],
            [
                323,
                180
            ]
        ]
    }
}