{
    "args": {
        "graph_path": "graphs/gossipcop/5_shot_bert_knn_7_smpf10.pt",
        "model": "GAT",
        "dropout_rate": 0.5,
        "hidden_channels": 128,
        "gat_heads": 8,
        "lr": 0.0001,
        "weight_decay": 0.0001,
        "n_epochs": 300,
        "patience": 30,
        "seed": 42,
        "output_dir": "results"
    },
    "model_name": "GAT_gossipcop_5_shot_bert_knn_7_smpf10",
    "training_history": {
        "final_train_loss": 0.24510662257671356,
        "final_train_acc": 1.0,
        "final_val_loss": 0.7462213039398193,
        "final_val_acc": 0.5711077844311377,
        "final_val_f1": 0.4999425167224081,
        "best_val_f1": 0.5503064653314669,
        "best_epoch": 50,
        "total_epochs": 80,
        "training_time_seconds": 2.5358521938323975
    },
    "final_test_metrics": {
        "accuracy": 0.7357784431137725,
        "precision": 0.5527955933454503,
        "recall": 0.5486435925709001,
        "f1_score": 0.5503064653314669,
        "confusion_matrix": [
            [
                1841,
                328
            ],
            [
                378,
                125
            ]
        ]
    }
}