{
    "args": {
        "graph_path": "graphs/politifact/4_shot_roberta_mutual_knn_4.pt",
        "model": "GAT",
        "dropout_rate": 0.5,
        "hidden_channels": 128,
        "gat_heads": 8,
        "lr": 0.0001,
        "weight_decay": 0.0001,
        "n_epochs": 300,
        "patience": 30,
        "seed": 42,
        "output_dir": "results"
    },
    "model_name": "GAT_politifact_4_shot_roberta_mutual_knn_4",
    "training_history": {
        "final_train_loss": 1.016929030418396,
        "final_train_acc": 0.5,
        "final_val_loss": 0.5911591649055481,
        "final_val_acc": 0.7254901960784313,
        "final_val_f1": 0.638663967611336,
        "best_val_f1": 0.6713211600429645,
        "best_epoch": 62,
        "total_epochs": 132,
        "training_time_seconds": 2.2194740772247314
    },
    "final_test_metrics": {
        "accuracy": 0.7352941176470589,
        "precision": 0.5357142857142857,
        "recall": 0.5172413793103449,
        "f1_score": 0.5263157894736842,
        "confusion_matrix": [
            [
                60,
                13
            ],
            [
                14,
                15
            ]
        ]
    }
}