{
    "args": {
        "graph_path": "graphs_hetero/gossipcop/13_shot_roberta_hetero_dual_knn_sim5_dis5_smpf10_mv3.pt",
        "model": "HGT",
        "target_node_type": "news",
        "dropout_rate": 0.0,
        "hidden_channels": 128,
        "hgt_han_heads": 4,
        "hgt_layers": 1,
        "lr": 0.0001,
        "weight_decay": 0.0001,
        "n_epochs": 300,
        "patience": 30,
        "seed": 42,
        "output_dir_base": "results_hetero"
    },
    "model_name": "HGT_gossipcop_13_shot_roberta_hetero_dual_knn_sim5_dis5_smpf10_mv3",
    "training_history": {
        "final_train_loss": 0.005665569566190243,
        "final_train_acc": 1.0,
        "final_val_loss": 0.7697879076004028,
        "final_val_acc": 0.7020958083832335,
        "final_val_f1": 0.5962704245884711,
        "best_val_f1": 0.6012666667044935,
        "best_epoch": 151,
        "total_epochs_run": 181,
        "training_time_seconds": 14.37199091911316
    },
    "final_test_metrics_on_target_node": {
        "accuracy": 0.7047155688622755,
        "precision": 0.5965957378999702,
        "recall": 0.633348365317546,
        "f1_score": 0.6012666667044935,
        "confusion_matrix": [
            [
                1622,
                547
            ],
            [
                242,
                261
            ]
        ]
    }
}