{
    "args": {
        "graph_path": "graphs/politifact/4_shot_combined_knn_6.pt",
        "model": "GAT",
        "dropout_rate": 0.5,
        "hidden_channels": 128,
        "gat_heads": 8,
        "lr": 0.0001,
        "weight_decay": 0.0001,
        "n_epochs": 300,
        "patience": 30,
        "seed": 42,
        "output_dir": "results"
    },
    "model_name": "GAT_politifact_4_shot_combined_knn_6",
    "training_history": {
        "final_train_loss": 0.5869619846343994,
        "final_train_acc": 0.75,
        "final_val_loss": 0.5910066962242126,
        "final_val_acc": 0.7254901960784313,
        "final_val_f1": 0.7094017094017094,
        "best_val_f1": 0.7875,
        "best_epoch": 199,
        "total_epochs": 229,
        "training_time_seconds": 3.668290138244629
    },
    "final_test_metrics": {
        "accuracy": 0.8235294117647058,
        "precision": 0.6774193548387096,
        "recall": 0.7241379310344828,
        "f1_score": 0.7,
        "confusion_matrix": [
            [
                63,
                10
            ],
            [
                8,
                21
            ]
        ]
    }
}