{
  "accuracy": 0.8725490196078431,
  "precision": 0.8382352941176471,
  "recall": 0.8693906471421823,
  "f1_score": 0.8507261060452549
}