{
    "args": {
        "graph_path": "graphs_hetero/gossipcop/5_shot_roberta_hetero_dual_knn_sim5_dis5_smpf10.pt",
        "model": "HGT",
        "target_node_type": "news",
        "dropout_rate": 0.0,
        "hidden_channels": 128,
        "hgt_han_heads": 4,
        "hgt_layers": 1,
        "lr": 0.0001,
        "weight_decay": 0.0001,
        "n_epochs": 300,
        "patience": 30,
        "seed": 42,
        "output_dir_base": "results_hetero"
    },
    "model_name": "HGT_gossipcop_5_shot_roberta_hetero_dual_knn_sim5_dis5_smpf10",
    "training_history": {
        "final_train_loss": 0.003119612345471978,
        "final_train_acc": 1.0,
        "final_val_loss": 0.6459676027297974,
        "final_val_acc": 0.687125748502994,
        "final_val_f1": 0.5803099307089928,
        "best_val_f1": 0.5866655224266488,
        "best_epoch": 132,
        "total_epochs_run": 174,
        "training_time_seconds": 8.574570417404175
    },
    "final_test_metrics_on_target_node": {
        "accuracy": 0.6822604790419161,
        "precision": 0.5867130796562301,
        "recall": 0.625625225136044,
        "f1_score": 0.5866655224266488,
        "confusion_matrix": [
            [
                1554,
                615
            ],
            [
                234,
                269
            ]
        ]
    }
}