{
    "args": {
        "graph_path": "graphs/politifact/15_shot_roberta_mutual_knn_3.pt",
        "model": "GAT",
        "dropout_rate": 0.5,
        "hidden_channels": 128,
        "gat_heads": 8,
        "lr": 0.0001,
        "weight_decay": 0.0001,
        "n_epochs": 300,
        "patience": 30,
        "seed": 42,
        "output_dir": "results"
    },
    "model_name": "GAT_politifact_15_shot_roberta_mutual_knn_3",
    "training_history": {
        "final_train_loss": 0.6482337117195129,
        "final_train_acc": 0.6666666666666666,
        "final_val_loss": 0.5822930335998535,
        "final_val_acc": 0.7843137254901961,
        "final_val_f1": 0.7160931174089069,
        "best_val_f1": 0.722962962962963,
        "best_epoch": 89,
        "total_epochs": 139,
        "training_time_seconds": 2.7573859691619873
    },
    "final_test_metrics": {
        "accuracy": 0.7843137254901961,
        "precision": 0.64,
        "recall": 0.5517241379310345,
        "f1_score": 0.5925925925925926,
        "confusion_matrix": [
            [
                64,
                9
            ],
            [
                13,
                16
            ]
        ]
    }
}