{
  "accuracy": 0.7795658682634731,
  "f1": 0.5080864635697339,
  "precision": 0.541914231790857,
  "recall": 0.5175874215289178,
  "confusion_matrix": [
    [
      2034,
      135
    ],
    [
      454,
      49
    ]
  ]
}