{
    "args": {
        "graph_path": "graphs_hetero/gossipcop/7_shot_roberta_hetero_dual_knn_sim5_dis5_psl10.pt",
        "model": "HAN",
        "target_node_type": "news",
        "dropout_rate": 0.0,
        "hidden_channels": 128,
        "hgt_han_heads": 4,
        "hgt_layers": 1,
        "lr": 0.0001,
        "weight_decay": 0.0001,
        "n_epochs": 300,
        "patience": 30,
        "seed": 42,
        "output_dir_base": "results_hetero"
    },
    "model_name": "HAN_gossipcop_7_shot_roberta_hetero_dual_knn_sim5_dis5_psl10",
    "training_history": {
        "final_train_loss": 0.2015761137008667,
        "final_train_acc": 1.0,
        "final_val_loss": 0.5825677514076233,
        "final_val_acc": 0.7200598802395209,
        "final_val_f1": 0.6041221169623354,
        "best_val_f1": 0.6058672118094184,
        "best_epoch": 149,
        "total_epochs_run": 300,
        "training_time_seconds": 5.535747289657593
    },
    "final_test_metrics_on_target_node": {
        "accuracy": 0.7556137724550899,
        "precision": 0.6044399893076717,
        "recall": 0.607435607654213,
        "f1_score": 0.6058672118094184,
        "confusion_matrix": [
            [
                1833,
                336
            ],
            [
                317,
                186
            ]
        ]
    }
}