{
  "accuracy": 0.780688622754491,
  "precision": 0.6473560354974668,
  "recall": 0.6557116498794233,
  "f1_score": 0.6512091241201104
}