{
  "accuracy": 0.6860029940119761,
  "precision": 0.5801837311434856,
  "recall": 0.612660138752547,
  "f1_score": 0.5815460565551048
}