{
    "args": {
        "graph_path": "graphs/politifact/4_shot_combined_mutual_knn_5.pt",
        "model": "GAT",
        "dropout_rate": 0.5,
        "hidden_channels": 128,
        "gat_heads": 8,
        "lr": 0.0001,
        "weight_decay": 0.0001,
        "n_epochs": 300,
        "patience": 30,
        "seed": 42,
        "output_dir": "results"
    },
    "model_name": "GAT_politifact_4_shot_combined_mutual_knn_5",
    "training_history": {
        "final_train_loss": 0.44504475593566895,
        "final_train_acc": 0.875,
        "final_val_loss": 0.5886788964271545,
        "final_val_acc": 0.7156862745098039,
        "final_val_f1": 0.697515083341855,
        "best_val_f1": 0.7312252964426877,
        "best_epoch": 90,
        "total_epochs": 283,
        "training_time_seconds": 4.391329288482666
    },
    "final_test_metrics": {
        "accuracy": 0.7647058823529411,
        "precision": 0.5675675675675675,
        "recall": 0.7241379310344828,
        "f1_score": 0.6363636363636364,
        "confusion_matrix": [
            [
                57,
                16
            ],
            [
                8,
                21
            ]
        ]
    }
}