{
    "args": {
        "graph_path": "graphs/politifact/3_shot_bert_knn_6_smpf10.pt",
        "model": "GAT",
        "dropout_rate": 0.5,
        "hidden_channels": 128,
        "gat_heads": 8,
        "lr": 0.0001,
        "weight_decay": 0.0001,
        "n_epochs": 300,
        "patience": 30,
        "seed": 42,
        "output_dir": "results"
    },
    "model_name": "GAT_politifact_3_shot_bert_knn_6_smpf10",
    "training_history": {
        "final_train_loss": 0.049505334347486496,
        "final_train_acc": 1.0,
        "final_val_loss": 0.7763446569442749,
        "final_val_acc": 0.6764705882352942,
        "final_val_f1": 0.643545483426877,
        "best_val_f1": 0.6691176470588236,
        "best_epoch": 18,
        "total_epochs": 61,
        "training_time_seconds": 3.044822931289673
    },
    "final_test_metrics": {
        "accuracy": 0.7058823529411765,
        "precision": 0.6642246642246642,
        "recall": 0.6905999055266887,
        "f1_score": 0.6691176470588236,
        "confusion_matrix": [
            [
                53,
                20
            ],
            [
                10,
                19
            ]
        ]
    }
}