{
    "args": {
        "graph_path": "graphs/politifact/4_shot_bert_knn_5_smpf10.pt",
        "model": "GAT",
        "dropout_rate": 0.5,
        "hidden_channels": 128,
        "gat_heads": 8,
        "lr": 0.0001,
        "weight_decay": 0.0001,
        "n_epochs": 300,
        "patience": 30,
        "seed": 42,
        "output_dir": "results"
    },
    "model_name": "GAT_politifact_4_shot_bert_knn_5_smpf10",
    "training_history": {
        "final_train_loss": 0.4490649104118347,
        "final_train_acc": 0.875,
        "final_val_loss": 0.5728868246078491,
        "final_val_acc": 0.6372549019607843,
        "final_val_f1": 0.5284268399350244,
        "best_val_f1": 0.6608964805686117,
        "best_epoch": 2,
        "total_epochs": 42,
        "training_time_seconds": 2.3557350635528564
    },
    "final_test_metrics": {
        "accuracy": 0.7156862745098039,
        "precision": 0.6571428571428571,
        "recall": 0.6662730278696268,
        "f1_score": 0.6608964805686117,
        "confusion_matrix": [
            [
                57,
                16
            ],
            [
                13,
                16
            ]
        ]
    }
}