{
    "args": {
        "graph_path": "graphs_hetero/politifact/8_shot_roberta_hetero_knn_5_smpf10.pt",
        "model": "HAN",
        "target_node_type": "news",
        "dropout_rate": 0.0,
        "hidden_channels": 128,
        "hgt_han_heads": 4,
        "hgt_layers": 1,
        "lr": 0.0001,
        "weight_decay": 0.0001,
        "n_epochs": 300,
        "patience": 30,
        "seed": 42,
        "output_dir_base": "results_hetero"
    },
    "model_name": "HAN_politifact_8_shot_roberta_hetero_knn_5_smpf10",
    "training_history": {
        "final_train_loss": 0.20243848860263824,
        "final_train_acc": 1.0,
        "final_val_loss": 0.4689599871635437,
        "final_val_acc": 0.8431372549019608,
        "final_val_f1": 0.8146297137664698,
        "best_val_f1": 0.8583333333333334,
        "best_epoch": 53,
        "total_epochs_run": 300,
        "training_time_seconds": 10.307458639144897
    },
    "final_test_metrics_on_target_node": {
        "accuracy": 0.8823529411764706,
        "precision": 0.8518855065879145,
        "recall": 0.8658478979688238,
        "f1_score": 0.8583333333333334,
        "confusion_matrix": [
            [
                66,
                7
            ],
            [
                5,
                24
            ]
        ]
    }
}