{
    "args": {
        "graph_path": "graphs/gossipcop/11_shot_roberta_knn_4_smpf10.pt",
        "model": "GAT",
        "dropout_rate": 0.5,
        "hidden_channels": 128,
        "gat_heads": 8,
        "lr": 0.0001,
        "weight_decay": 0.0001,
        "n_epochs": 300,
        "patience": 30,
        "seed": 42,
        "output_dir": "results"
    },
    "model_name": "GAT_gossipcop_11_shot_roberta_knn_4_smpf10",
    "training_history": {
        "final_train_loss": 0.4631847143173218,
        "final_train_acc": 0.8181818181818182,
        "final_val_loss": 0.6329956650733948,
        "final_val_acc": 0.6654191616766467,
        "final_val_f1": 0.5295374405611594,
        "best_val_f1": 0.5329379882499612,
        "best_epoch": 282,
        "total_epochs": 300,
        "training_time_seconds": 4.700064182281494
    },
    "final_test_metrics": {
        "accuracy": 0.6773952095808383,
        "precision": 0.23718887262079064,
        "recall": 0.3220675944333996,
        "f1_score": 0.27318718381112983,
        "confusion_matrix": [
            [
                1648,
                521
            ],
            [
                341,
                162
            ]
        ]
    }
}