{
    "args": {
        "graph_path": "graphs/gossipcop/5_shot_bert_knn_5_smpf10.pt",
        "model": "GAT",
        "dropout_rate": 0.5,
        "hidden_channels": 128,
        "gat_heads": 8,
        "lr": 0.0001,
        "weight_decay": 0.0001,
        "n_epochs": 300,
        "patience": 30,
        "seed": 42,
        "output_dir": "results"
    },
    "model_name": "GAT_gossipcop_5_shot_bert_knn_5_smpf10",
    "training_history": {
        "final_train_loss": 0.44924217462539673,
        "final_train_acc": 0.8,
        "final_val_loss": 0.6285514235496521,
        "final_val_acc": 0.6530688622754491,
        "final_val_f1": 0.5334421427865077,
        "best_val_f1": 0.5459800149171898,
        "best_epoch": 25,
        "total_epochs": 55,
        "training_time_seconds": 1.7884275913238525
    },
    "final_test_metrics": {
        "accuracy": 0.7425149700598802,
        "precision": 0.5512245620491762,
        "recall": 0.5436307924697092,
        "f1_score": 0.5459800149171898,
        "confusion_matrix": [
            [
                1871,
                298
            ],
            [
                390,
                113
            ]
        ]
    }
}