{
    "args": {
        "graph_path": "graphs/politifact/13_shot_distilbert_knn_5_smpf10.pt",
        "model": "GAT",
        "dropout_rate": 0.5,
        "hidden_channels": 128,
        "gat_heads": 8,
        "lr": 0.0001,
        "weight_decay": 0.0001,
        "n_epochs": 300,
        "patience": 30,
        "seed": 42,
        "output_dir": "results"
    },
    "model_name": "GAT_politifact_13_shot_distilbert_knn_5_smpf10",
    "training_history": {
        "final_train_loss": 0.5148233771324158,
        "final_train_acc": 0.8461538461538461,
        "final_val_loss": 0.6255640983581543,
        "final_val_acc": 0.7156862745098039,
        "final_val_f1": 0.697515083341855,
        "best_val_f1": 0.7183761120768994,
        "best_epoch": 37,
        "total_epochs": 71,
        "training_time_seconds": 2.756131649017334
    },
    "final_test_metrics": {
        "accuracy": 0.7352941176470589,
        "precision": 0.7233796296296297,
        "recall": 0.7735002361832781,
        "f1_score": 0.7183761120768994,
        "confusion_matrix": [
            [
                50,
                23
            ],
            [
                4,
                25
            ]
        ]
    }
}