{
  "accuracy": 0.7941176470588235,
  "precision": 0.7557565789473684,
  "recall": 0.7938119981105338,
  "f1_score": 0.7666412463231289
}