{
    "args": {
        "graph_path": "graphs/gossipcop/10_shot_combined_mutual_knn_5_smpf10.pt",
        "model": "GAT",
        "dropout_rate": 0.5,
        "hidden_channels": 128,
        "gat_heads": 8,
        "lr": 0.0001,
        "weight_decay": 0.0001,
        "n_epochs": 300,
        "patience": 30,
        "seed": 42,
        "output_dir": "results"
    },
    "model_name": "GAT_gossipcop_10_shot_combined_mutual_knn_5_smpf10",
    "training_history": {
        "final_train_loss": 0.704044759273529,
        "final_train_acc": 0.55,
        "final_val_loss": 0.6760740280151367,
        "final_val_acc": 0.6590568862275449,
        "final_val_f1": 0.5597587581473925,
        "best_val_f1": 0.5687326413756241,
        "best_epoch": 58,
        "total_epochs": 88,
        "training_time_seconds": 1.8885233402252197
    },
    "final_test_metrics": {
        "accuracy": 0.7406437125748503,
        "precision": 0.3029045643153527,
        "recall": 0.29025844930417494,
        "f1_score": 0.29644670050761424,
        "confusion_matrix": [
            [
                1833,
                336
            ],
            [
                357,
                146
            ]
        ]
    }
}