{
    "model": "LSTM_politifact_bert_6_shot",
    "dataset": "politifact",
    "embedding": "bert",
    "k_shot": 6,
    "training_time": 0.5375304222106934,
    "best_epoch": 0,
    "final_train_accuracy": 0.8181818181818182,
    "final_train_loss": 0.6078647971153259,
    "final_val_accuracy": 0.0,
    "final_val_loss": 0.8938826322555542,
    "final_val_f1": 0.0,
    "test_metrics": {
        "accuracy": 0.7156862745098039,
        "precision": 0.35784313725490197,
        "recall": 0.5,
        "f1_score": 0.41714285714285715,
        "confusion_matrix": [
            [
                73,
                0
            ],
            [
                29,
                0
            ]
        ]
    }
}