{
    "args": {
        "graph_path": "graphs/gossipcop/14_shot_roberta_knn_6_smpf10.pt",
        "model": "GAT",
        "dropout_rate": 0.5,
        "hidden_channels": 128,
        "gat_heads": 8,
        "lr": 0.0001,
        "weight_decay": 0.0001,
        "n_epochs": 300,
        "patience": 30,
        "seed": 42,
        "output_dir": "results"
    },
    "model_name": "GAT_gossipcop_14_shot_roberta_knn_6_smpf10",
    "training_history": {
        "final_train_loss": 0.5868157148361206,
        "final_train_acc": 0.7142857142857143,
        "final_val_loss": 0.6403871774673462,
        "final_val_acc": 0.6938622754491018,
        "final_val_f1": 0.4815076987600949,
        "best_val_f1": 0.5004692232945419,
        "best_epoch": 60,
        "total_epochs": 90,
        "training_time_seconds": 2.5114803314208984
    },
    "final_test_metrics": {
        "accuracy": 0.7728293413173652,
        "precision": 0.5250609937028123,
        "recall": 0.5111474995119188,
        "f1_score": 0.5004692232945419,
        "confusion_matrix": [
            [
                2019,
                150
            ],
            [
                457,
                46
            ]
        ]
    }
}