{
    "args": {
        "graph_path": "graphs/gossipcop/14_shot_roberta_knn_6_smpf10.pt",
        "model": "GAT",
        "dropout_rate": 0.5,
        "hidden_channels": 128,
        "gat_heads": 8,
        "lr": 0.0001,
        "weight_decay": 0.0001,
        "n_epochs": 300,
        "patience": 30,
        "seed": 42,
        "output_dir": "results"
    },
    "model_name": "GAT_gossipcop_14_shot_roberta_knn_6_smpf10",
    "training_history": {
        "final_train_loss": 0.793657660484314,
        "final_train_acc": 0.39285714285714285,
        "final_val_loss": 0.5738812685012817,
        "final_val_acc": 0.8110029940119761,
        "final_val_f1": 0.44781979747881795,
        "best_val_f1": 0.4496489933231493,
        "best_epoch": 1,
        "total_epochs": 45,
        "training_time_seconds": 1.5304396152496338
    },
    "final_test_metrics": {
        "accuracy": 0.7844311377245509,
        "precision": 0.07058823529411765,
        "recall": 0.011928429423459244,
        "f1_score": 0.02040816326530612,
        "confusion_matrix": [
            [
                2090,
                79
            ],
            [
                497,
                6
            ]
        ]
    }
}