{
    "args": {
        "graph_path": "graphs/gossipcop/7_shot_roberta_mutual_knn_3_smpf10.pt",
        "model": "GAT",
        "dropout_rate": 0.5,
        "hidden_channels": 128,
        "gat_heads": 8,
        "lr": 0.0001,
        "weight_decay": 0.0001,
        "n_epochs": 300,
        "patience": 30,
        "seed": 42,
        "output_dir": "results"
    },
    "model_name": "GAT_gossipcop_7_shot_roberta_mutual_knn_3_smpf10",
    "training_history": {
        "final_train_loss": 0.5413559079170227,
        "final_train_acc": 0.6428571428571429,
        "final_val_loss": 0.5883073210716248,
        "final_val_acc": 0.7874251497005988,
        "final_val_f1": 0.5025741535839533,
        "best_val_f1": 0.556592997089999,
        "best_epoch": 158,
        "total_epochs": 214,
        "training_time_seconds": 14.896199226379395
    },
    "final_test_metrics": {
        "accuracy": 0.7234281437125748,
        "precision": 0.27735849056603773,
        "recall": 0.2922465208747515,
        "f1_score": 0.2846079380445305,
        "confusion_matrix": [
            [
                1786,
                383
            ],
            [
                356,
                147
            ]
        ]
    }
}