{
    "model": "LSTM_politifact_10_shot_bert",
    "dataset": "politifact",
    "embedding": "bert",
    "k_shot": 10,
    "training_time": 0.7103371620178223,
    "best_epoch": 5,
    "final_train_accuracy": 1.0,
    "final_train_loss": 0.5157179832458496,
    "final_val_accuracy": 1.0,
    "final_val_loss": 0.5749644041061401,
    "final_val_f1": 1.0,
    "test_metrics": {
        "accuracy": 0.6666666666666666,
        "precision": 0.5904581955597543,
        "recall": 0.5904581955597543,
        "f1_score": 0.5904581955597543,
        "confusion_matrix": [
            [
                56,
                17
            ],
            [
                17,
                12
            ]
        ]
    }
}