{
  "accuracy": 0.7773203592814372,
  "precision": 0.6568038498806587,
  "recall": 0.6857045830136745,
  "f1_score": 0.6676310517358199
}