{
    "args": {
        "graph_path": "graphs/politifact/3_shot_roberta_knn_7_smpf10.pt",
        "model": "GAT",
        "dropout_rate": 0.5,
        "hidden_channels": 128,
        "gat_heads": 8,
        "lr": 0.0001,
        "weight_decay": 0.0001,
        "n_epochs": 300,
        "patience": 30,
        "seed": 42,
        "output_dir": "results"
    },
    "model_name": "GAT_politifact_3_shot_roberta_knn_7_smpf10",
    "training_history": {
        "final_train_loss": 0.3298927843570709,
        "final_train_acc": 1.0,
        "final_val_loss": 0.5402743816375732,
        "final_val_acc": 0.7254901960784313,
        "final_val_f1": 0.6756019990913221,
        "best_val_f1": 0.6842829301845694,
        "best_epoch": 62,
        "total_epochs": 190,
        "training_time_seconds": 7.290996551513672
    },
    "final_test_metrics": {
        "accuracy": 0.7352941176470589,
        "precision": 0.6799107142857144,
        "recall": 0.6903637222484648,
        "f1_score": 0.6842829301845694,
        "confusion_matrix": [
            [
                58,
                15
            ],
            [
                12,
                17
            ]
        ]
    }
}