{
    "args": {
        "graph_path": "graphs/politifact/3_shot_roberta_knn_7_smpf10.pt",
        "model": "GAT",
        "dropout_rate": 0.5,
        "hidden_channels": 128,
        "gat_heads": 8,
        "lr": 0.0001,
        "weight_decay": 0.0001,
        "n_epochs": 300,
        "patience": 30,
        "seed": 42,
        "output_dir": "results"
    },
    "model_name": "GAT_politifact_3_shot_roberta_knn_7_smpf10",
    "training_history": {
        "final_train_loss": 0.36255526542663574,
        "final_train_acc": 0.8333333333333334,
        "final_val_loss": 0.5472034215927124,
        "final_val_acc": 0.7058823529411765,
        "final_val_f1": 0.6386395843174303,
        "best_val_f1": 0.68125,
        "best_epoch": 90,
        "total_epochs": 174,
        "training_time_seconds": 3.0075347423553467
    },
    "final_test_metrics": {
        "accuracy": 0.7843137254901961,
        "precision": 0.7333333333333333,
        "recall": 0.3793103448275862,
        "f1_score": 0.5,
        "confusion_matrix": [
            [
                69,
                4
            ],
            [
                18,
                11
            ]
        ]
    }
}