{
    "args": {
        "graph_path": "graphs/gossipcop/4_shot_distilbert_knn_6_smpf10.pt",
        "model": "GAT",
        "dropout_rate": 0.5,
        "hidden_channels": 128,
        "gat_heads": 8,
        "lr": 0.0001,
        "weight_decay": 0.0001,
        "n_epochs": 300,
        "patience": 30,
        "seed": 42,
        "output_dir": "results"
    },
    "model_name": "GAT_gossipcop_4_shot_distilbert_knn_6_smpf10",
    "training_history": {
        "final_train_loss": 0.31047719717025757,
        "final_train_acc": 1.0,
        "final_val_loss": 0.6273048520088196,
        "final_val_acc": 0.6395958083832335,
        "final_val_f1": 0.5531942491689905,
        "best_val_f1": 0.5838945814990866,
        "best_epoch": 31,
        "total_epochs": 89,
        "training_time_seconds": 4.698719024658203
    },
    "final_test_metrics": {
        "accuracy": 0.7769461077844312,
        "precision": 0.6026664956267647,
        "recall": 0.576291444509522,
        "f1_score": 0.5838945814990866,
        "confusion_matrix": [
            [
                1948,
                221
            ],
            [
                375,
                128
            ]
        ]
    }
}