{
    "args": {
        "graph_path": "graphs/gossipcop/15_shot_roberta_knn_8_smpf10.pt",
        "model": "GAT",
        "dropout_rate": 0.5,
        "hidden_channels": 128,
        "gat_heads": 8,
        "lr": 0.0001,
        "weight_decay": 0.0001,
        "n_epochs": 300,
        "patience": 30,
        "seed": 42,
        "output_dir": "results"
    },
    "model_name": "GAT_gossipcop_15_shot_roberta_knn_8_smpf10",
    "training_history": {
        "final_train_loss": 0.6169072389602661,
        "final_train_acc": 0.6666666666666666,
        "final_val_loss": 0.6603525876998901,
        "final_val_acc": 0.6347305389221557,
        "final_val_f1": 0.46988911845226045,
        "best_val_f1": 0.5006851874922138,
        "best_epoch": 52,
        "total_epochs": 82,
        "training_time_seconds": 2.322526216506958
    },
    "final_test_metrics": {
        "accuracy": 0.7732035928143712,
        "precision": 0.5257000300197716,
        "recall": 0.5113780204893278,
        "f1_score": 0.5006851874922138,
        "confusion_matrix": [
            [
                2020,
                149
            ],
            [
                457,
                46
            ]
        ]
    }
}