{
  "accuracy": 0.7765718562874252,
  "precision": 0.6374285101515584,
  "recall": 0.6409596822018557,
  "f1_score": 0.6391299124985323
}