{
    "args": {
        "graph_path": "graphs/gossipcop/14_shot_combined_mutual_knn_3_smpf10.pt",
        "model": "GAT",
        "dropout_rate": 0.5,
        "hidden_channels": 128,
        "gat_heads": 8,
        "lr": 0.0001,
        "weight_decay": 0.0001,
        "n_epochs": 300,
        "patience": 30,
        "seed": 42,
        "output_dir": "results"
    },
    "model_name": "GAT_gossipcop_14_shot_combined_mutual_knn_3_smpf10",
    "training_history": {
        "final_train_loss": 0.5212579369544983,
        "final_train_acc": 0.75,
        "final_val_loss": 0.684520959854126,
        "final_val_acc": 0.5546407185628742,
        "final_val_f1": 0.4953311849419604,
        "best_val_f1": 0.5397352430555555,
        "best_epoch": 95,
        "total_epochs": 141,
        "training_time_seconds": 2.512024164199829
    },
    "final_test_metrics": {
        "accuracy": 0.7148203592814372,
        "precision": 0.2514395393474088,
        "recall": 0.26043737574552683,
        "f1_score": 0.255859375,
        "confusion_matrix": [
            [
                1779,
                390
            ],
            [
                372,
                131
            ]
        ]
    }
}