{
  "accuracy": 0.5512724550898204,
  "f1": 0.5059865664431236,
  "precision": 0.5568911406025825,
  "recall": 0.5930443159393111,
  "confusion_matrix": [
    [
      1141,
      1028
    ],
    [
      171,
      332
    ]
  ]
}