{
  "accuracy": 0.5512724550898204,
  "f1": 0.5992452691444793,
  "precision": 0.7519063502747017,
  "recall": 0.5512724550898204
}