{
  "accuracy": 0.3137254901960784,
  "f1": 0.3005485893416928,
  "precision": 0.432183908045977,
  "recall": 0.45819555975436943,
  "confusion_matrix": [
    [
      9,
      64
    ],
    [
      6,
      23
    ]
  ]
}