{
  "accuracy": 0.3137254901960784,
  "f1": 0.2591354723707665,
  "precision": 0.5045751633986928,
  "recall": 0.3137254901960784
}