{
    "args": {
        "graph_path": "graphs/gossipcop/7_shot_combined_mutual_knn_6_smpf10.pt",
        "model": "GAT",
        "dropout_rate": 0.5,
        "hidden_channels": 128,
        "gat_heads": 8,
        "lr": 0.0001,
        "weight_decay": 0.0001,
        "n_epochs": 300,
        "patience": 30,
        "seed": 42,
        "output_dir": "results"
    },
    "model_name": "GAT_gossipcop_7_shot_combined_mutual_knn_6_smpf10",
    "training_history": {
        "final_train_loss": 0.6343901753425598,
        "final_train_acc": 0.6428571428571429,
        "final_val_loss": 0.6674220561981201,
        "final_val_acc": 0.6332335329341318,
        "final_val_f1": 0.556404835474603,
        "best_val_f1": 0.5928682104425207,
        "best_epoch": 131,
        "total_epochs": 174,
        "training_time_seconds": 3.0638108253479004
    },
    "final_test_metrics": {
        "accuracy": 0.7432634730538922,
        "precision": 0.3321100917431193,
        "recall": 0.35984095427435386,
        "f1_score": 0.34541984732824427,
        "confusion_matrix": [
            [
                1805,
                364
            ],
            [
                322,
                181
            ]
        ]
    }
}