{
    "args": {
        "graph_path": "graphs/gossipcop/6_shot_roberta_knn_6_psl10.pt",
        "model": "GAT",
        "dropout_rate": 0.5,
        "hidden_channels": 128,
        "gat_heads": 8,
        "lr": 0.0001,
        "weight_decay": 0.0001,
        "n_epochs": 300,
        "patience": 30,
        "seed": 42,
        "output_dir": "results"
    },
    "model_name": "GAT_gossipcop_6_shot_roberta_knn_6_psl10",
    "training_history": {
        "final_train_loss": 0.5296587347984314,
        "final_train_acc": 1.0,
        "final_val_loss": 0.6351044774055481,
        "final_val_acc": 0.7294161676646707,
        "final_val_f1": 0.519115225543556,
        "best_val_f1": 0.5258640852390852,
        "best_epoch": 66,
        "total_epochs": 114,
        "training_time_seconds": 2.60185170173645
    },
    "final_test_metrics": {
        "accuracy": 0.6729041916167665,
        "precision": 0.5264099608296069,
        "recall": 0.5328215126025773,
        "f1_score": 0.5258640852390852,
        "confusion_matrix": [
            [
                1643,
                526
            ],
            [
                348,
                155
            ]
        ]
    }
}