{
    "args": {
        "graph_path": "graphs/gossipcop/8_shot_combined_knn_5_smpf10.pt",
        "model": "GAT",
        "dropout_rate": 0.5,
        "hidden_channels": 128,
        "gat_heads": 8,
        "lr": 0.0001,
        "weight_decay": 0.0001,
        "n_epochs": 300,
        "patience": 30,
        "seed": 42,
        "output_dir": "results"
    },
    "model_name": "GAT_gossipcop_8_shot_combined_knn_5_smpf10",
    "training_history": {
        "final_train_loss": 0.6721005439758301,
        "final_train_acc": 0.625,
        "final_val_loss": 0.6318246126174927,
        "final_val_acc": 0.7829341317365269,
        "final_val_f1": 0.5637364357320848,
        "best_val_f1": 0.5901601868510526,
        "best_epoch": 67,
        "total_epochs": 129,
        "training_time_seconds": 2.357799768447876
    },
    "final_test_metrics": {
        "accuracy": 0.7466317365269461,
        "precision": 0.33204633204633205,
        "recall": 0.341948310139165,
        "f1_score": 0.33692458374143,
        "confusion_matrix": [
            [
                1823,
                346
            ],
            [
                331,
                172
            ]
        ]
    }
}