{
    "args": {
        "graph_path": "graphs/gossipcop/8_shot_combined_knn_5_smpf10.pt",
        "model": "GAT",
        "dropout_rate": 0.5,
        "hidden_channels": 128,
        "gat_heads": 8,
        "lr": 0.0001,
        "weight_decay": 0.0001,
        "n_epochs": 300,
        "patience": 30,
        "seed": 42,
        "output_dir": "results"
    },
    "model_name": "GAT_gossipcop_8_shot_combined_knn_5_smpf10",
    "training_history": {
        "final_train_loss": 0.5502884984016418,
        "final_train_acc": 0.875,
        "final_val_loss": 0.6402948498725891,
        "final_val_acc": 0.7342814371257484,
        "final_val_f1": 0.5792312640007098,
        "best_val_f1": 0.5945422960207484,
        "best_epoch": 75,
        "total_epochs": 119,
        "training_time_seconds": 5.2967917919158936
    },
    "final_test_metrics": {
        "accuracy": 0.7795658682634731,
        "precision": 0.6120779134210677,
        "recall": 0.5863037542380571,
        "f1_score": 0.5945422960207484,
        "confusion_matrix": [
            [
                1944,
                225
            ],
            [
                364,
                139
            ]
        ]
    }
}