{
    "args": {
        "graph_path": "graphs/politifact/5_shot_roberta_mutual_knn_3.pt",
        "model": "GAT",
        "dropout_rate": 0.5,
        "hidden_channels": 128,
        "gat_heads": 8,
        "lr": 0.0001,
        "weight_decay": 0.0001,
        "n_epochs": 300,
        "patience": 30,
        "seed": 42,
        "output_dir": "results"
    },
    "model_name": "GAT_politifact_5_shot_roberta_mutual_knn_3",
    "training_history": {
        "final_train_loss": 0.34987735748291016,
        "final_train_acc": 0.9,
        "final_val_loss": 0.604621410369873,
        "final_val_acc": 0.6862745098039216,
        "final_val_f1": 0.6292594275329395,
        "best_val_f1": 0.6691176470588236,
        "best_epoch": 151,
        "total_epochs": 211,
        "training_time_seconds": 3.4639265537261963
    },
    "final_test_metrics": {
        "accuracy": 0.7058823529411765,
        "precision": 0.48717948717948717,
        "recall": 0.6551724137931034,
        "f1_score": 0.5588235294117647,
        "confusion_matrix": [
            [
                53,
                20
            ],
            [
                10,
                19
            ]
        ]
    }
}