{
    "args": {
        "graph_path": "graphs_hetero/gossipcop/12_shot_roberta_hetero_knn_5_psl10.pt",
        "model": "HGT",
        "target_node_type": "news",
        "dropout_rate": 0.0,
        "hidden_channels": 128,
        "hgt_han_heads": 4,
        "hgt_layers": 1,
        "lr": 0.0001,
        "weight_decay": 0.0001,
        "n_epochs": 300,
        "patience": 30,
        "seed": 42,
        "output_dir_base": "results_hetero"
    },
    "model_name": "HGT_gossipcop_12_shot_roberta_hetero_knn_5_psl10",
    "training_history": {
        "final_train_loss": 0.012649256736040115,
        "final_train_acc": 1.0,
        "final_val_loss": 0.6457199454307556,
        "final_val_acc": 0.6968562874251497,
        "final_val_f1": 0.5945918608179641,
        "best_val_f1": 0.5963913751888377,
        "best_epoch": 152,
        "total_epochs_run": 182,
        "training_time_seconds": 6.84771728515625
    },
    "final_test_metrics_on_target_node": {
        "accuracy": 0.7017215568862275,
        "precision": 0.5922009332353223,
        "recall": 0.6269231086509985,
        "f1_score": 0.5963913751888377,
        "confusion_matrix": [
            [
                1620,
                549
            ],
            [
                248,
                255
            ]
        ]
    }
}