{
    "args": {
        "graph_path": "graphs/politifact/5_shot_combined_knn_3.pt",
        "model": "GAT",
        "dropout_rate": 0.5,
        "hidden_channels": 128,
        "gat_heads": 8,
        "lr": 0.0001,
        "weight_decay": 0.0001,
        "n_epochs": 300,
        "patience": 30,
        "seed": 42,
        "output_dir": "results"
    },
    "model_name": "GAT_politifact_5_shot_combined_knn_3",
    "training_history": {
        "final_train_loss": 0.5288696885108948,
        "final_train_acc": 0.8,
        "final_val_loss": 0.636404275894165,
        "final_val_acc": 0.6862745098039216,
        "final_val_f1": 0.6470588235294117,
        "best_val_f1": 0.6651487874616118,
        "best_epoch": 85,
        "total_epochs": 149,
        "training_time_seconds": 2.5767273902893066
    },
    "final_test_metrics": {
        "accuracy": 0.696078431372549,
        "precision": 0.47619047619047616,
        "recall": 0.6896551724137931,
        "f1_score": 0.5633802816901409,
        "confusion_matrix": [
            [
                51,
                22
            ],
            [
                9,
                20
            ]
        ]
    }
}