{
    "args": {
        "graph_path": "graphs/gossipcop/5_shot_roberta_mutual_knn_3_smpf10.pt",
        "model": "GAT",
        "dropout_rate": 0.5,
        "hidden_channels": 128,
        "gat_heads": 8,
        "lr": 0.0001,
        "weight_decay": 0.0001,
        "n_epochs": 300,
        "patience": 30,
        "seed": 42,
        "output_dir": "results"
    },
    "model_name": "GAT_gossipcop_5_shot_roberta_mutual_knn_3_smpf10",
    "training_history": {
        "final_train_loss": 0.5928560495376587,
        "final_train_acc": 0.6,
        "final_val_loss": 0.6200064420700073,
        "final_val_acc": 0.8110029940119761,
        "final_val_f1": 0.44781979747881795,
        "best_val_f1": 0.5332613696960733,
        "best_epoch": 56,
        "total_epochs": 106,
        "training_time_seconds": 9.556583881378174
    },
    "final_test_metrics": {
        "accuracy": 0.6313622754491018,
        "precision": 0.24470338983050846,
        "recall": 0.4592445328031809,
        "f1_score": 0.31928127159640635,
        "confusion_matrix": [
            [
                1456,
                713
            ],
            [
                272,
                231
            ]
        ]
    }
}