{
    "args": {
        "graph_path": "graphs/politifact/6_shot_roberta_mutual_knn_3.pt",
        "model": "GAT",
        "dropout_rate": 0.5,
        "hidden_channels": 128,
        "gat_heads": 8,
        "lr": 0.0001,
        "weight_decay": 0.0001,
        "n_epochs": 300,
        "patience": 30,
        "seed": 42,
        "output_dir": "results"
    },
    "model_name": "GAT_politifact_6_shot_roberta_mutual_knn_3",
    "training_history": {
        "final_train_loss": 0.4878266155719757,
        "final_train_acc": 0.75,
        "final_val_loss": 0.6751869916915894,
        "final_val_acc": 0.5588235294117647,
        "final_val_f1": 0.5490716180371353,
        "best_val_f1": 0.6316625740286004,
        "best_epoch": 36,
        "total_epochs": 66,
        "training_time_seconds": 1.6034185886383057
    },
    "final_test_metrics": {
        "accuracy": 0.7549019607843137,
        "precision": 0.6428571428571429,
        "recall": 0.3103448275862069,
        "f1_score": 0.4186046511627907,
        "confusion_matrix": [
            [
                68,
                5
            ],
            [
                20,
                9
            ]
        ]
    }
}