{
    "args": {
        "graph_path": "graphs/gossipcop/6_shot_bert_knn_5_smpf10.pt",
        "model": "GAT",
        "dropout_rate": 0.5,
        "hidden_channels": 128,
        "gat_heads": 8,
        "lr": 0.0001,
        "weight_decay": 0.0001,
        "n_epochs": 300,
        "patience": 30,
        "seed": 42,
        "output_dir": "results"
    },
    "model_name": "GAT_gossipcop_6_shot_bert_knn_5_smpf10",
    "training_history": {
        "final_train_loss": 0.2710391581058502,
        "final_train_acc": 1.0,
        "final_val_loss": 0.7898951768875122,
        "final_val_acc": 0.5471556886227545,
        "final_val_f1": 0.4909306192371643,
        "best_val_f1": 0.5545835665858059,
        "best_epoch": 53,
        "total_epochs": 83,
        "training_time_seconds": 2.375340223312378
    },
    "final_test_metrics": {
        "accuracy": 0.6991017964071856,
        "precision": 0.5522124906978075,
        "recall": 0.5627012475630312,
        "f1_score": 0.5545835665858059,
        "confusion_matrix": [
            [
                1695,
                474
            ],
            [
                330,
                173
            ]
        ]
    }
}