{
    "args": {
        "graph_path": "graphs/gossipcop/7_shot_combined_knn_5_smpf10.pt",
        "model": "GAT",
        "dropout_rate": 0.5,
        "hidden_channels": 128,
        "gat_heads": 8,
        "lr": 0.0001,
        "weight_decay": 0.0001,
        "n_epochs": 300,
        "patience": 30,
        "seed": 42,
        "output_dir": "results"
    },
    "model_name": "GAT_gossipcop_7_shot_combined_knn_5_smpf10",
    "training_history": {
        "final_train_loss": 0.5915589332580566,
        "final_train_acc": 0.8571428571428571,
        "final_val_loss": 0.6392039060592651,
        "final_val_acc": 0.7271706586826348,
        "final_val_f1": 0.6099042748578662,
        "best_val_f1": 0.6383997293411148,
        "best_epoch": 99,
        "total_epochs": 135,
        "training_time_seconds": 5.619226455688477
    },
    "final_test_metrics": {
        "accuracy": 0.8083832335329342,
        "precision": 0.6707324357125156,
        "recall": 0.623141739695529,
        "f1_score": 0.6383997293411148,
        "confusion_matrix": [
            [
                1996,
                173
            ],
            [
                339,
                164
            ]
        ]
    }
}