{
  "accuracy": 0.2316616766467066,
  "f1": 0.21721449553106068,
  "precision": 0.5541017828932521,
  "recall": 0.5175782556848856,
  "confusion_matrix": [
    [
      128,
      2041
    ],
    [
      12,
      491
    ]
  ]
}