{
  "accuracy": 0.2316616766467066,
  "f1": 0.15090870010773813,
  "precision": 0.7786775425114564,
  "recall": 0.2316616766467066
}