{
  "accuracy": 0.7859281437125748,
  "precision": 0.652801294034221,
  "recall": 0.65741191394739,
  "f1_score": 0.6550131955899733
}