{
    "args": {
        "graph_path": "graphs_hetero/politifact/13_shot_roberta_hetero_knn_5_psl10.pt",
        "model": "HGT",
        "target_node_type": "news",
        "dropout_rate": 0.0,
        "hidden_channels": 128,
        "hgt_han_heads": 4,
        "hgt_layers": 1,
        "lr": 0.0001,
        "weight_decay": 0.0001,
        "n_epochs": 300,
        "patience": 30,
        "seed": 42,
        "output_dir_base": "results_hetero"
    },
    "model_name": "HGT_politifact_13_shot_roberta_hetero_knn_5_psl10",
    "training_history": {
        "final_train_loss": 0.010267144069075584,
        "final_train_acc": 1.0,
        "final_val_loss": 0.38376104831695557,
        "final_val_acc": 0.8235294117647058,
        "final_val_f1": 0.7914584279872785,
        "best_val_f1": 0.8047956771361027,
        "best_epoch": 142,
        "total_epochs_run": 186,
        "training_time_seconds": 5.856327295303345
    },
    "final_test_metrics_on_target_node": {
        "accuracy": 0.8333333333333334,
        "precision": 0.7941176470588236,
        "recall": 0.8212092583845063,
        "f1_score": 0.8047956771361027,
        "confusion_matrix": [
            [
                62,
                11
            ],
            [
                6,
                23
            ]
        ]
    }
}