{
    "args": {
        "graph_path": "graphs/gossipcop/6_shot_roberta_mutual_knn_7_smpf10.pt",
        "model": "GAT",
        "dropout_rate": 0.5,
        "hidden_channels": 128,
        "gat_heads": 8,
        "lr": 0.0001,
        "weight_decay": 0.0001,
        "n_epochs": 300,
        "patience": 30,
        "seed": 42,
        "output_dir": "results"
    },
    "model_name": "GAT_gossipcop_6_shot_roberta_mutual_knn_7_smpf10",
    "training_history": {
        "final_train_loss": 0.8792130351066589,
        "final_train_acc": 0.5833333333333334,
        "final_val_loss": 0.6365011930465698,
        "final_val_acc": 0.8091317365269461,
        "final_val_f1": 0.44724865535788166,
        "best_val_f1": 0.4495344400582686,
        "best_epoch": 8,
        "total_epochs": 54,
        "training_time_seconds": 4.014940977096558
    },
    "final_test_metrics": {
        "accuracy": 0.8102544910179641,
        "precision": 0.48918479619904975,
        "recall": 0.49984143089824357,
        "f1_score": 0.4495344400582686,
        "confusion_matrix": [
            [
                2164,
                5
            ],
            [
                502,
                1
            ]
        ]
    }
}