{
  "accuracy": 0.8431372549019608,
  "precision": 0.8103703703703704,
  "recall": 0.7968823807274446,
  "f1_score": 0.803088803088803
}