{
    "args": {
        "graph_path": "graphs/politifact/14_shot_combined_knn_4.pt",
        "model": "GAT",
        "dropout_rate": 0.5,
        "hidden_channels": 128,
        "gat_heads": 8,
        "lr": 0.0001,
        "weight_decay": 0.0001,
        "n_epochs": 300,
        "patience": 30,
        "seed": 42,
        "output_dir": "results"
    },
    "model_name": "GAT_politifact_14_shot_combined_knn_4",
    "training_history": {
        "final_train_loss": 0.43615657091140747,
        "final_train_acc": 0.9642857142857143,
        "final_val_loss": 0.5887466669082642,
        "final_val_acc": 0.803921568627451,
        "final_val_f1": 0.7682871422080872,
        "best_val_f1": 0.7777777777777777,
        "best_epoch": 117,
        "total_epochs": 194,
        "training_time_seconds": 2.9379467964172363
    },
    "final_test_metrics": {
        "accuracy": 0.8333333333333334,
        "precision": 0.7727272727272727,
        "recall": 0.5862068965517241,
        "f1_score": 0.6666666666666666,
        "confusion_matrix": [
            [
                68,
                5
            ],
            [
                12,
                17
            ]
        ]
    }
}