{
    "args": {
        "graph_path": "graphs/gossipcop/6_shot_bert_knn_8_smpf10.pt",
        "model": "GAT",
        "dropout_rate": 0.5,
        "hidden_channels": 128,
        "gat_heads": 8,
        "lr": 0.0001,
        "weight_decay": 0.0001,
        "n_epochs": 300,
        "patience": 30,
        "seed": 42,
        "output_dir": "results"
    },
    "model_name": "GAT_gossipcop_6_shot_bert_knn_8_smpf10",
    "training_history": {
        "final_train_loss": 0.36223304271698,
        "final_train_acc": 0.9166666666666666,
        "final_val_loss": 0.6992789506912231,
        "final_val_acc": 0.5883233532934131,
        "final_val_f1": 0.5128031719510416,
        "best_val_f1": 0.5378598116174786,
        "best_epoch": 29,
        "total_epochs": 59,
        "training_time_seconds": 2.9748950004577637
    },
    "final_test_metrics": {
        "accuracy": 0.7092065868263473,
        "precision": 0.5369965178525025,
        "recall": 0.539148236445779,
        "f1_score": 0.5378598116174786,
        "confusion_matrix": [
            [
                1761,
                408
            ],
            [
                369,
                134
            ]
        ]
    }
}