{
    "args": {
        "graph_path": "graphs/politifact/4_shot_combined_mutual_knn_3.pt",
        "model": "GAT",
        "dropout_rate": 0.5,
        "hidden_channels": 128,
        "gat_heads": 8,
        "lr": 0.0001,
        "weight_decay": 0.0001,
        "n_epochs": 300,
        "patience": 30,
        "seed": 42,
        "output_dir": "results"
    },
    "model_name": "GAT_politifact_4_shot_combined_mutual_knn_3",
    "training_history": {
        "final_train_loss": 0.4671916961669922,
        "final_train_acc": 1.0,
        "final_val_loss": 0.6075178384780884,
        "final_val_acc": 0.7254901960784313,
        "final_val_f1": 0.6994949494949495,
        "best_val_f1": 0.7267857142857144,
        "best_epoch": 154,
        "total_epochs": 202,
        "training_time_seconds": 3.1815736293792725
    },
    "final_test_metrics": {
        "accuracy": 0.7647058823529411,
        "precision": 0.5714285714285714,
        "recall": 0.6896551724137931,
        "f1_score": 0.625,
        "confusion_matrix": [
            [
                58,
                15
            ],
            [
                9,
                20
            ]
        ]
    }
}