{
    "args": {
        "graph_path": "graphs/gossipcop/5_shot_combined_knn_4_smpf10.pt",
        "model": "GAT",
        "dropout_rate": 0.5,
        "hidden_channels": 128,
        "gat_heads": 8,
        "lr": 0.0001,
        "weight_decay": 0.0001,
        "n_epochs": 300,
        "patience": 30,
        "seed": 42,
        "output_dir": "results"
    },
    "model_name": "GAT_gossipcop_5_shot_combined_knn_4_smpf10",
    "training_history": {
        "final_train_loss": 0.5422160029411316,
        "final_train_acc": 0.7,
        "final_val_loss": 0.6020854711532593,
        "final_val_acc": 0.8248502994011976,
        "final_val_f1": 0.5632156928493587,
        "best_val_f1": 0.6615730151999297,
        "best_epoch": 110,
        "total_epochs": 184,
        "training_time_seconds": 3.110405683517456
    },
    "final_test_metrics": {
        "accuracy": 0.7870508982035929,
        "precision": 0.43911439114391143,
        "recall": 0.4731610337972167,
        "f1_score": 0.45550239234449763,
        "confusion_matrix": [
            [
                1865,
                304
            ],
            [
                265,
                238
            ]
        ]
    }
}