{
    "args": {
        "graph_path": "graphs/gossipcop/4_shot_combined_knn_8_smpf10.pt",
        "model": "GAT",
        "dropout_rate": 0.5,
        "hidden_channels": 128,
        "gat_heads": 8,
        "lr": 0.0001,
        "weight_decay": 0.0001,
        "n_epochs": 300,
        "patience": 30,
        "seed": 42,
        "output_dir": "results"
    },
    "model_name": "GAT_gossipcop_4_shot_combined_knn_8_smpf10",
    "training_history": {
        "final_train_loss": 0.3754822611808777,
        "final_train_acc": 1.0,
        "final_val_loss": 0.5717034935951233,
        "final_val_acc": 0.7702095808383234,
        "final_val_f1": 0.6602722116200169,
        "best_val_f1": 0.6675189325288925,
        "best_epoch": 156,
        "total_epochs": 300,
        "training_time_seconds": 10.419390439987183
    },
    "final_test_metrics": {
        "accuracy": 0.7848053892215568,
        "precision": 0.6597420214077838,
        "recall": 0.6780987656357842,
        "f1_score": 0.6675189325288925,
        "confusion_matrix": [
            [
                1842,
                327
            ],
            [
                248,
                255
            ]
        ]
    }
}