{
    "args": {
        "graph_path": "graphs/gossipcop/4_shot_combined_knn_8_smpf10.pt",
        "model": "GAT",
        "dropout_rate": 0.5,
        "hidden_channels": 128,
        "gat_heads": 8,
        "lr": 0.0001,
        "weight_decay": 0.0001,
        "n_epochs": 300,
        "patience": 30,
        "seed": 42,
        "output_dir": "results"
    },
    "model_name": "GAT_gossipcop_4_shot_combined_knn_8_smpf10",
    "training_history": {
        "final_train_loss": 0.48972758650779724,
        "final_train_acc": 0.875,
        "final_val_loss": 0.6392136812210083,
        "final_val_acc": 0.8181137724550899,
        "final_val_f1": 0.5766280002347373,
        "best_val_f1": 0.609488671793806,
        "best_epoch": 40,
        "total_epochs": 86,
        "training_time_seconds": 2.132333993911743
    },
    "final_test_metrics": {
        "accuracy": 0.7979041916167665,
        "precision": 0.44089456869009586,
        "recall": 0.27435387673956263,
        "f1_score": 0.3382352941176471,
        "confusion_matrix": [
            [
                1994,
                175
            ],
            [
                365,
                138
            ]
        ]
    }
}