{
    "args": {
        "graph_path": "graphs/politifact/5_shot_combined_knn_6.pt",
        "model": "GAT",
        "dropout_rate": 0.5,
        "hidden_channels": 128,
        "gat_heads": 8,
        "lr": 0.0001,
        "weight_decay": 0.0001,
        "n_epochs": 300,
        "patience": 30,
        "seed": 42,
        "output_dir": "results"
    },
    "model_name": "GAT_politifact_5_shot_combined_knn_6",
    "training_history": {
        "final_train_loss": 0.6293624639511108,
        "final_train_acc": 0.9,
        "final_val_loss": 0.6137195825576782,
        "final_val_acc": 0.696078431372549,
        "final_val_f1": 0.6693506221896894,
        "best_val_f1": 0.6868209730751063,
        "best_epoch": 116,
        "total_epochs": 216,
        "training_time_seconds": 3.1723461151123047
    },
    "final_test_metrics": {
        "accuracy": 0.7450980392156863,
        "precision": 0.5517241379310345,
        "recall": 0.5517241379310345,
        "f1_score": 0.5517241379310345,
        "confusion_matrix": [
            [
                60,
                13
            ],
            [
                13,
                16
            ]
        ]
    }
}