{
    "args": {
        "graph_path": "graphs_hetero/gossipcop/6_shot_distilbert_hetero_knn_5_smpf10.pt",
        "model": "HGT",
        "target_node_type": "news",
        "dropout_rate": 0.0,
        "hidden_channels": 128,
        "hgt_han_heads": 4,
        "hgt_layers": 1,
        "lr": 0.0001,
        "weight_decay": 0.0001,
        "n_epochs": 300,
        "patience": 30,
        "seed": 42,
        "output_dir_base": "results_hetero"
    },
    "model_name": "HGT_gossipcop_6_shot_distilbert_hetero_knn_5_smpf10",
    "training_history": {
        "final_train_loss": 0.02319198101758957,
        "final_train_acc": 1.0,
        "final_val_loss": 0.8668509721755981,
        "final_val_acc": 0.5793413173652695,
        "final_val_f1": 0.5294568867893193,
        "best_val_f1": 0.5518893548201279,
        "best_epoch": 72,
        "total_epochs_run": 118,
        "training_time_seconds": 5.0258073806762695
    },
    "final_test_metrics_on_target_node": {
        "accuracy": 0.655688622754491,
        "precision": 0.5564754283601752,
        "recall": 0.5817717026563533,
        "f1_score": 0.5518893548201279,
        "confusion_matrix": [
            [
                1519,
                650
            ],
            [
                270,
                233
            ]
        ]
    }
}