{
  "accuracy": 0.7732035928143712,
  "precision": 0.649051442640996,
  "recall": 0.6740066745676243,
  "f1_score": 0.6586260983960466
}