{
    "args": {
        "graph_path": "graphs/politifact/4_shot_combined_mutual_knn_4.pt",
        "model": "GAT",
        "dropout_rate": 0.5,
        "hidden_channels": 128,
        "gat_heads": 8,
        "lr": 0.0001,
        "weight_decay": 0.0001,
        "n_epochs": 300,
        "patience": 30,
        "seed": 42,
        "output_dir": "results"
    },
    "model_name": "GAT_politifact_4_shot_combined_mutual_knn_4",
    "training_history": {
        "final_train_loss": 0.31937742233276367,
        "final_train_acc": 1.0,
        "final_val_loss": 0.5497643351554871,
        "final_val_acc": 0.7745098039215687,
        "final_val_f1": 0.7403431101272828,
        "best_val_f1": 0.7495535714285715,
        "best_epoch": 174,
        "total_epochs": 300,
        "training_time_seconds": 4.379350423812866
    },
    "final_test_metrics": {
        "accuracy": 0.7843137254901961,
        "precision": 0.6,
        "recall": 0.7241379310344828,
        "f1_score": 0.65625,
        "confusion_matrix": [
            [
                59,
                14
            ],
            [
                8,
                21
            ]
        ]
    }
}