{
    "args": {
        "graph_path": "graphs/politifact/12_shot_roberta_knn_4.pt",
        "model": "GAT",
        "dropout_rate": 0.5,
        "hidden_channels": 128,
        "gat_heads": 8,
        "lr": 0.0001,
        "weight_decay": 0.0001,
        "n_epochs": 300,
        "patience": 30,
        "seed": 42,
        "output_dir": "results"
    },
    "model_name": "GAT_politifact_12_shot_roberta_knn_4",
    "training_history": {
        "final_train_loss": 0.5377411842346191,
        "final_train_acc": 0.7083333333333334,
        "final_val_loss": 0.5740492343902588,
        "final_val_acc": 0.7450980392156863,
        "final_val_f1": 0.6458333333333334,
        "best_val_f1": 0.6988344988344988,
        "best_epoch": 74,
        "total_epochs": 183,
        "training_time_seconds": 3.1985225677490234
    },
    "final_test_metrics": {
        "accuracy": 0.8137254901960784,
        "precision": 1.0,
        "recall": 0.3448275862068966,
        "f1_score": 0.5128205128205128,
        "confusion_matrix": [
            [
                73,
                0
            ],
            [
                19,
                10
            ]
        ]
    }
}