{
  "accuracy": 0.6078431372549019,
  "f1": 0.5887096774193548,
  "precision": 0.6078431372549019,
  "recall": 0.6324988190836089,
  "confusion_matrix": [
    [
      42,
      31
    ],
    [
      9,
      20
    ]
  ]
}