{
    "args": {
        "graph_path": "graphs/politifact/14_shot_roberta_knn_7_smpf10.pt",
        "model": "GAT",
        "dropout_rate": 0.5,
        "hidden_channels": 128,
        "gat_heads": 8,
        "lr": 0.0001,
        "weight_decay": 0.0001,
        "n_epochs": 300,
        "patience": 30,
        "seed": 42,
        "output_dir": "results"
    },
    "model_name": "GAT_politifact_14_shot_roberta_knn_7_smpf10",
    "training_history": {
        "final_train_loss": 0.40004196763038635,
        "final_train_acc": 0.8571428571428571,
        "final_val_loss": 0.5078234076499939,
        "final_val_acc": 0.7549019607843137,
        "final_val_f1": 0.7076693798005274,
        "best_val_f1": 0.7323503686117705,
        "best_epoch": 78,
        "total_epochs": 240,
        "training_time_seconds": 9.634331703186035
    },
    "final_test_metrics": {
        "accuracy": 0.7941176470588235,
        "precision": 0.75,
        "recall": 0.721067548417572,
        "f1_score": 0.7323503686117705,
        "confusion_matrix": [
            [
                65,
                8
            ],
            [
                13,
                16
            ]
        ]
    }
}