{
    "args": {
        "graph_path": "graphs/politifact/6_shot_roberta_mutual_knn_7_smpf10.pt",
        "model": "GAT",
        "dropout_rate": 0.5,
        "hidden_channels": 128,
        "gat_heads": 8,
        "lr": 0.0001,
        "weight_decay": 0.0001,
        "n_epochs": 300,
        "patience": 30,
        "seed": 42,
        "output_dir": "results"
    },
    "model_name": "GAT_politifact_6_shot_roberta_mutual_knn_7_smpf10",
    "training_history": {
        "final_train_loss": 0.7127475142478943,
        "final_train_acc": 0.4166666666666667,
        "final_val_loss": 0.6334565281867981,
        "final_val_acc": 0.6666666666666666,
        "final_val_f1": 0.6351010101010102,
        "best_val_f1": 0.68125,
        "best_epoch": 53,
        "total_epochs": 109,
        "training_time_seconds": 2.070601224899292
    },
    "final_test_metrics": {
        "accuracy": 0.7843137254901961,
        "precision": 0.7333333333333333,
        "recall": 0.3793103448275862,
        "f1_score": 0.5,
        "confusion_matrix": [
            [
                69,
                4
            ],
            [
                18,
                11
            ]
        ]
    }
}