{
  "accuracy": 0.7889221556886228,
  "precision": 0.6620596032972037,
  "recall": 0.674526377924248,
  "f1_score": 0.6676637436521244
}