{
    "args": {
        "graph_path": "graphs/politifact/14_shot_combined_mutual_knn_8.pt",
        "model": "GAT",
        "dropout_rate": 0.5,
        "hidden_channels": 128,
        "gat_heads": 8,
        "lr": 0.0001,
        "weight_decay": 0.0001,
        "n_epochs": 300,
        "patience": 30,
        "seed": 42,
        "output_dir": "results"
    },
    "model_name": "GAT_politifact_14_shot_combined_mutual_knn_8",
    "training_history": {
        "final_train_loss": 0.62274569272995,
        "final_train_acc": 0.5714285714285714,
        "final_val_loss": 0.6426811814308167,
        "final_val_acc": 0.7450980392156863,
        "final_val_f1": 0.71727078891258,
        "best_val_f1": 0.7687074829931972,
        "best_epoch": 57,
        "total_epochs": 99,
        "training_time_seconds": 1.9454071521759033
    },
    "final_test_metrics": {
        "accuracy": 0.8137254901960784,
        "precision": 0.6785714285714286,
        "recall": 0.6551724137931034,
        "f1_score": 0.6666666666666666,
        "confusion_matrix": [
            [
                64,
                9
            ],
            [
                10,
                19
            ]
        ]
    }
}