{
    "model": "MLP_gossipcop_3_shot_bert",
    "dataset": "gossipcop",
    "embedding": "bert",
    "k_shot": 3,
    "training_time": 0.4158802032470703,
    "best_epoch": 0,
    "final_train_accuracy": 1.0,
    "final_train_loss": 0.18367627263069153,
    "final_val_accuracy": 0.0,
    "final_val_loss": 0.9022871255874634,
    "final_val_f1": 0.0,
    "test_metrics": {
        "accuracy": 0.8012724550898204,
        "precision": 0.5704861111111111,
        "recall": 0.5133967976374121,
        "f1_score": 0.48883131705830285,
        "confusion_matrix": [
            [
                2115,
                54
            ],
            [
                477,
                26
            ]
        ]
    }
}