{
    "args": {
        "graph_path": "graphs/gossipcop/15_shot_combined_knn_3_smpf10.pt",
        "model": "GAT",
        "dropout_rate": 0.5,
        "hidden_channels": 128,
        "gat_heads": 8,
        "lr": 0.0001,
        "weight_decay": 0.0001,
        "n_epochs": 300,
        "patience": 30,
        "seed": 42,
        "output_dir": "results"
    },
    "model_name": "GAT_gossipcop_15_shot_combined_knn_3_smpf10",
    "training_history": {
        "final_train_loss": 0.7575638890266418,
        "final_train_acc": 0.5666666666666667,
        "final_val_loss": 0.678717315196991,
        "final_val_acc": 0.5894461077844312,
        "final_val_f1": 0.5119052832644976,
        "best_val_f1": 0.5415026100763908,
        "best_epoch": 65,
        "total_epochs": 95,
        "training_time_seconds": 2.265044689178467
    },
    "final_test_metrics": {
        "accuracy": 0.7372754491017964,
        "precision": 0.2647754137115839,
        "recall": 0.22266401590457258,
        "f1_score": 0.24190064794816415,
        "confusion_matrix": [
            [
                1858,
                311
            ],
            [
                391,
                112
            ]
        ]
    }
}