{
    "args": {
        "graph_path": "graphs/politifact/14_shot_distilbert_knn_6_smpf10.pt",
        "model": "GAT",
        "dropout_rate": 0.5,
        "hidden_channels": 128,
        "gat_heads": 8,
        "lr": 0.0001,
        "weight_decay": 0.0001,
        "n_epochs": 300,
        "patience": 30,
        "seed": 42,
        "output_dir": "results"
    },
    "model_name": "GAT_politifact_14_shot_distilbert_knn_6_smpf10",
    "training_history": {
        "final_train_loss": 0.40323999524116516,
        "final_train_acc": 0.8214285714285714,
        "final_val_loss": 0.6213372349739075,
        "final_val_acc": 0.696078431372549,
        "final_val_f1": 0.6766540546068105,
        "best_val_f1": 0.7221919599084867,
        "best_epoch": 16,
        "total_epochs": 73,
        "training_time_seconds": 2.3627355098724365
    },
    "final_test_metrics": {
        "accuracy": 0.7549019607843137,
        "precision": 0.7138157894736843,
        "recall": 0.7456306093528577,
        "f1_score": 0.7221919599084867,
        "confusion_matrix": [
            [
                56,
                17
            ],
            [
                8,
                21
            ]
        ]
    }
}