{
    "args": {
        "graph_path": "graphs_hetero/politifact/10_shot_roberta_hetero_knn_5_psl10.pt",
        "model": "HGT",
        "target_node_type": "news",
        "dropout_rate": 0.0,
        "hidden_channels": 128,
        "hgt_han_heads": 4,
        "hgt_layers": 1,
        "lr": 0.0001,
        "weight_decay": 0.0001,
        "n_epochs": 300,
        "patience": 30,
        "seed": 42,
        "output_dir_base": "results_hetero"
    },
    "model_name": "HGT_politifact_10_shot_roberta_hetero_knn_5_psl10",
    "training_history": {
        "final_train_loss": 0.003958637360483408,
        "final_train_acc": 1.0,
        "final_val_loss": 0.3995906710624695,
        "final_val_acc": 0.8137254901960784,
        "final_val_f1": 0.7888658895304499,
        "best_val_f1": 0.8014705882352942,
        "best_epoch": 132,
        "total_epochs_run": 180,
        "training_time_seconds": 5.976773500442505
    },
    "final_test_metrics_on_target_node": {
        "accuracy": 0.8235294117647058,
        "precision": 0.7887667887667889,
        "recall": 0.8351440717997165,
        "f1_score": 0.8014705882352942,
        "confusion_matrix": [
            [
                59,
                14
            ],
            [
                4,
                25
            ]
        ]
    }
}