{
    "model": "MLP_gossipcop_11_shot_roberta",
    "dataset": "gossipcop",
    "embedding": "roberta",
    "k_shot": 11,
    "training_time": 0.4104793071746826,
    "best_epoch": 8,
    "final_train_accuracy": 1.0,
    "final_train_loss": 0.5831950902938843,
    "final_val_accuracy": 0.6666666666666666,
    "final_val_loss": 0.6694707870483398,
    "final_val_f1": 0.6666666666666666,
    "test_metrics": {
        "accuracy": 0.3712574850299401,
        "precision": 0.5443696148506787,
        "recall": 0.5531706029383863,
        "f1_score": 0.369476727036753,
        "confusion_matrix": [
            [
                567,
                1602
            ],
            [
                78,
                425
            ]
        ]
    }
}