{
    "args": {
        "graph_path": "graphs/politifact/9_shot_roberta_mutual_knn_8.pt",
        "model": "GAT",
        "dropout_rate": 0.5,
        "hidden_channels": 128,
        "gat_heads": 8,
        "lr": 0.0001,
        "weight_decay": 0.0001,
        "n_epochs": 300,
        "patience": 30,
        "seed": 42,
        "output_dir": "results"
    },
    "model_name": "GAT_politifact_9_shot_roberta_mutual_knn_8",
    "training_history": {
        "final_train_loss": 0.3421248197555542,
        "final_train_acc": 0.9444444444444444,
        "final_val_loss": 0.5871408581733704,
        "final_val_acc": 0.7549019607843137,
        "final_val_f1": 0.7177642501383509,
        "best_val_f1": 0.7677125506072875,
        "best_epoch": 79,
        "total_epochs": 151,
        "training_time_seconds": 2.463259220123291
    },
    "final_test_metrics": {
        "accuracy": 0.8235294117647058,
        "precision": 0.7391304347826086,
        "recall": 0.5862068965517241,
        "f1_score": 0.6538461538461539,
        "confusion_matrix": [
            [
                67,
                6
            ],
            [
                12,
                17
            ]
        ]
    }
}