{
    "args": {
        "graph_path": "graphs/politifact/6_shot_distilbert_knn_8_smpf10.pt",
        "model": "GAT",
        "dropout_rate": 0.5,
        "hidden_channels": 128,
        "gat_heads": 8,
        "lr": 0.0001,
        "weight_decay": 0.0001,
        "n_epochs": 300,
        "patience": 30,
        "seed": 42,
        "output_dir": "results"
    },
    "model_name": "GAT_politifact_6_shot_distilbert_knn_8_smpf10",
    "training_history": {
        "final_train_loss": 0.3997561037540436,
        "final_train_acc": 0.8333333333333334,
        "final_val_loss": 0.6095848679542542,
        "final_val_acc": 0.6764705882352942,
        "final_val_f1": 0.6480184042664436,
        "best_val_f1": 0.6730769230769231,
        "best_epoch": 2,
        "total_epochs": 34,
        "training_time_seconds": 1.8528423309326172
    },
    "final_test_metrics": {
        "accuracy": 0.7647058823529411,
        "precision": 0.7133798351299936,
        "recall": 0.6589513462446859,
        "f1_score": 0.6730769230769231,
        "confusion_matrix": [
            [
                66,
                7
            ],
            [
                17,
                12
            ]
        ]
    }
}