{
    "args": {
        "graph_path": "graphs/politifact/11_shot_roberta_knn_4.pt",
        "model": "GAT",
        "dropout_rate": 0.5,
        "hidden_channels": 128,
        "gat_heads": 8,
        "lr": 0.0001,
        "weight_decay": 0.0001,
        "n_epochs": 300,
        "patience": 30,
        "seed": 42,
        "output_dir": "results"
    },
    "model_name": "GAT_politifact_11_shot_roberta_knn_4",
    "training_history": {
        "final_train_loss": 0.512812614440918,
        "final_train_acc": 0.7727272727272727,
        "final_val_loss": 0.5696064829826355,
        "final_val_acc": 0.7549019607843137,
        "final_val_f1": 0.6813694864425841,
        "best_val_f1": 0.6988344988344988,
        "best_epoch": 74,
        "total_epochs": 195,
        "training_time_seconds": 3.2786433696746826
    },
    "final_test_metrics": {
        "accuracy": 0.8137254901960784,
        "precision": 1.0,
        "recall": 0.3448275862068966,
        "f1_score": 0.5128205128205128,
        "confusion_matrix": [
            [
                73,
                0
            ],
            [
                19,
                10
            ]
        ]
    }
}