{
    "args": {
        "graph_path": "graphs/gossipcop/3_shot_roberta_knn_3_smpf10.pt",
        "model": "GAT",
        "dropout_rate": 0.5,
        "hidden_channels": 128,
        "gat_heads": 8,
        "lr": 0.0001,
        "weight_decay": 0.0001,
        "n_epochs": 300,
        "patience": 30,
        "seed": 42,
        "output_dir": "results"
    },
    "model_name": "GAT_gossipcop_3_shot_roberta_knn_3_smpf10",
    "training_history": {
        "final_train_loss": 0.6275712847709656,
        "final_train_acc": 0.6666666666666666,
        "final_val_loss": 0.5777725577354431,
        "final_val_acc": 0.8087574850299402,
        "final_val_f1": 0.5051017874650907,
        "best_val_f1": 0.6026922185437704,
        "best_epoch": 112,
        "total_epochs": 216,
        "training_time_seconds": 3.611361265182495
    },
    "final_test_metrics": {
        "accuracy": 0.7455089820359282,
        "precision": 0.3439153439153439,
        "recall": 0.38767395626242546,
        "f1_score": 0.3644859813084112,
        "confusion_matrix": [
            [
                1797,
                372
            ],
            [
                308,
                195
            ]
        ]
    }
}