{
    "args": {
        "graph_path": "graphs_hetero/politifact/8_shot_roberta_hetero_knn_5_psl10.pt",
        "model": "HGT",
        "target_node_type": "news",
        "dropout_rate": 0.0,
        "hidden_channels": 128,
        "hgt_han_heads": 4,
        "hgt_layers": 1,
        "lr": 0.0001,
        "weight_decay": 0.0001,
        "n_epochs": 300,
        "patience": 30,
        "seed": 42,
        "output_dir_base": "results_hetero"
    },
    "model_name": "HGT_politifact_8_shot_roberta_hetero_knn_5_psl10",
    "training_history": {
        "final_train_loss": 0.003513460513204336,
        "final_train_acc": 1.0,
        "final_val_loss": 0.4115113317966461,
        "final_val_acc": 0.7745098039215687,
        "final_val_f1": 0.7515620036005506,
        "best_val_f1": 0.7515620036005506,
        "best_epoch": 124,
        "total_epochs_run": 180,
        "training_time_seconds": 5.436565637588501
    },
    "final_test_metrics_on_target_node": {
        "accuracy": 0.7745098039215687,
        "precision": 0.7440476190476191,
        "recall": 0.7905054322153992,
        "f1_score": 0.7515620036005506,
        "confusion_matrix": [
            [
                55,
                18
            ],
            [
                5,
                24
            ]
        ]
    }
}