{
    "args": {
        "graph_path": "graphs/politifact/3_shot_combined_mutual_knn_7_smpf10.pt",
        "model": "GAT",
        "dropout_rate": 0.5,
        "hidden_channels": 128,
        "gat_heads": 8,
        "lr": 0.0001,
        "weight_decay": 0.0001,
        "n_epochs": 300,
        "patience": 30,
        "seed": 42,
        "output_dir": "results"
    },
    "model_name": "GAT_politifact_3_shot_combined_mutual_knn_7_smpf10",
    "training_history": {
        "final_train_loss": 0.6802945733070374,
        "final_train_acc": 0.3333333333333333,
        "final_val_loss": 0.6569669842720032,
        "final_val_acc": 0.6568627450980392,
        "final_val_f1": 0.6445285273324703,
        "best_val_f1": 0.6886446886446886,
        "best_epoch": 50,
        "total_epochs": 96,
        "training_time_seconds": 1.9850497245788574
    },
    "final_test_metrics": {
        "accuracy": 0.7058823529411765,
        "precision": 0.4897959183673469,
        "recall": 0.8275862068965517,
        "f1_score": 0.6153846153846154,
        "confusion_matrix": [
            [
                48,
                25
            ],
            [
                5,
                24
            ]
        ]
    }
}