{
    "args": {
        "graph_path": "graphs/politifact/8_shot_combined_quantile_95.0.pt",
        "model": "GAT",
        "dropout_rate": 0.5,
        "hidden_channels": 128,
        "gat_heads": 8,
        "lr": 0.0001,
        "weight_decay": 0.0001,
        "n_epochs": 300,
        "patience": 30,
        "seed": 42,
        "output_dir": "results"
    },
    "model_name": "GAT_politifact_8_shot_combined_quantile_95.0",
    "training_history": {
        "final_train_loss": 0.3771371841430664,
        "final_train_acc": 1.0,
        "final_val_loss": 0.47867506742477417,
        "final_val_acc": 0.7941176470588235,
        "final_val_f1": 0.7666412463231289,
        "best_val_f1": 0.7818304626815265,
        "best_epoch": 227,
        "total_epochs": 300,
        "training_time_seconds": 12.525153160095215
    },
    "final_test_metrics": {
        "accuracy": 0.8137254901960784,
        "precision": 0.6470588235294118,
        "recall": 0.7586206896551724,
        "f1_score": 0.6984126984126984,
        "confusion_matrix": [
            [
                61,
                12
            ],
            [
                7,
                22
            ]
        ]
    }
}