{
  "accuracy": 0.7529940119760479,
  "precision": 0.6172432504787164,
  "recall": 0.6340720087038855,
  "f1_score": 0.6237605680798971
}