{
    "args": {
        "graph_path": "graphs_hetero/gossipcop/10_shot_distilbert_hetero_knn_5_smpf10.pt",
        "model": "HAN",
        "target_node_type": "news",
        "dropout_rate": 0.0,
        "hidden_channels": 128,
        "hgt_han_heads": 4,
        "hgt_layers": 1,
        "lr": 0.0001,
        "weight_decay": 0.0001,
        "n_epochs": 300,
        "patience": 30,
        "seed": 42,
        "output_dir_base": "results_hetero"
    },
    "model_name": "HAN_gossipcop_10_shot_distilbert_hetero_knn_5_smpf10",
    "training_history": {
        "final_train_loss": 0.29591721296310425,
        "final_train_acc": 0.95,
        "final_val_loss": 0.646679699420929,
        "final_val_acc": 0.6437125748502994,
        "final_val_f1": 0.5327761838813603,
        "best_val_f1": 0.5386719567889333,
        "best_epoch": 56,
        "total_epochs_run": 129,
        "training_time_seconds": 3.2033259868621826
    },
    "final_test_metrics_on_target_node": {
        "accuracy": 0.6410928143712575,
        "precision": 0.5464051839193723,
        "recall": 0.5682002956901284,
        "f1_score": 0.5386719567889333,
        "confusion_matrix": [
            [
                1486,
                683
            ],
            [
                276,
                227
            ]
        ]
    }
}