{
    "args": {
        "graph_path": "graphs/politifact/8_shot_combined_topk_mean_10_100.pt",
        "model": "GAT",
        "dropout_rate": 0.5,
        "hidden_channels": 128,
        "gat_heads": 8,
        "lr": 0.0001,
        "weight_decay": 0.0001,
        "n_epochs": 300,
        "patience": 30,
        "seed": 42,
        "output_dir": "results"
    },
    "model_name": "GAT_politifact_8_shot_combined_topk_mean_10_100",
    "training_history": {
        "final_train_loss": 0.43112891912460327,
        "final_train_acc": 0.9375,
        "final_val_loss": 0.4980868101119995,
        "final_val_acc": 0.7941176470588235,
        "final_val_f1": 0.770048309178744,
        "best_val_f1": 0.7914584279872785,
        "best_epoch": 164,
        "total_epochs": 300,
        "training_time_seconds": 4.633333444595337
    },
    "final_test_metrics": {
        "accuracy": 0.8235294117647058,
        "precision": 0.6666666666666666,
        "recall": 0.7586206896551724,
        "f1_score": 0.7096774193548387,
        "confusion_matrix": [
            [
                62,
                11
            ],
            [
                7,
                22
            ]
        ]
    }
}