{
    "args": {
        "graph_path": "graphs/gossipcop/10_shot_roberta_mutual_knn_8_smpf10.pt",
        "model": "GAT",
        "dropout_rate": 0.5,
        "hidden_channels": 128,
        "gat_heads": 8,
        "lr": 0.0001,
        "weight_decay": 0.0001,
        "n_epochs": 300,
        "patience": 30,
        "seed": 42,
        "output_dir": "results"
    },
    "model_name": "GAT_gossipcop_10_shot_roberta_mutual_knn_8_smpf10",
    "training_history": {
        "final_train_loss": 0.5216551423072815,
        "final_train_acc": 0.65,
        "final_val_loss": 0.6187053322792053,
        "final_val_acc": 0.6961077844311377,
        "final_val_f1": 0.5073276492392597,
        "best_val_f1": 0.5114592846008303,
        "best_epoch": 180,
        "total_epochs": 248,
        "training_time_seconds": 3.647357225418091
    },
    "final_test_metrics": {
        "accuracy": 0.7174401197604791,
        "precision": 0.5127922396148635,
        "recall": 0.5113885612099648,
        "f1_score": 0.5114592846008303,
        "confusion_matrix": [
            [
                1826,
                343
            ],
            [
                412,
                91
            ]
        ]
    }
}