{
    "args": {
        "graph_path": "graphs/politifact/14_shot_combined_knn_3_smpf10.pt",
        "model": "GAT",
        "dropout_rate": 0.5,
        "hidden_channels": 128,
        "gat_heads": 8,
        "lr": 0.0001,
        "weight_decay": 0.0001,
        "n_epochs": 300,
        "patience": 30,
        "seed": 42,
        "output_dir": "results"
    },
    "model_name": "GAT_politifact_14_shot_combined_knn_3_smpf10",
    "training_history": {
        "final_train_loss": 0.5624173283576965,
        "final_train_acc": 0.7857142857142857,
        "final_val_loss": 0.5919612050056458,
        "final_val_acc": 0.7745098039215687,
        "final_val_f1": 0.7515620036005506,
        "best_val_f1": 0.7884075655887737,
        "best_epoch": 194,
        "total_epochs": 230,
        "training_time_seconds": 3.617699384689331
    },
    "final_test_metrics": {
        "accuracy": 0.8333333333333334,
        "precision": 0.7307692307692307,
        "recall": 0.6551724137931034,
        "f1_score": 0.6909090909090909,
        "confusion_matrix": [
            [
                66,
                7
            ],
            [
                10,
                19
            ]
        ]
    }
}