{
    "args": {
        "graph_path": "graphs/gossipcop/5_shot_combined_knn_3_smpf10.pt",
        "model": "GAT",
        "dropout_rate": 0.5,
        "hidden_channels": 128,
        "gat_heads": 8,
        "lr": 0.0001,
        "weight_decay": 0.0001,
        "n_epochs": 300,
        "patience": 30,
        "seed": 42,
        "output_dir": "results"
    },
    "model_name": "GAT_gossipcop_5_shot_combined_knn_3_smpf10",
    "training_history": {
        "final_train_loss": 0.5377058386802673,
        "final_train_acc": 0.9,
        "final_val_loss": 0.6308976411819458,
        "final_val_acc": 0.7851796407185628,
        "final_val_f1": 0.6563527315616452,
        "best_val_f1": 0.6629676415200602,
        "best_epoch": 165,
        "total_epochs": 249,
        "training_time_seconds": 3.72507905960083
    },
    "final_test_metrics": {
        "accuracy": 0.7971556886227545,
        "precision": 0.45962732919254656,
        "recall": 0.441351888667992,
        "f1_score": 0.45030425963488846,
        "confusion_matrix": [
            [
                1908,
                261
            ],
            [
                281,
                222
            ]
        ]
    }
}