{
    "args": {
        "graph_path": "graphs/politifact/9_shot_combined_mutual_knn_7.pt",
        "model": "GAT",
        "dropout_rate": 0.5,
        "hidden_channels": 128,
        "gat_heads": 8,
        "lr": 0.0001,
        "weight_decay": 0.0001,
        "n_epochs": 300,
        "patience": 30,
        "seed": 42,
        "output_dir": "results"
    },
    "model_name": "GAT_politifact_9_shot_combined_mutual_knn_7",
    "training_history": {
        "final_train_loss": 0.5619543790817261,
        "final_train_acc": 0.7777777777777778,
        "final_val_loss": 0.6064586639404297,
        "final_val_acc": 0.7647058823529411,
        "final_val_f1": 0.7352941176470589,
        "best_val_f1": 0.7777777777777777,
        "best_epoch": 133,
        "total_epochs": 167,
        "training_time_seconds": 2.903913736343384
    },
    "final_test_metrics": {
        "accuracy": 0.8333333333333334,
        "precision": 0.7727272727272727,
        "recall": 0.5862068965517241,
        "f1_score": 0.6666666666666666,
        "confusion_matrix": [
            [
                68,
                5
            ],
            [
                12,
                17
            ]
        ]
    }
}