{
    "args": {
        "graph_path": "graphs/gossipcop/7_shot_combined_knn_6_smpf10.pt",
        "model": "GAT",
        "dropout_rate": 0.5,
        "hidden_channels": 128,
        "gat_heads": 8,
        "lr": 0.0001,
        "weight_decay": 0.0001,
        "n_epochs": 300,
        "patience": 30,
        "seed": 42,
        "output_dir": "results"
    },
    "model_name": "GAT_gossipcop_7_shot_combined_knn_6_smpf10",
    "training_history": {
        "final_train_loss": 0.5666698813438416,
        "final_train_acc": 0.7857142857142857,
        "final_val_loss": 0.6564993858337402,
        "final_val_acc": 0.6650449101796407,
        "final_val_f1": 0.5710100647887025,
        "best_val_f1": 0.605015408320493,
        "best_epoch": 55,
        "total_epochs": 157,
        "training_time_seconds": 2.9493494033813477
    },
    "final_test_metrics": {
        "accuracy": 0.7702095808383234,
        "precision": 0.3741496598639456,
        "recall": 0.32803180914512925,
        "f1_score": 0.3495762711864407,
        "confusion_matrix": [
            [
                1893,
                276
            ],
            [
                338,
                165
            ]
        ]
    }
}