{
    "args": {
        "graph_path": "graphs/gossipcop/7_shot_combined_knn_6_smpf10.pt",
        "model": "GAT",
        "dropout_rate": 0.5,
        "hidden_channels": 128,
        "gat_heads": 8,
        "lr": 0.0001,
        "weight_decay": 0.0001,
        "n_epochs": 300,
        "patience": 30,
        "seed": 42,
        "output_dir": "results"
    },
    "model_name": "GAT_gossipcop_7_shot_combined_knn_6_smpf10",
    "training_history": {
        "final_train_loss": 0.5966514945030212,
        "final_train_acc": 0.7857142857142857,
        "final_val_loss": 0.6562277674674988,
        "final_val_acc": 0.6545658682634731,
        "final_val_f1": 0.5761997448870438,
        "best_val_f1": 0.6302931254156275,
        "best_epoch": 86,
        "total_epochs": 132,
        "training_time_seconds": 5.542924880981445
    },
    "final_test_metrics": {
        "accuracy": 0.7952844311377245,
        "precision": 0.6485831876456877,
        "recall": 0.6196545943334919,
        "f1_score": 0.6302931254156275,
        "confusion_matrix": [
            [
                1955,
                214
            ],
            [
                333,
                170
            ]
        ]
    }
}