{
    "args": {
        "graph_path": "graphs/politifact/3_shot_combined_knn_5_smpf10.pt",
        "model": "GAT",
        "dropout_rate": 0.5,
        "hidden_channels": 128,
        "gat_heads": 8,
        "lr": 0.0001,
        "weight_decay": 0.0001,
        "n_epochs": 300,
        "patience": 30,
        "seed": 42,
        "output_dir": "results"
    },
    "model_name": "GAT_politifact_3_shot_combined_knn_5_smpf10",
    "training_history": {
        "final_train_loss": 0.2727614641189575,
        "final_train_acc": 1.0,
        "final_val_loss": 0.5557978749275208,
        "final_val_acc": 0.6862745098039216,
        "final_val_f1": 0.667887667887668,
        "best_val_f1": 0.7083553955310812,
        "best_epoch": 76,
        "total_epochs": 260,
        "training_time_seconds": 8.85675048828125
    },
    "final_test_metrics": {
        "accuracy": 0.7352941176470589,
        "precision": 0.7035714285714285,
        "recall": 0.7423240434577232,
        "f1_score": 0.7083553955310812,
        "confusion_matrix": [
            [
                53,
                20
            ],
            [
                7,
                22
            ]
        ]
    }
}