{
    "args": {
        "graph_path": "graphs/politifact/3_shot_combined_knn_5_smpf10.pt",
        "model": "GAT",
        "dropout_rate": 0.5,
        "hidden_channels": 128,
        "gat_heads": 8,
        "lr": 0.0001,
        "weight_decay": 0.0001,
        "n_epochs": 300,
        "patience": 30,
        "seed": 42,
        "output_dir": "results"
    },
    "model_name": "GAT_politifact_3_shot_combined_knn_5_smpf10",
    "training_history": {
        "final_train_loss": 0.5792126655578613,
        "final_train_acc": 0.6666666666666666,
        "final_val_loss": 0.5977652072906494,
        "final_val_acc": 0.7156862745098039,
        "final_val_f1": 0.6867520914963465,
        "best_val_f1": 0.754442279032443,
        "best_epoch": 115,
        "total_epochs": 176,
        "training_time_seconds": 2.7044272422790527
    },
    "final_test_metrics": {
        "accuracy": 0.7941176470588235,
        "precision": 0.625,
        "recall": 0.6896551724137931,
        "f1_score": 0.6557377049180327,
        "confusion_matrix": [
            [
                61,
                12
            ],
            [
                9,
                20
            ]
        ]
    }
}