{
    "args": {
        "graph_path": "graphs/politifact/4_shot_combined_knn_6_smpf10.pt",
        "model": "GAT",
        "dropout_rate": 0.5,
        "hidden_channels": 128,
        "gat_heads": 8,
        "lr": 0.0001,
        "weight_decay": 0.0001,
        "n_epochs": 300,
        "patience": 30,
        "seed": 42,
        "output_dir": "results"
    },
    "model_name": "GAT_politifact_4_shot_combined_knn_6_smpf10",
    "training_history": {
        "final_train_loss": 0.5252808332443237,
        "final_train_acc": 0.875,
        "final_val_loss": 0.5743823051452637,
        "final_val_acc": 0.7843137254901961,
        "final_val_f1": 0.7536231884057971,
        "best_val_f1": 0.7666412463231289,
        "best_epoch": 66,
        "total_epochs": 142,
        "training_time_seconds": 6.073498725891113
    },
    "final_test_metrics": {
        "accuracy": 0.7941176470588235,
        "precision": 0.7557565789473684,
        "recall": 0.7938119981105338,
        "f1_score": 0.7666412463231289,
        "confusion_matrix": [
            [
                58,
                15
            ],
            [
                6,
                23
            ]
        ]
    }
}