{
    "args": {
        "graph_path": "graphs/politifact/5_shot_combined_mutual_knn_6.pt",
        "model": "GAT",
        "dropout_rate": 0.5,
        "hidden_channels": 128,
        "gat_heads": 8,
        "lr": 0.0001,
        "weight_decay": 0.0001,
        "n_epochs": 300,
        "patience": 30,
        "seed": 42,
        "output_dir": "results"
    },
    "model_name": "GAT_politifact_5_shot_combined_mutual_knn_6",
    "training_history": {
        "final_train_loss": 0.6305568218231201,
        "final_train_acc": 0.5,
        "final_val_loss": 0.6217331290245056,
        "final_val_acc": 0.696078431372549,
        "final_val_f1": 0.6731782945736434,
        "best_val_f1": 0.7043478260869566,
        "best_epoch": 126,
        "total_epochs": 214,
        "training_time_seconds": 3.590733289718628
    },
    "final_test_metrics": {
        "accuracy": 0.7352941176470589,
        "precision": 0.525,
        "recall": 0.7241379310344828,
        "f1_score": 0.6086956521739131,
        "confusion_matrix": [
            [
                54,
                19
            ],
            [
                8,
                21
            ]
        ]
    }
}