{
    "args": {
        "graph_path": "graphs/politifact/15_shot_combined_knn_4.pt",
        "model": "GAT",
        "dropout_rate": 0.5,
        "hidden_channels": 128,
        "gat_heads": 8,
        "lr": 0.0001,
        "weight_decay": 0.0001,
        "n_epochs": 300,
        "patience": 30,
        "seed": 42,
        "output_dir": "results"
    },
    "model_name": "GAT_politifact_15_shot_combined_knn_4",
    "training_history": {
        "final_train_loss": 0.4874018132686615,
        "final_train_acc": 0.9,
        "final_val_loss": 0.5766428112983704,
        "final_val_acc": 0.8137254901960784,
        "final_val_f1": 0.7778287286484007,
        "best_val_f1": 0.7935222672064777,
        "best_epoch": 167,
        "total_epochs": 197,
        "training_time_seconds": 3.2751052379608154
    },
    "final_test_metrics": {
        "accuracy": 0.8431372549019608,
        "precision": 0.782608695652174,
        "recall": 0.6206896551724138,
        "f1_score": 0.6923076923076923,
        "confusion_matrix": [
            [
                68,
                5
            ],
            [
                11,
                18
            ]
        ]
    }
}