{
    "args": {
        "graph_path": "graphs/politifact/13_shot_roberta_knn_6_smpf10.pt",
        "model": "GAT",
        "dropout_rate": 0.5,
        "hidden_channels": 128,
        "gat_heads": 8,
        "lr": 0.0001,
        "weight_decay": 0.0001,
        "n_epochs": 300,
        "patience": 30,
        "seed": 42,
        "output_dir": "results"
    },
    "model_name": "GAT_politifact_13_shot_roberta_knn_6_smpf10",
    "training_history": {
        "final_train_loss": 0.3720795810222626,
        "final_train_acc": 0.8846153846153846,
        "final_val_loss": 0.4860663414001465,
        "final_val_acc": 0.7647058823529411,
        "final_val_f1": 0.7352941176470589,
        "best_val_f1": 0.7723214285714286,
        "best_epoch": 252,
        "total_epochs": 300,
        "training_time_seconds": 11.258604526519775
    },
    "final_test_metrics": {
        "accuracy": 0.803921568627451,
        "precision": 0.762046908315565,
        "recall": 0.7902692489371752,
        "f1_score": 0.7723214285714286,
        "confusion_matrix": [
            [
                60,
                13
            ],
            [
                7,
                22
            ]
        ]
    }
}