{
  "accuracy": 0.7732035928143712,
  "precision": 0.6500072140787622,
  "recall": 0.6762972189912622,
  "f1_score": 0.6599552272030442
}