{
    "model": "LSTM_politifact_9_shot_roberta",
    "dataset": "politifact",
    "embedding": "roberta",
    "k_shot": 9,
    "training_time": 0.5161423683166504,
    "best_epoch": 0,
    "final_train_accuracy": 0.5625,
    "final_train_loss": 0.6859579682350159,
    "final_val_accuracy": 0.0,
    "final_val_loss": 0.7479320764541626,
    "final_val_f1": 0.0,
    "test_metrics": {
        "accuracy": 0.7156862745098039,
        "precision": 0.35784313725490197,
        "recall": 0.5,
        "f1_score": 0.41714285714285715,
        "confusion_matrix": [
            [
                73,
                0
            ],
            [
                29,
                0
            ]
        ]
    }
}