{
    "args": {
        "graph_path": "graphs/gossipcop/3_shot_roberta_mutual_knn_6_smpf10.pt",
        "model": "GAT",
        "dropout_rate": 0.5,
        "hidden_channels": 128,
        "gat_heads": 8,
        "lr": 0.0001,
        "weight_decay": 0.0001,
        "n_epochs": 300,
        "patience": 30,
        "seed": 42,
        "output_dir": "results"
    },
    "model_name": "GAT_gossipcop_3_shot_roberta_mutual_knn_6_smpf10",
    "training_history": {
        "final_train_loss": 0.9471011161804199,
        "final_train_acc": 0.5,
        "final_val_loss": 0.6140695214271545,
        "final_val_acc": 0.7915419161676647,
        "final_val_f1": 0.5036271507181095,
        "best_val_f1": 0.5210152453751408,
        "best_epoch": 96,
        "total_epochs": 164,
        "training_time_seconds": 9.312082290649414
    },
    "final_test_metrics": {
        "accuracy": 0.7548652694610778,
        "precision": 0.5338768267806745,
        "recall": 0.5222244220247899,
        "f1_score": 0.5210152453751408,
        "confusion_matrix": [
            [
                1942,
                227
            ],
            [
                428,
                75
            ]
        ]
    }
}