{
    "args": {
        "graph_path": "graphs_hetero/politifact/15_shot_roberta_hetero_knn_5_smpf10.pt",
        "model": "HGT",
        "target_node_type": "news",
        "dropout_rate": 0.0,
        "hidden_channels": 128,
        "hgt_han_heads": 4,
        "hgt_layers": 1,
        "lr": 0.0001,
        "weight_decay": 0.0001,
        "n_epochs": 300,
        "patience": 30,
        "seed": 42,
        "output_dir_base": "results_hetero"
    },
    "model_name": "HGT_politifact_15_shot_roberta_hetero_knn_5_smpf10",
    "training_history": {
        "final_train_loss": 0.013544163666665554,
        "final_train_acc": 1.0,
        "final_val_loss": 0.46388939023017883,
        "final_val_acc": 0.7745098039215687,
        "final_val_f1": 0.7444166031158078,
        "best_val_f1": 0.7536231884057971,
        "best_epoch": 133,
        "total_epochs_run": 179,
        "training_time_seconds": 5.041453123092651
    },
    "final_test_metrics_on_target_node": {
        "accuracy": 0.7843137254901961,
        "precision": 0.7434511434511435,
        "recall": 0.7765706188001888,
        "f1_score": 0.7536231884057971,
        "confusion_matrix": [
            [
                58,
                15
            ],
            [
                7,
                22
            ]
        ]
    }
}