{
    "args": {
        "graph_path": "graphs/politifact/15_shot_combined_knn_5_smpf10.pt",
        "model": "GAT",
        "dropout_rate": 0.5,
        "hidden_channels": 128,
        "gat_heads": 8,
        "lr": 0.0001,
        "weight_decay": 0.0001,
        "n_epochs": 300,
        "patience": 30,
        "seed": 42,
        "output_dir": "results"
    },
    "model_name": "GAT_politifact_15_shot_combined_knn_5_smpf10",
    "training_history": {
        "final_train_loss": 0.3605746328830719,
        "final_train_acc": 0.9,
        "final_val_loss": 0.471781849861145,
        "final_val_acc": 0.7843137254901961,
        "final_val_f1": 0.745115856428896,
        "best_val_f1": 0.7777777777777777,
        "best_epoch": 26,
        "total_epochs": 300,
        "training_time_seconds": 8.332897186279297
    },
    "final_test_metrics": {
        "accuracy": 0.8333333333333334,
        "precision": 0.8113636363636363,
        "recall": 0.7588568729333962,
        "f1_score": 0.7777777777777777,
        "confusion_matrix": [
            [
                68,
                5
            ],
            [
                12,
                17
            ]
        ]
    }
}