{
  "final_metrics": {
    "loss": 0.649753749370575,
    "accuracy": 0.811751497005988,
    "precision": 0.405875748502994,
    "recall": 0.5,
    "f1": 0.4480479239826482
  },
  "training_time": 580.8774728775024,
  "best_val_acc": 0.811751497005988,
  "total_epochs": 31
}