{
  "final_metrics": {
    "loss": 0.6939975023269653,
    "accuracy": 0.3137254901960784,
    "precision": 0.4992481203007519,
    "recall": 0.49976381672177606,
    "f1": 0.280241935483871
  },
  "training_time": 31.617008686065674,
  "best_val_acc": 0.7156862745098039,
  "total_epochs": 31
}