{
  "final_metrics": {
    "loss": 0.6626521944999695,
    "accuracy": 0.811751497005988,
    "precision": 0.405875748502994,
    "recall": 0.5,
    "f1": 0.4480479239826482
  },
  "training_time": 497.10227727890015,
  "best_val_acc": 0.811751497005988,
  "total_epochs": 31
}