{
  "final_metrics": {
    "loss": 0.6855913400650024,
    "accuracy": 0.811751497005988,
    "precision": 0.405875748502994,
    "recall": 0.5,
    "f1": 0.4480479239826482
  },
  "training_time": 489.0516357421875,
  "best_val_acc": 0.811751497005988,
  "total_epochs": 31
}