{
  "final_metrics": {
    "loss": 0.6922545433044434,
    "accuracy": 0.6764705882352942,
    "precision": 0.4375,
    "recall": 0.482994803967879,
    "f1": 0.430938292476754
  },
  "training_time": 44.864940881729126,
  "best_val_acc": 0.7254901960784313,
  "total_epochs": 35
}