{
  "final_metrics": {
    "loss": 0.6679131388664246,
    "accuracy": 0.7156862745098039,
    "precision": 0.35784313725490197,
    "recall": 0.5,
    "f1": 0.41714285714285715
  },
  "training_time": 37.80740761756897,
  "best_val_acc": 0.7156862745098039,
  "total_epochs": 31
}