{
  "final_metrics": {
    "loss": 0.6832407712936401,
    "accuracy": 0.811751497005988,
    "precision": 0.405875748502994,
    "recall": 0.5,
    "f1": 0.4480479239826482
  },
  "training_time": 850.3628869056702,
  "best_val_acc": 0.8125,
  "total_epochs": 57
}