{
    "args": {
        "graph_path": "graphs/politifact/14_shot_combined_knn_8_smpf10.pt",
        "model": "GAT",
        "dropout_rate": 0.5,
        "hidden_channels": 128,
        "gat_heads": 8,
        "lr": 0.0001,
        "weight_decay": 0.0001,
        "n_epochs": 300,
        "patience": 30,
        "seed": 42,
        "output_dir": "results"
    },
    "model_name": "GAT_politifact_14_shot_combined_knn_8_smpf10",
    "training_history": {
        "final_train_loss": 0.3391895294189453,
        "final_train_acc": 0.8928571428571429,
        "final_val_loss": 0.49479734897613525,
        "final_val_acc": 0.7254901960784313,
        "final_val_f1": 0.6955223880597015,
        "best_val_f1": 0.7777777777777777,
        "best_epoch": 19,
        "total_epochs": 300,
        "training_time_seconds": 5.124234437942505
    },
    "final_test_metrics": {
        "accuracy": 0.8333333333333334,
        "precision": 0.8113636363636363,
        "recall": 0.7588568729333962,
        "f1_score": 0.7777777777777777,
        "confusion_matrix": [
            [
                68,
                5
            ],
            [
                12,
                17
            ]
        ]
    }
}