{
    "args": {
        "graph_path": "graphs/politifact/14_shot_combined_knn_8_smpf10.pt",
        "model": "GAT",
        "dropout_rate": 0.5,
        "hidden_channels": 128,
        "gat_heads": 8,
        "lr": 0.0001,
        "weight_decay": 0.0001,
        "n_epochs": 300,
        "patience": 30,
        "seed": 42,
        "output_dir": "results"
    },
    "model_name": "GAT_politifact_14_shot_combined_knn_8_smpf10",
    "training_history": {
        "final_train_loss": 0.43184199929237366,
        "final_train_acc": 0.8571428571428571,
        "final_val_loss": 0.5406535863876343,
        "final_val_acc": 0.7843137254901961,
        "final_val_f1": 0.7573529411764706,
        "best_val_f1": 0.8111111111111111,
        "best_epoch": 176,
        "total_epochs": 300,
        "training_time_seconds": 3.956855535507202
    },
    "final_test_metrics": {
        "accuracy": 0.8431372549019608,
        "precision": 0.7096774193548387,
        "recall": 0.7586206896551724,
        "f1_score": 0.7333333333333333,
        "confusion_matrix": [
            [
                64,
                9
            ],
            [
                7,
                22
            ]
        ]
    }
}