{
    "args": {
        "graph_path": "graphs/politifact/16_shot_combined_knn_4.pt",
        "model": "GAT",
        "dropout_rate": 0.5,
        "hidden_channels": 128,
        "gat_heads": 8,
        "lr": 0.0001,
        "weight_decay": 0.0001,
        "n_epochs": 300,
        "patience": 30,
        "seed": 42,
        "output_dir": "results"
    },
    "model_name": "GAT_politifact_16_shot_combined_knn_4",
    "training_history": {
        "final_train_loss": 0.48173829913139343,
        "final_train_acc": 0.875,
        "final_val_loss": 0.5524534583091736,
        "final_val_acc": 0.803921568627451,
        "final_val_f1": 0.7723214285714286,
        "best_val_f1": 0.7935222672064777,
        "best_epoch": 166,
        "total_epochs": 241,
        "training_time_seconds": 3.7455060482025146
    },
    "final_test_metrics": {
        "accuracy": 0.8431372549019608,
        "precision": 0.782608695652174,
        "recall": 0.6206896551724138,
        "f1_score": 0.6923076923076923,
        "confusion_matrix": [
            [
                68,
                5
            ],
            [
                11,
                18
            ]
        ]
    }
}