{
  "accuracy": 0.7761976047904192,
  "precision": 0.6440409746944289,
  "recall": 0.6567629721899126,
  "f1_score": 0.6496197220036717
}