{
    "args": {
        "graph_path": "graphs/gossipcop/13_shot_combined_mutual_knn_4_smpf10.pt",
        "model": "GAT",
        "dropout_rate": 0.5,
        "hidden_channels": 128,
        "gat_heads": 8,
        "lr": 0.0001,
        "weight_decay": 0.0001,
        "n_epochs": 300,
        "patience": 30,
        "seed": 42,
        "output_dir": "results"
    },
    "model_name": "GAT_gossipcop_13_shot_combined_mutual_knn_4_smpf10",
    "training_history": {
        "final_train_loss": 0.6391751170158386,
        "final_train_acc": 0.5384615384615384,
        "final_val_loss": 0.7081590890884399,
        "final_val_acc": 0.35217065868263475,
        "final_val_f1": 0.3511687284905687,
        "best_val_f1": 0.5166451515564392,
        "best_epoch": 20,
        "total_epochs": 50,
        "training_time_seconds": 1.5176563262939453
    },
    "final_test_metrics": {
        "accuracy": 0.6482035928143712,
        "precision": 0.21806451612903227,
        "recall": 0.3359840954274354,
        "f1_score": 0.2644757433489828,
        "confusion_matrix": [
            [
                1563,
                606
            ],
            [
                334,
                169
            ]
        ]
    }
}