{
  "accuracy": 0.7470059880239521,
  "f1": 0.7205111958079317,
  "precision": 0.7009015025772969,
  "recall": 0.7470059880239521
}