{
  "accuracy": 0.7470059880239521,
  "f1": 0.5041370593770967,
  "precision": 0.5126415203367878,
  "recall": 0.5082213038046502,
  "confusion_matrix": [
    [
      1933,
      236
    ],
    [
      440,
      63
    ]
  ]
}