{
    "args": {
        "graph_path": "graphs/politifact/12_shot_roberta_knn_8_smpf10.pt",
        "model": "GAT",
        "dropout_rate": 0.5,
        "hidden_channels": 128,
        "gat_heads": 8,
        "lr": 0.0001,
        "weight_decay": 0.0001,
        "n_epochs": 300,
        "patience": 30,
        "seed": 42,
        "output_dir": "results"
    },
    "model_name": "GAT_politifact_12_shot_roberta_knn_8_smpf10",
    "training_history": {
        "final_train_loss": 0.3418096601963043,
        "final_train_acc": 0.9166666666666666,
        "final_val_loss": 0.5079108476638794,
        "final_val_acc": 0.7352941176470589,
        "final_val_f1": 0.6999673167011657,
        "best_val_f1": 0.735064935064935,
        "best_epoch": 55,
        "total_epochs": 248,
        "training_time_seconds": 9.333955526351929
    },
    "final_test_metrics": {
        "accuracy": 0.803921568627451,
        "precision": 0.7707231040564374,
        "recall": 0.7175247992442135,
        "f1_score": 0.735064935064935,
        "confusion_matrix": [
            [
                67,
                6
            ],
            [
                14,
                15
            ]
        ]
    }
}