{
    "args": {
        "graph_path": "graphs/politifact/12_shot_roberta_knn_8_smpf10.pt",
        "model": "GAT",
        "dropout_rate": 0.5,
        "hidden_channels": 128,
        "gat_heads": 8,
        "lr": 0.0001,
        "weight_decay": 0.0001,
        "n_epochs": 300,
        "patience": 30,
        "seed": 42,
        "output_dir": "results"
    },
    "model_name": "GAT_politifact_12_shot_roberta_knn_8_smpf10",
    "training_history": {
        "final_train_loss": 0.45975232124328613,
        "final_train_acc": 0.8333333333333334,
        "final_val_loss": 0.5940960645675659,
        "final_val_acc": 0.7450980392156863,
        "final_val_f1": 0.6800193050193051,
        "best_val_f1": 0.7109116674539442,
        "best_epoch": 111,
        "total_epochs": 155,
        "training_time_seconds": 2.7876358032226562
    },
    "final_test_metrics": {
        "accuracy": 0.7647058823529411,
        "precision": 0.5862068965517241,
        "recall": 0.5862068965517241,
        "f1_score": 0.5862068965517241,
        "confusion_matrix": [
            [
                61,
                12
            ],
            [
                12,
                17
            ]
        ]
    }
}