{
  "accuracy": 0.7960329341317365,
  "precision": 0.6612475012493753,
  "recall": 0.6514197434113622,
  "f1_score": 0.6559433666488761
}