{
    "args": {
        "graph_path": "graphs_hetero/gossipcop/7_shot_distilbert_hetero_knn_5_smpf10.pt",
        "model": "HAN",
        "target_node_type": "news",
        "dropout_rate": 0.0,
        "hidden_channels": 128,
        "hgt_han_heads": 4,
        "hgt_layers": 1,
        "lr": 0.0001,
        "weight_decay": 0.0001,
        "n_epochs": 300,
        "patience": 30,
        "seed": 42,
        "output_dir_base": "results_hetero"
    },
    "model_name": "HAN_gossipcop_7_shot_distilbert_hetero_knn_5_smpf10",
    "training_history": {
        "final_train_loss": 0.3365029990673065,
        "final_train_acc": 1.0,
        "final_val_loss": 0.6779967546463013,
        "final_val_acc": 0.5804640718562875,
        "final_val_f1": 0.5064049440713708,
        "best_val_f1": 0.5273581647973236,
        "best_epoch": 15,
        "total_epochs_run": 92,
        "training_time_seconds": 2.6492815017700195
    },
    "final_test_metrics_on_target_node": {
        "accuracy": 0.6478293413173652,
        "precision": 0.5322301532950535,
        "recall": 0.5448631401998337,
        "f1_score": 0.5273581647973236,
        "confusion_matrix": [
            [
                1540,
                629
            ],
            [
                312,
                191
            ]
        ]
    }
}