{
    "args": {
        "graph_path": "graphs_hetero/gossipcop/3_shot_roberta_hetero_knn_5_smpf10.pt",
        "model": "HAN",
        "target_node_type": "news",
        "dropout_rate": 0.0,
        "hidden_channels": 128,
        "hgt_han_heads": 4,
        "hgt_layers": 1,
        "lr": 0.0001,
        "weight_decay": 0.0001,
        "n_epochs": 300,
        "patience": 30,
        "seed": 42,
        "output_dir_base": "results_hetero"
    },
    "model_name": "HAN_gossipcop_3_shot_roberta_hetero_knn_5_smpf10",
    "training_history": {
        "final_train_loss": 0.1620968133211136,
        "final_train_acc": 1.0,
        "final_val_loss": 0.6483439207077026,
        "final_val_acc": 0.6515718562874252,
        "final_val_f1": 0.5866418371370513,
        "best_val_f1": 0.639394304805263,
        "best_epoch": 79,
        "total_epochs_run": 300,
        "training_time_seconds": 4.968579530715942
    },
    "final_test_metrics_on_target_node": {
        "accuracy": 0.7750748502994012,
        "precision": 0.6367801208533728,
        "recall": 0.6423281427158579,
        "f1_score": 0.639394304805263,
        "confusion_matrix": [
            [
                1855,
                314
            ],
            [
                287,
                216
            ]
        ]
    }
}