{
    "args": {
        "graph_path": "graphs_hetero/gossipcop/3_shot_roberta_hetero_knn_5_smpf10.pt",
        "model": "HAN",
        "target_node_type": "news",
        "dropout_rate": 0.0,
        "hidden_channels": 128,
        "hgt_han_heads": 4,
        "hgt_layers": 1,
        "lr": 0.0001,
        "weight_decay": 0.0001,
        "n_epochs": 300,
        "patience": 30,
        "seed": 42,
        "output_dir_base": "results_hetero"
    },
    "model_name": "HAN_gossipcop_3_shot_roberta_hetero_knn_5_smpf10",
    "training_history": {
        "final_train_loss": 0.16350923478603363,
        "final_train_acc": 1.0,
        "final_val_loss": 0.6493381261825562,
        "final_val_acc": 0.6478293413173652,
        "final_val_f1": 0.5839490351004198,
        "best_val_f1": 0.6370603374320847,
        "best_epoch": 77,
        "total_epochs_run": 300,
        "training_time_seconds": 6.493970155715942
    },
    "final_test_metrics_on_target_node": {
        "accuracy": 0.7724550898203593,
        "precision": 0.6339042036816558,
        "recall": 0.6407144958739953,
        "f1_score": 0.6370603374320847,
        "confusion_matrix": [
            [
                1848,
                321
            ],
            [
                287,
                216
            ]
        ]
    }
}