{
    "args": {
        "graph_path": "graphs/gossipcop/4_shot_roberta_knn_7_smpf10.pt",
        "model": "GAT",
        "dropout_rate": 0.5,
        "hidden_channels": 128,
        "gat_heads": 8,
        "lr": 0.0001,
        "weight_decay": 0.0001,
        "n_epochs": 300,
        "patience": 30,
        "seed": 42,
        "output_dir": "results"
    },
    "model_name": "GAT_gossipcop_4_shot_roberta_knn_7_smpf10",
    "training_history": {
        "final_train_loss": 0.5991674065589905,
        "final_train_acc": 0.625,
        "final_val_loss": 0.580832302570343,
        "final_val_acc": 0.811751497005988,
        "final_val_f1": 0.4480479239826482,
        "best_val_f1": 0.4578396920294994,
        "best_epoch": 4,
        "total_epochs": 79,
        "training_time_seconds": 1.9152584075927734
    },
    "final_test_metrics": {
        "accuracy": 0.7537425149700598,
        "precision": 0.10256410256410256,
        "recall": 0.039761431411530816,
        "f1_score": 0.05730659025787966,
        "confusion_matrix": [
            [
                1994,
                175
            ],
            [
                483,
                20
            ]
        ]
    }
}