{
    "args": {
        "graph_path": "graphs/gossipcop/4_shot_roberta_knn_7_smpf10.pt",
        "model": "GAT",
        "dropout_rate": 0.5,
        "hidden_channels": 128,
        "gat_heads": 8,
        "lr": 0.0001,
        "weight_decay": 0.0001,
        "n_epochs": 300,
        "patience": 30,
        "seed": 42,
        "output_dir": "results"
    },
    "model_name": "GAT_gossipcop_4_shot_roberta_knn_7_smpf10",
    "training_history": {
        "final_train_loss": 0.4365915060043335,
        "final_train_acc": 1.0,
        "final_val_loss": 0.5843738913536072,
        "final_val_acc": 0.7174401197604791,
        "final_val_f1": 0.562836982895609,
        "best_val_f1": 0.563795878000958,
        "best_epoch": 299,
        "total_epochs": 300,
        "training_time_seconds": 6.215155124664307
    },
    "final_test_metrics": {
        "accuracy": 0.7163173652694611,
        "precision": 0.5611128001193264,
        "recall": 0.5687241236765668,
        "f1_score": 0.563795878000958,
        "confusion_matrix": [
            [
                1747,
                422
            ],
            [
                336,
                167
            ]
        ]
    }
}