{
  "accuracy": 0.3963323353293413,
  "f1": 0.42662967320028194,
  "precision": 0.7448206673629946,
  "recall": 0.3963323353293413
}