{
  "accuracy": 0.3963323353293413,
  "f1": 0.39095803723350664,
  "precision": 0.5396681722506037,
  "recall": 0.5525816974593197,
  "confusion_matrix": [
    [
      655,
      1514
    ],
    [
      99,
      404
    ]
  ]
}