{
  "accuracy": 0.696078431372549,
  "precision": 0.6766304347826086,
  "recall": 0.7149267831837506,
  "f1_score": 0.6731782945736434
}