{
    "args": {
        "graph_path": "graphs_hetero/gossipcop/13_shot_roberta_hetero_knn_5_psl10.pt",
        "model": "HAN",
        "target_node_type": "news",
        "dropout_rate": 0.0,
        "hidden_channels": 128,
        "hgt_han_heads": 4,
        "hgt_layers": 1,
        "lr": 0.0001,
        "weight_decay": 0.0001,
        "n_epochs": 300,
        "patience": 30,
        "seed": 42,
        "output_dir_base": "results_hetero"
    },
    "model_name": "HAN_gossipcop_13_shot_roberta_hetero_knn_5_psl10",
    "training_history": {
        "final_train_loss": 0.2151915282011032,
        "final_train_acc": 1.0,
        "final_val_loss": 0.5881508588790894,
        "final_val_acc": 0.7009730538922155,
        "final_val_f1": 0.5998961756468173,
        "best_val_f1": 0.6178966530629605,
        "best_epoch": 67,
        "total_epochs_run": 300,
        "training_time_seconds": 5.041708946228027
    },
    "final_test_metrics_on_target_node": {
        "accuracy": 0.7533682634730539,
        "precision": 0.6128029334100065,
        "recall": 0.6251403519867426,
        "f1_score": 0.6178966530629605,
        "confusion_matrix": [
            [
                1802,
                367
            ],
            [
                292,
                211
            ]
        ]
    }
}