{
    "args": {
        "graph_path": "graphs/gossipcop/7_shot_roberta_knn_3_smpf10.pt",
        "model": "GAT",
        "dropout_rate": 0.5,
        "hidden_channels": 128,
        "gat_heads": 8,
        "lr": 0.0001,
        "weight_decay": 0.0001,
        "n_epochs": 300,
        "patience": 30,
        "seed": 42,
        "output_dir": "results"
    },
    "model_name": "GAT_gossipcop_7_shot_roberta_knn_3_smpf10",
    "training_history": {
        "final_train_loss": 0.6916542649269104,
        "final_train_acc": 0.7142857142857143,
        "final_val_loss": 0.6263126134872437,
        "final_val_acc": 0.8061377245508982,
        "final_val_f1": 0.46113511956208586,
        "best_val_f1": 0.4648824316914202,
        "best_epoch": 3,
        "total_epochs": 88,
        "training_time_seconds": 1.8967173099517822
    },
    "final_test_metrics": {
        "accuracy": 0.6627994011976048,
        "precision": 0.13419117647058823,
        "recall": 0.14512922465208747,
        "f1_score": 0.13944603629417382,
        "confusion_matrix": [
            [
                1698,
                471
            ],
            [
                430,
                73
            ]
        ]
    }
}