{
    "args": {
        "graph_path": "graphs/politifact/9_shot_roberta_mutual_knn_4_smpf10.pt",
        "model": "GAT",
        "dropout_rate": 0.5,
        "hidden_channels": 128,
        "gat_heads": 8,
        "lr": 0.0001,
        "weight_decay": 0.0001,
        "n_epochs": 300,
        "patience": 30,
        "seed": 42,
        "output_dir": "results"
    },
    "model_name": "GAT_politifact_9_shot_roberta_mutual_knn_4_smpf10",
    "training_history": {
        "final_train_loss": 0.44509634375572205,
        "final_train_acc": 0.7777777777777778,
        "final_val_loss": 0.5851306915283203,
        "final_val_acc": 0.7843137254901961,
        "final_val_f1": 0.7085714285714286,
        "best_val_f1": 0.7193175564116676,
        "best_epoch": 49,
        "total_epochs": 140,
        "training_time_seconds": 2.714400053024292
    },
    "final_test_metrics": {
        "accuracy": 0.803921568627451,
        "precision": 0.7647058823529411,
        "recall": 0.4482758620689655,
        "f1_score": 0.5652173913043478,
        "confusion_matrix": [
            [
                69,
                4
            ],
            [
                16,
                13
            ]
        ]
    }
}