{
    "args": {
        "graph_path": "graphs_hetero/gossipcop/5_shot_bigbird_hetero_knn_5_smpf10.pt",
        "model": "HGT",
        "target_node_type": "news",
        "dropout_rate": 0.0,
        "hidden_channels": 128,
        "hgt_han_heads": 4,
        "hgt_layers": 1,
        "lr": 0.0001,
        "weight_decay": 0.0001,
        "n_epochs": 300,
        "patience": 30,
        "seed": 42,
        "output_dir_base": "results_hetero"
    },
    "model_name": "HGT_gossipcop_5_shot_bigbird_hetero_knn_5_smpf10",
    "training_history": {
        "final_train_loss": 0.0010310403304174542,
        "final_train_acc": 1.0,
        "final_val_loss": 1.572270154953003,
        "final_val_acc": 0.6639221556886228,
        "final_val_f1": 0.5545515842251747,
        "best_val_f1": 0.5566616890658702,
        "best_epoch": 163,
        "total_epochs_run": 193,
        "training_time_seconds": 7.357789754867554
    },
    "final_test_metrics_on_target_node": {
        "accuracy": 0.6691616766467066,
        "precision": 0.5580074481165149,
        "recall": 0.5809082801485234,
        "f1_score": 0.5566616890658702,
        "confusion_matrix": [
            [
                1567,
                602
            ],
            [
                282,
                221
            ]
        ]
    }
}