{
    "args": {
        "graph_path": "graphs/politifact/15_shot_roberta_knn_5_psl10.pt",
        "model": "GAT",
        "dropout_rate": 0.5,
        "hidden_channels": 128,
        "gat_heads": 8,
        "lr": 0.0001,
        "weight_decay": 0.0001,
        "n_epochs": 300,
        "patience": 30,
        "seed": 42,
        "output_dir": "results"
    },
    "model_name": "GAT_politifact_15_shot_roberta_knn_5_psl10",
    "training_history": {
        "final_train_loss": 0.3755090832710266,
        "final_train_acc": 0.8666666666666667,
        "final_val_loss": 0.49072006344795227,
        "final_val_acc": 0.7843137254901961,
        "final_val_f1": 0.7573529411764706,
        "best_val_f1": 0.7588652482269503,
        "best_epoch": 291,
        "total_epochs": 300,
        "training_time_seconds": 5.2948973178863525
    },
    "final_test_metrics": {
        "accuracy": 0.7941176470588235,
        "precision": 0.75,
        "recall": 0.7730278696268305,
        "f1_score": 0.7588652482269503,
        "confusion_matrix": [
            [
                60,
                13
            ],
            [
                8,
                21
            ]
        ]
    }
}