{
  "accuracy": 0.7634730538922155,
  "precision": 0.632591650773469,
  "recall": 0.6519793181895258,
  "f1_score": 0.6402027660452099
}