{
    "args": {
        "graph_path": "graphs/politifact/10_shot_combined_mutual_knn_8_smpf10.pt",
        "model": "GAT",
        "dropout_rate": 0.5,
        "hidden_channels": 128,
        "gat_heads": 8,
        "lr": 0.0001,
        "weight_decay": 0.0001,
        "n_epochs": 300,
        "patience": 30,
        "seed": 42,
        "output_dir": "results"
    },
    "model_name": "GAT_politifact_10_shot_combined_mutual_knn_8_smpf10",
    "training_history": {
        "final_train_loss": 0.351471871137619,
        "final_train_acc": 0.95,
        "final_val_loss": 0.5329614281654358,
        "final_val_acc": 0.7647058823529411,
        "final_val_f1": 0.7352941176470589,
        "best_val_f1": 0.7778287286484007,
        "best_epoch": 225,
        "total_epochs": 300,
        "training_time_seconds": 4.451745986938477
    },
    "final_test_metrics": {
        "accuracy": 0.8137254901960784,
        "precision": 0.65625,
        "recall": 0.7241379310344828,
        "f1_score": 0.6885245901639344,
        "confusion_matrix": [
            [
                62,
                11
            ],
            [
                8,
                21
            ]
        ]
    }
}