{
    "args": {
        "graph_path": "graphs/politifact/10_shot_combined_knn_4_smpf10.pt",
        "model": "GAT",
        "dropout_rate": 0.5,
        "hidden_channels": 128,
        "gat_heads": 8,
        "lr": 0.0001,
        "weight_decay": 0.0001,
        "n_epochs": 300,
        "patience": 30,
        "seed": 42,
        "output_dir": "results"
    },
    "model_name": "GAT_politifact_10_shot_combined_knn_4_smpf10",
    "training_history": {
        "final_train_loss": 0.5963176488876343,
        "final_train_acc": 0.7,
        "final_val_loss": 0.605893075466156,
        "final_val_acc": 0.7450980392156863,
        "final_val_f1": 0.71727078891258,
        "best_val_f1": 0.7777777777777777,
        "best_epoch": 137,
        "total_epochs": 167,
        "training_time_seconds": 2.608466386795044
    },
    "final_test_metrics": {
        "accuracy": 0.8333333333333334,
        "precision": 0.7727272727272727,
        "recall": 0.5862068965517241,
        "f1_score": 0.6666666666666666,
        "confusion_matrix": [
            [
                68,
                5
            ],
            [
                12,
                17
            ]
        ]
    }
}