{
    "model": "LSTM_politifact_bert_15_shot",
    "dataset": "politifact",
    "embedding": "bert",
    "k_shot": 15,
    "training_time": 0.6661486625671387,
    "best_epoch": 8,
    "final_train_accuracy": 1.0,
    "final_train_loss": 0.4571143388748169,
    "final_val_accuracy": 1.0,
    "final_val_loss": 0.5037389993667603,
    "final_val_f1": 1.0,
    "test_metrics": {
        "accuracy": 0.7156862745098039,
        "precision": 0.671875,
        "recall": 0.6974492205951819,
        "f1_score": 0.6777426734938446,
        "confusion_matrix": [
            [
                54,
                19
            ],
            [
                10,
                19
            ]
        ]
    }
}