{
    "args": {
        "graph_path": "graphs/politifact/6_shot_roberta_knn_4_smpf10.pt",
        "model": "GAT",
        "dropout_rate": 0.5,
        "hidden_channels": 128,
        "gat_heads": 8,
        "lr": 0.0001,
        "weight_decay": 0.0001,
        "n_epochs": 300,
        "patience": 30,
        "seed": 42,
        "output_dir": "results"
    },
    "model_name": "GAT_politifact_6_shot_roberta_knn_4_smpf10",
    "training_history": {
        "final_train_loss": 0.4038764238357544,
        "final_train_acc": 0.8333333333333334,
        "final_val_loss": 0.6277906894683838,
        "final_val_acc": 0.6470588235294118,
        "final_val_f1": 0.622532894736842,
        "best_val_f1": 0.6820779220779221,
        "best_epoch": 104,
        "total_epochs": 153,
        "training_time_seconds": 2.788278818130493
    },
    "final_test_metrics": {
        "accuracy": 0.7647058823529411,
        "precision": 0.6190476190476191,
        "recall": 0.4482758620689655,
        "f1_score": 0.52,
        "confusion_matrix": [
            [
                65,
                8
            ],
            [
                16,
                13
            ]
        ]
    }
}