{
  "accuracy": 0.7156862745098039,
  "precision": 0.6964285714285714,
  "recall": 0.7390174775625886,
  "f1_score": 0.6942635658914729
}