{
    "args": {
        "graph_path": "graphs/politifact/16_shot_combined_mutual_knn_6.pt",
        "model": "GAT",
        "dropout_rate": 0.5,
        "hidden_channels": 128,
        "gat_heads": 8,
        "lr": 0.0001,
        "weight_decay": 0.0001,
        "n_epochs": 300,
        "patience": 30,
        "seed": 42,
        "output_dir": "results"
    },
    "model_name": "GAT_politifact_16_shot_combined_mutual_knn_6",
    "training_history": {
        "final_train_loss": 0.6105337738990784,
        "final_train_acc": 0.71875,
        "final_val_loss": 0.5827871561050415,
        "final_val_acc": 0.7745098039215687,
        "final_val_f1": 0.7403431101272828,
        "best_val_f1": 0.7448321263989467,
        "best_epoch": 51,
        "total_epochs": 197,
        "training_time_seconds": 3.105346202850342
    },
    "final_test_metrics": {
        "accuracy": 0.8137254901960784,
        "precision": 0.75,
        "recall": 0.5172413793103449,
        "f1_score": 0.6122448979591837,
        "confusion_matrix": [
            [
                68,
                5
            ],
            [
                14,
                15
            ]
        ]
    }
}