{
    "args": {
        "graph_path": "graphs/politifact/5_shot_roberta_knn_6_smpf10.pt",
        "model": "GAT",
        "dropout_rate": 0.5,
        "hidden_channels": 128,
        "gat_heads": 8,
        "lr": 0.0001,
        "weight_decay": 0.0001,
        "n_epochs": 300,
        "patience": 30,
        "seed": 42,
        "output_dir": "results"
    },
    "model_name": "GAT_politifact_5_shot_roberta_knn_6_smpf10",
    "training_history": {
        "final_train_loss": 0.2924453616142273,
        "final_train_acc": 1.0,
        "final_val_loss": 0.5436845421791077,
        "final_val_acc": 0.7156862745098039,
        "final_val_f1": 0.7004556962025317,
        "best_val_f1": 0.7235772357723578,
        "best_epoch": 292,
        "total_epochs": 300,
        "training_time_seconds": 7.29560112953186
    },
    "final_test_metrics": {
        "accuracy": 0.7352941176470589,
        "precision": 0.7396153846153846,
        "recall": 0.7942843646669815,
        "f1_score": 0.7235772357723578,
        "confusion_matrix": [
            [
                48,
                25
            ],
            [
                2,
                27
            ]
        ]
    }
}