{
    "args": {
        "graph_path": "graphs/politifact/6_shot_roberta_knn_7.pt",
        "model": "GAT",
        "dropout_rate": 0.5,
        "hidden_channels": 128,
        "gat_heads": 8,
        "lr": 0.0001,
        "weight_decay": 0.0001,
        "n_epochs": 300,
        "patience": 30,
        "seed": 42,
        "output_dir": "results"
    },
    "model_name": "GAT_politifact_6_shot_roberta_knn_7",
    "training_history": {
        "final_train_loss": 0.4355778694152832,
        "final_train_acc": 0.8333333333333334,
        "final_val_loss": 0.6013068556785583,
        "final_val_acc": 0.7254901960784313,
        "final_val_f1": 0.6474074074074074,
        "best_val_f1": 0.6890243902439024,
        "best_epoch": 65,
        "total_epochs": 140,
        "training_time_seconds": 2.4659981727600098
    },
    "final_test_metrics": {
        "accuracy": 0.803921568627451,
        "precision": 0.9090909090909091,
        "recall": 0.3448275862068966,
        "f1_score": 0.5,
        "confusion_matrix": [
            [
                72,
                1
            ],
            [
                19,
                10
            ]
        ]
    }
}