{
    "args": {
        "graph_path": "graphs/gossipcop/8_shot_roberta_mutual_knn_6_smpf10.pt",
        "model": "GAT",
        "dropout_rate": 0.5,
        "hidden_channels": 128,
        "gat_heads": 8,
        "lr": 0.0001,
        "weight_decay": 0.0001,
        "n_epochs": 300,
        "patience": 30,
        "seed": 42,
        "output_dir": "results"
    },
    "model_name": "GAT_gossipcop_8_shot_roberta_mutual_knn_6_smpf10",
    "training_history": {
        "final_train_loss": 0.6985498666763306,
        "final_train_acc": 0.6875,
        "final_val_loss": 0.6186903715133667,
        "final_val_acc": 0.8098802395209581,
        "final_val_f1": 0.44747725392886684,
        "best_val_f1": 0.4564992831932935,
        "best_epoch": 2,
        "total_epochs": 48,
        "training_time_seconds": 3.4206831455230713
    },
    "final_test_metrics": {
        "accuracy": 0.7039670658682635,
        "precision": 0.4526715766425433,
        "recall": 0.4633870360135178,
        "f1_score": 0.4564992831932935,
        "confusion_matrix": [
            [
                1842,
                327
            ],
            [
                464,
                39
            ]
        ]
    }
}