{
    "args": {
        "graph_path": "graphs_hetero/gossipcop/9_shot_roberta_hetero_knn_5_smpf10.pt",
        "model": "HGT",
        "target_node_type": "news",
        "dropout_rate": 0.0,
        "hidden_channels": 128,
        "hgt_han_heads": 4,
        "hgt_layers": 1,
        "lr": 0.0001,
        "weight_decay": 0.0001,
        "n_epochs": 300,
        "patience": 30,
        "seed": 42,
        "output_dir_base": "results_hetero"
    },
    "model_name": "HGT_gossipcop_9_shot_roberta_hetero_knn_5_smpf10",
    "training_history": {
        "final_train_loss": 0.011212598532438278,
        "final_train_acc": 1.0,
        "final_val_loss": 0.5742677450180054,
        "final_val_acc": 0.7226796407185628,
        "final_val_f1": 0.6044101742575467,
        "best_val_f1": 0.6079125216821907,
        "best_epoch": 151,
        "total_epochs_run": 181,
        "training_time_seconds": 6.660014867782593
    },
    "final_test_metrics_on_target_node": {
        "accuracy": 0.7264221556886228,
        "precision": 0.6008736598087511,
        "recall": 0.6276307118102817,
        "f1_score": 0.6079125216821907,
        "confusion_matrix": [
            [
                1705,
                464
            ],
            [
                267,
                236
            ]
        ]
    }
}