{
    "args": {
        "graph_path": "graphs_hetero/politifact/16_shot_roberta_hetero_knn_5_smpf10.pt",
        "model": "HAN",
        "target_node_type": "news",
        "dropout_rate": 0.0,
        "hidden_channels": 128,
        "hgt_han_heads": 4,
        "hgt_layers": 1,
        "lr": 0.0001,
        "weight_decay": 0.0001,
        "n_epochs": 300,
        "patience": 30,
        "seed": 42,
        "output_dir_base": "results_hetero"
    },
    "model_name": "HAN_politifact_16_shot_roberta_hetero_knn_5_smpf10",
    "training_history": {
        "final_train_loss": 0.2239997684955597,
        "final_train_acc": 1.0,
        "final_val_loss": 0.4633406698703766,
        "final_val_acc": 0.8235294117647058,
        "final_val_f1": 0.7984189723320159,
        "best_val_f1": 0.8347222222222223,
        "best_epoch": 75,
        "total_epochs_run": 300,
        "training_time_seconds": 4.391239404678345
    },
    "final_test_metrics_on_target_node": {
        "accuracy": 0.8627450980392157,
        "precision": 0.8287142208087233,
        "recall": 0.8417572035899858,
        "f1_score": 0.8347222222222223,
        "confusion_matrix": [
            [
                65,
                8
            ],
            [
                6,
                23
            ]
        ]
    }
}