{
    "args": {
        "graph_path": "graphs_hetero/politifact/16_shot_roberta_hetero_knn_5_smpf10.pt",
        "model": "HAN",
        "target_node_type": "news",
        "dropout_rate": 0.0,
        "hidden_channels": 128,
        "hgt_han_heads": 4,
        "hgt_layers": 1,
        "lr": 0.0001,
        "weight_decay": 0.0001,
        "n_epochs": 300,
        "patience": 30,
        "seed": 42,
        "output_dir_base": "results_hetero"
    },
    "model_name": "HAN_politifact_16_shot_roberta_hetero_knn_5_smpf10",
    "training_history": {
        "final_train_loss": 0.22103294730186462,
        "final_train_acc": 1.0,
        "final_val_loss": 0.4614337384700775,
        "final_val_acc": 0.8235294117647058,
        "final_val_f1": 0.7984189723320159,
        "best_val_f1": 0.8237037037037036,
        "best_epoch": 24,
        "total_epochs_run": 300,
        "training_time_seconds": 9.399933338165283
    },
    "final_test_metrics_on_target_node": {
        "accuracy": 0.8627450980392157,
        "precision": 0.8415584415584416,
        "recall": 0.8105810108644308,
        "f1_score": 0.8237037037037036,
        "confusion_matrix": [
            [
                68,
                5
            ],
            [
                9,
                20
            ]
        ]
    }
}