{
    "args": {
        "graph_path": "graphs/politifact/9_shot_roberta_mutual_knn_5_smpf10.pt",
        "model": "GAT",
        "dropout_rate": 0.5,
        "hidden_channels": 128,
        "gat_heads": 8,
        "lr": 0.0001,
        "weight_decay": 0.0001,
        "n_epochs": 300,
        "patience": 30,
        "seed": 42,
        "output_dir": "results"
    },
    "model_name": "GAT_politifact_9_shot_roberta_mutual_knn_5_smpf10",
    "training_history": {
        "final_train_loss": 0.6486595273017883,
        "final_train_acc": 0.6111111111111112,
        "final_val_loss": 0.604271411895752,
        "final_val_acc": 0.7058823529411765,
        "final_val_f1": 0.6691176470588236,
        "best_val_f1": 0.7097167637891313,
        "best_epoch": 54,
        "total_epochs": 137,
        "training_time_seconds": 2.281329870223999
    },
    "final_test_metrics": {
        "accuracy": 0.7941176470588235,
        "precision": 0.7222222222222222,
        "recall": 0.4482758620689655,
        "f1_score": 0.5531914893617021,
        "confusion_matrix": [
            [
                68,
                5
            ],
            [
                16,
                13
            ]
        ]
    }
}