{
    "args": {
        "graph_path": "graphs/gossipcop/16_shot_distilbert_knn_8_smpf10.pt",
        "model": "GAT",
        "dropout_rate": 0.5,
        "hidden_channels": 128,
        "gat_heads": 8,
        "lr": 0.0001,
        "weight_decay": 0.0001,
        "n_epochs": 300,
        "patience": 30,
        "seed": 42,
        "output_dir": "results"
    },
    "model_name": "GAT_gossipcop_16_shot_distilbert_knn_8_smpf10",
    "training_history": {
        "final_train_loss": 0.48242491483688354,
        "final_train_acc": 0.8125,
        "final_val_loss": 0.6653149127960205,
        "final_val_acc": 0.6205089820359282,
        "final_val_f1": 0.5392711752002313,
        "best_val_f1": 0.5430138777081481,
        "best_epoch": 20,
        "total_epochs": 61,
        "training_time_seconds": 2.5337071418762207
    },
    "final_test_metrics": {
        "accuracy": 0.6807634730538922,
        "precision": 0.5423612014982574,
        "recall": 0.5536962640936309,
        "f1_score": 0.5430138777081481,
        "confusion_matrix": [
            [
                1643,
                526
            ],
            [
                327,
                176
            ]
        ]
    }
}