{
    "args": {
        "graph_path": "graphs/gossipcop/10_shot_roberta_knn_6_psl10.pt",
        "model": "GAT",
        "dropout_rate": 0.5,
        "hidden_channels": 128,
        "gat_heads": 8,
        "lr": 0.0001,
        "weight_decay": 0.0001,
        "n_epochs": 300,
        "patience": 30,
        "seed": 42,
        "output_dir": "results"
    },
    "model_name": "GAT_gossipcop_10_shot_roberta_knn_6_psl10",
    "training_history": {
        "final_train_loss": 0.6586132049560547,
        "final_train_acc": 0.5,
        "final_val_loss": 0.5894378423690796,
        "final_val_acc": 0.811751497005988,
        "final_val_f1": 0.4480479239826482,
        "best_val_f1": 0.4490617168280069,
        "best_epoch": 1,
        "total_epochs": 39,
        "training_time_seconds": 1.5422544479370117
    },
    "final_test_metrics": {
        "accuracy": 0.8087574850299402,
        "precision": 0.45570999248685196,
        "recall": 0.4989193469886078,
        "f1_score": 0.4490617168280069,
        "confusion_matrix": [
            [
                2160,
                9
            ],
            [
                502,
                1
            ]
        ]
    }
}