{
    "args": {
        "graph_path": "graphs/gossipcop/15_shot_combined_mutual_knn_8_smpf10.pt",
        "model": "GAT",
        "dropout_rate": 0.5,
        "hidden_channels": 128,
        "gat_heads": 8,
        "lr": 0.0001,
        "weight_decay": 0.0001,
        "n_epochs": 300,
        "patience": 30,
        "seed": 42,
        "output_dir": "results"
    },
    "model_name": "GAT_gossipcop_15_shot_combined_mutual_knn_8_smpf10",
    "training_history": {
        "final_train_loss": 0.5444532632827759,
        "final_train_acc": 0.7666666666666667,
        "final_val_loss": 0.6604018807411194,
        "final_val_acc": 0.6175149700598802,
        "final_val_f1": 0.5171932405243226,
        "best_val_f1": 0.535561789231307,
        "best_epoch": 149,
        "total_epochs": 179,
        "training_time_seconds": 3.259917974472046
    },
    "final_test_metrics": {
        "accuracy": 0.7002245508982036,
        "precision": 0.2422145328719723,
        "recall": 0.2783300198807157,
        "f1_score": 0.2590194264569843,
        "confusion_matrix": [
            [
                1731,
                438
            ],
            [
                363,
                140
            ]
        ]
    }
}