{
  "accuracy": 0.6212574850299402,
  "precision": 0.597357417760367,
  "recall": 0.658293668143284,
  "f1_score": 0.5680229530299981
}