{
  "accuracy": 0.6362275449101796,
  "precision": 0.5983659153863016,
  "recall": 0.6583523295450899,
  "f1_score": 0.5767011431682091
}