{
    "args": {
        "graph_path": "graphs/politifact/11_shot_combined_knn_8_smpf10.pt",
        "model": "GAT",
        "dropout_rate": 0.5,
        "hidden_channels": 128,
        "gat_heads": 8,
        "lr": 0.0001,
        "weight_decay": 0.0001,
        "n_epochs": 300,
        "patience": 30,
        "seed": 42,
        "output_dir": "results"
    },
    "model_name": "GAT_politifact_11_shot_combined_knn_8_smpf10",
    "training_history": {
        "final_train_loss": 0.4250802993774414,
        "final_train_acc": 0.9545454545454546,
        "final_val_loss": 0.5568233728408813,
        "final_val_acc": 0.7647058823529411,
        "final_val_f1": 0.7424242424242424,
        "best_val_f1": 0.7677125506072875,
        "best_epoch": 21,
        "total_epochs": 172,
        "training_time_seconds": 4.0928826332092285
    },
    "final_test_metrics": {
        "accuracy": 0.8235294117647058,
        "precision": 0.7936158503026967,
        "recall": 0.7520075578649031,
        "f1_score": 0.7677125506072875,
        "confusion_matrix": [
            [
                67,
                6
            ],
            [
                12,
                17
            ]
        ]
    }
}