{
    "args": {
        "graph_path": "graphs/politifact/11_shot_roberta_knn_6_smpf10.pt",
        "model": "GAT",
        "dropout_rate": 0.5,
        "hidden_channels": 128,
        "gat_heads": 8,
        "lr": 0.0001,
        "weight_decay": 0.0001,
        "n_epochs": 300,
        "patience": 30,
        "seed": 42,
        "output_dir": "results"
    },
    "model_name": "GAT_politifact_11_shot_roberta_knn_6_smpf10",
    "training_history": {
        "final_train_loss": 0.5243643522262573,
        "final_train_acc": 0.7727272727272727,
        "final_val_loss": 0.5766274929046631,
        "final_val_acc": 0.7058823529411765,
        "final_val_f1": 0.6886446886446886,
        "best_val_f1": 0.7424242424242424,
        "best_epoch": 216,
        "total_epochs": 250,
        "training_time_seconds": 3.661503314971924
    },
    "final_test_metrics": {
        "accuracy": 0.7647058823529411,
        "precision": 0.5581395348837209,
        "recall": 0.8275862068965517,
        "f1_score": 0.6666666666666666,
        "confusion_matrix": [
            [
                54,
                19
            ],
            [
                5,
                24
            ]
        ]
    }
}