{
    "args": {
        "graph_path": "graphs/politifact/11_shot_roberta_knn_6_smpf10.pt",
        "model": "GAT",
        "dropout_rate": 0.5,
        "hidden_channels": 128,
        "gat_heads": 8,
        "lr": 0.0001,
        "weight_decay": 0.0001,
        "n_epochs": 300,
        "patience": 30,
        "seed": 42,
        "output_dir": "results"
    },
    "model_name": "GAT_politifact_11_shot_roberta_knn_6_smpf10",
    "training_history": {
        "final_train_loss": 0.41768524050712585,
        "final_train_acc": 0.9090909090909091,
        "final_val_loss": 0.5809454917907715,
        "final_val_acc": 0.7156862745098039,
        "final_val_f1": 0.697515083341855,
        "best_val_f1": 0.7373627862854045,
        "best_epoch": 27,
        "total_epochs": 140,
        "training_time_seconds": 5.5920350551605225
    },
    "final_test_metrics": {
        "accuracy": 0.8137254901960784,
        "precision": 0.7996031746031746,
        "recall": 0.713982050070855,
        "f1_score": 0.7373627862854045,
        "confusion_matrix": [
            [
                69,
                4
            ],
            [
                15,
                14
            ]
        ]
    }
}