{
    "args": {
        "graph_path": "graphs/politifact/10_shot_roberta_mutual_knn_7.pt",
        "model": "GAT",
        "dropout_rate": 0.5,
        "hidden_channels": 128,
        "gat_heads": 8,
        "lr": 0.0001,
        "weight_decay": 0.0001,
        "n_epochs": 300,
        "patience": 30,
        "seed": 42,
        "output_dir": "results"
    },
    "model_name": "GAT_politifact_10_shot_roberta_mutual_knn_7",
    "training_history": {
        "final_train_loss": 0.41709041595458984,
        "final_train_acc": 0.8,
        "final_val_loss": 0.49135690927505493,
        "final_val_acc": 0.8235294117647058,
        "final_val_f1": 0.7875,
        "best_val_f1": 0.7950892857142857,
        "best_epoch": 253,
        "total_epochs": 300,
        "training_time_seconds": 4.596701383590698
    },
    "final_test_metrics": {
        "accuracy": 0.8235294117647058,
        "precision": 0.6571428571428571,
        "recall": 0.7931034482758621,
        "f1_score": 0.71875,
        "confusion_matrix": [
            [
                61,
                12
            ],
            [
                6,
                23
            ]
        ]
    }
}