{
    "args": {
        "graph_path": "graphs/politifact/5_shot_combined_mutual_knn_5.pt",
        "model": "GAT",
        "dropout_rate": 0.5,
        "hidden_channels": 128,
        "gat_heads": 8,
        "lr": 0.0001,
        "weight_decay": 0.0001,
        "n_epochs": 300,
        "patience": 30,
        "seed": 42,
        "output_dir": "results"
    },
    "model_name": "GAT_politifact_5_shot_combined_mutual_knn_5",
    "training_history": {
        "final_train_loss": 0.49229326844215393,
        "final_train_acc": 0.7,
        "final_val_loss": 0.6090554594993591,
        "final_val_acc": 0.7156862745098039,
        "final_val_f1": 0.6867520914963465,
        "best_val_f1": 0.6999673167011657,
        "best_epoch": 162,
        "total_epochs": 254,
        "training_time_seconds": 3.460561990737915
    },
    "final_test_metrics": {
        "accuracy": 0.7352941176470589,
        "precision": 0.5263157894736842,
        "recall": 0.6896551724137931,
        "f1_score": 0.5970149253731343,
        "confusion_matrix": [
            [
                55,
                18
            ],
            [
                9,
                20
            ]
        ]
    }
}