{
    "args": {
        "graph_path": "graphs/gossipcop/11_shot_distilbert_knn_6_smpf10.pt",
        "model": "GAT",
        "dropout_rate": 0.5,
        "hidden_channels": 128,
        "gat_heads": 8,
        "lr": 0.0001,
        "weight_decay": 0.0001,
        "n_epochs": 300,
        "patience": 30,
        "seed": 42,
        "output_dir": "results"
    },
    "model_name": "GAT_gossipcop_11_shot_distilbert_knn_6_smpf10",
    "training_history": {
        "final_train_loss": 0.18127919733524323,
        "final_train_acc": 1.0,
        "final_val_loss": 0.6440520286560059,
        "final_val_acc": 0.6841317365269461,
        "final_val_f1": 0.5573487972953769,
        "best_val_f1": 0.5617843511450382,
        "best_epoch": 127,
        "total_epochs": 157,
        "training_time_seconds": 6.376766681671143
    },
    "final_test_metrics": {
        "accuracy": 0.7035928143712575,
        "precision": 0.558842951664487,
        "recall": 0.5708121029470938,
        "f1_score": 0.5617843511450382,
        "confusion_matrix": [
            [
                1700,
                469
            ],
            [
                323,
                180
            ]
        ]
    }
}