{
    "args": {
        "graph_path": "graphs_hetero/gossipcop/7_shot_roberta_hetero_dual_knn_sim5_dis5_smpf10.pt",
        "model": "HAN",
        "target_node_type": "news",
        "dropout_rate": 0.0,
        "hidden_channels": 128,
        "hgt_han_heads": 4,
        "hgt_layers": 1,
        "lr": 0.0001,
        "weight_decay": 0.0001,
        "n_epochs": 300,
        "patience": 30,
        "seed": 42,
        "output_dir_base": "results_hetero"
    },
    "model_name": "HAN_gossipcop_7_shot_roberta_hetero_dual_knn_sim5_dis5_smpf10",
    "training_history": {
        "final_train_loss": 0.20150472223758698,
        "final_train_acc": 1.0,
        "final_val_loss": 0.5825989246368408,
        "final_val_acc": 0.719685628742515,
        "final_val_f1": 0.6038197316907513,
        "best_val_f1": 0.6053789128354184,
        "best_epoch": 177,
        "total_epochs_run": 300,
        "training_time_seconds": 8.469792127609253
    },
    "final_test_metrics_on_target_node": {
        "accuracy": 0.7421407185628742,
        "precision": 0.6002072260800972,
        "recall": 0.6136436338171982,
        "f1_score": 0.6053789128354184,
        "confusion_matrix": [
            [
                1778,
                391
            ],
            [
                298,
                205
            ]
        ]
    }
}