{
  "accuracy": 0.7994011976047904,
  "precision": 0.6703823336330893,
  "recall": 0.6672376987498705,
  "f1_score": 0.6687730983602767
}