{
  "accuracy": 0.7485029940119761,
  "precision": 0.6195134237792661,
  "recall": 0.6435219939010474,
  "f1_score": 0.62771163774336
}