{
  "accuracy": 0.6508233532934131,
  "precision": 0.5729302359241569,
  "recall": 0.6108425518809687,
  "f1_score": 0.5646113083739517
}