{
    "args": {
        "graph_path": "graphs/gossipcop/8_shot_roberta_mutual_knn_7_smpf10.pt",
        "model": "GAT",
        "dropout_rate": 0.5,
        "hidden_channels": 128,
        "gat_heads": 8,
        "lr": 0.0001,
        "weight_decay": 0.0001,
        "n_epochs": 300,
        "patience": 30,
        "seed": 42,
        "output_dir": "results"
    },
    "model_name": "GAT_gossipcop_8_shot_roberta_mutual_knn_7_smpf10",
    "training_history": {
        "final_train_loss": 0.8337668180465698,
        "final_train_acc": 0.375,
        "final_val_loss": 0.5846633315086365,
        "final_val_acc": 0.7990269461077845,
        "final_val_f1": 0.44959901309694916,
        "best_val_f1": 0.46607434197517633,
        "best_epoch": 15,
        "total_epochs": 104,
        "training_time_seconds": 7.1810784339904785
    },
    "final_test_metrics": {
        "accuracy": 0.5707335329341318,
        "precision": 0.48825610744972914,
        "recall": 0.4821055226960047,
        "f1_score": 0.46607434197517633,
        "confusion_matrix": [
            [
                1354,
                815
            ],
            [
                332,
                171
            ]
        ]
    }
}