{
    "args": {
        "graph_path": "graphs/politifact/15_shot_roberta_knn_7_smpf10.pt",
        "model": "GAT",
        "dropout_rate": 0.5,
        "hidden_channels": 128,
        "gat_heads": 8,
        "lr": 0.0001,
        "weight_decay": 0.0001,
        "n_epochs": 300,
        "patience": 30,
        "seed": 42,
        "output_dir": "results"
    },
    "model_name": "GAT_politifact_15_shot_roberta_knn_7_smpf10",
    "training_history": {
        "final_train_loss": 0.4968620240688324,
        "final_train_acc": 0.8666666666666667,
        "final_val_loss": 0.5067590475082397,
        "final_val_acc": 0.7745098039215687,
        "final_val_f1": 0.7310558294164852,
        "best_val_f1": 0.7350023618327822,
        "best_epoch": 247,
        "total_epochs": 300,
        "training_time_seconds": 4.0754783153533936
    },
    "final_test_metrics": {
        "accuracy": 0.7843137254901961,
        "precision": 0.6206896551724138,
        "recall": 0.6206896551724138,
        "f1_score": 0.6206896551724138,
        "confusion_matrix": [
            [
                62,
                11
            ],
            [
                11,
                18
            ]
        ]
    }
}