{
    "args": {
        "graph_path": "graphs/politifact/5_shot_combined_knn_6_smpf10.pt",
        "model": "GAT",
        "dropout_rate": 0.5,
        "hidden_channels": 128,
        "gat_heads": 8,
        "lr": 0.0001,
        "weight_decay": 0.0001,
        "n_epochs": 300,
        "patience": 30,
        "seed": 42,
        "output_dir": "results"
    },
    "model_name": "GAT_politifact_5_shot_combined_knn_6_smpf10",
    "training_history": {
        "final_train_loss": 0.5184582471847534,
        "final_train_acc": 1.0,
        "final_val_loss": 0.6583947539329529,
        "final_val_acc": 0.6568627450980392,
        "final_val_f1": 0.6445285273324703,
        "best_val_f1": 0.7291404612159329,
        "best_epoch": 20,
        "total_epochs": 86,
        "training_time_seconds": 2.793492555618286
    },
    "final_test_metrics": {
        "accuracy": 0.8137254901960784,
        "precision": 0.8132267441860466,
        "recall": 0.7035899858290033,
        "f1_score": 0.7291404612159329,
        "confusion_matrix": [
            [
                70,
                3
            ],
            [
                16,
                13
            ]
        ]
    }
}