{
    "args": {
        "graph_path": "graphs/politifact/5_shot_combined_knn_6_smpf10.pt",
        "model": "GAT",
        "dropout_rate": 0.5,
        "hidden_channels": 128,
        "gat_heads": 8,
        "lr": 0.0001,
        "weight_decay": 0.0001,
        "n_epochs": 300,
        "patience": 30,
        "seed": 42,
        "output_dir": "results"
    },
    "model_name": "GAT_politifact_5_shot_combined_knn_6_smpf10",
    "training_history": {
        "final_train_loss": 0.5014621615409851,
        "final_train_acc": 0.8,
        "final_val_loss": 0.6305873394012451,
        "final_val_acc": 0.7156862745098039,
        "final_val_f1": 0.7004556962025317,
        "best_val_f1": 0.7515620036005506,
        "best_epoch": 81,
        "total_epochs": 152,
        "training_time_seconds": 2.493318557739258
    },
    "final_test_metrics": {
        "accuracy": 0.7745098039215687,
        "precision": 0.5714285714285714,
        "recall": 0.8275862068965517,
        "f1_score": 0.676056338028169,
        "confusion_matrix": [
            [
                55,
                18
            ],
            [
                5,
                24
            ]
        ]
    }
}