{
    "args": {
        "graph_path": "graphs/politifact/10_shot_roberta_knn_3_smpf10.pt",
        "model": "GAT",
        "dropout_rate": 0.5,
        "hidden_channels": 128,
        "gat_heads": 8,
        "lr": 0.0001,
        "weight_decay": 0.0001,
        "n_epochs": 300,
        "patience": 30,
        "seed": 42,
        "output_dir": "results"
    },
    "model_name": "GAT_politifact_10_shot_roberta_knn_3_smpf10",
    "training_history": {
        "final_train_loss": 0.38895145058631897,
        "final_train_acc": 0.9,
        "final_val_loss": 0.5079050064086914,
        "final_val_acc": 0.7549019607843137,
        "final_val_f1": 0.6544247187965849,
        "best_val_f1": 0.7046332046332047,
        "best_epoch": 167,
        "total_epochs": 300,
        "training_time_seconds": 4.214583396911621
    },
    "final_test_metrics": {
        "accuracy": 0.7647058823529411,
        "precision": 0.5925925925925926,
        "recall": 0.5517241379310345,
        "f1_score": 0.5714285714285714,
        "confusion_matrix": [
            [
                62,
                11
            ],
            [
                13,
                16
            ]
        ]
    }
}