{
    "args": {
        "graph_path": "graphs/politifact/5_shot_roberta_mutual_knn_7_smpf10.pt",
        "model": "GAT",
        "dropout_rate": 0.5,
        "hidden_channels": 128,
        "gat_heads": 8,
        "lr": 0.0001,
        "weight_decay": 0.0001,
        "n_epochs": 300,
        "patience": 30,
        "seed": 42,
        "output_dir": "results"
    },
    "model_name": "GAT_politifact_5_shot_roberta_mutual_knn_7_smpf10",
    "training_history": {
        "final_train_loss": 0.39311686158180237,
        "final_train_acc": 0.9,
        "final_val_loss": 0.562440037727356,
        "final_val_acc": 0.7450980392156863,
        "final_val_f1": 0.7301587301587301,
        "best_val_f1": 0.7483552631578947,
        "best_epoch": 299,
        "total_epochs": 300,
        "training_time_seconds": 4.227605819702148
    },
    "final_test_metrics": {
        "accuracy": 0.7647058823529411,
        "precision": 0.5531914893617021,
        "recall": 0.896551724137931,
        "f1_score": 0.6842105263157895,
        "confusion_matrix": [
            [
                52,
                21
            ],
            [
                3,
                26
            ]
        ]
    }
}