{
    "args": {
        "graph_path": "graphs/gossipcop/4_shot_bert_knn_7_smpf10.pt",
        "model": "GAT",
        "dropout_rate": 0.5,
        "hidden_channels": 128,
        "gat_heads": 8,
        "lr": 0.0001,
        "weight_decay": 0.0001,
        "n_epochs": 300,
        "patience": 30,
        "seed": 42,
        "output_dir": "results"
    },
    "model_name": "GAT_gossipcop_4_shot_bert_knn_7_smpf10",
    "training_history": {
        "final_train_loss": 0.39323243498802185,
        "final_train_acc": 0.75,
        "final_val_loss": 0.7085744142532349,
        "final_val_acc": 0.5580089820359282,
        "final_val_f1": 0.49958381006071184,
        "best_val_f1": 0.5407751138609608,
        "best_epoch": 35,
        "total_epochs": 65,
        "training_time_seconds": 1.93400239944458
    },
    "final_test_metrics": {
        "accuracy": 0.7514970059880239,
        "precision": 0.5505505397011201,
        "recall": 0.5384740886172132,
        "f1_score": 0.5407751138609608,
        "confusion_matrix": [
            [
                1909,
                260
            ],
            [
                404,
                99
            ]
        ]
    }
}