{
    "args": {
        "graph_path": "graphs/politifact/10_shot_roberta_knn_7.pt",
        "model": "GAT",
        "dropout_rate": 0.5,
        "hidden_channels": 128,
        "gat_heads": 8,
        "lr": 0.0001,
        "weight_decay": 0.0001,
        "n_epochs": 300,
        "patience": 30,
        "seed": 42,
        "output_dir": "results"
    },
    "model_name": "GAT_politifact_10_shot_roberta_knn_7",
    "training_history": {
        "final_train_loss": 0.5166100859642029,
        "final_train_acc": 0.85,
        "final_val_loss": 0.5616997480392456,
        "final_val_acc": 0.7745098039215687,
        "final_val_f1": 0.6993464052287581,
        "best_val_f1": 0.7193175564116676,
        "best_epoch": 83,
        "total_epochs": 171,
        "training_time_seconds": 2.6704375743865967
    },
    "final_test_metrics": {
        "accuracy": 0.803921568627451,
        "precision": 0.7647058823529411,
        "recall": 0.4482758620689655,
        "f1_score": 0.5652173913043478,
        "confusion_matrix": [
            [
                69,
                4
            ],
            [
                16,
                13
            ]
        ]
    }
}