{
  "accuracy": 0.803921568627451,
  "precision": 0.7769018525817895,
  "recall": 0.8318375059045819,
  "f1_score": 0.7853535353535354
}