{
    "args": {
        "graph_path": "graphs_hetero/gossipcop/7_shot_roberta_hetero_dual_knn_sim5_dis5_psl10.pt",
        "model": "HGT",
        "target_node_type": "news",
        "dropout_rate": 0.0,
        "hidden_channels": 128,
        "hgt_han_heads": 4,
        "hgt_layers": 1,
        "lr": 0.0001,
        "weight_decay": 0.0001,
        "n_epochs": 300,
        "patience": 30,
        "seed": 42,
        "output_dir_base": "results_hetero"
    },
    "model_name": "HGT_gossipcop_7_shot_roberta_hetero_dual_knn_sim5_dis5_psl10",
    "training_history": {
        "final_train_loss": 0.6769893765449524,
        "final_train_acc": 1.0,
        "final_val_loss": 0.6921524405479431,
        "final_val_acc": 0.5535179640718563,
        "final_val_f1": 0.5036423018681365,
        "best_val_f1": 0.5126554324897287,
        "best_epoch": 14,
        "total_epochs_run": 44,
        "training_time_seconds": 2.4334309101104736
    },
    "final_test_metrics_on_target_node": {
        "accuracy": 0.6493263473053892,
        "precision": 0.5166847373618076,
        "recall": 0.5221162650652104,
        "f1_score": 0.5126554324897287,
        "confusion_matrix": [
            [
                1575,
                594
            ],
            [
                343,
                160
            ]
        ]
    }
}