{
    "args": {
        "graph_path": "graphs/politifact/15_shot_distilbert_knn_6_smpf10.pt",
        "model": "GAT",
        "dropout_rate": 0.5,
        "hidden_channels": 128,
        "gat_heads": 8,
        "lr": 0.0001,
        "weight_decay": 0.0001,
        "n_epochs": 300,
        "patience": 30,
        "seed": 42,
        "output_dir": "results"
    },
    "model_name": "GAT_politifact_15_shot_distilbert_knn_6_smpf10",
    "training_history": {
        "final_train_loss": 0.4050387740135193,
        "final_train_acc": 0.8,
        "final_val_loss": 0.6129613518714905,
        "final_val_acc": 0.7058823529411765,
        "final_val_f1": 0.6854440789473684,
        "best_val_f1": 0.7004556962025317,
        "best_epoch": 35,
        "total_epochs": 76,
        "training_time_seconds": 2.4527411460876465
    },
    "final_test_metrics": {
        "accuracy": 0.7156862745098039,
        "precision": 0.7115384615384616,
        "recall": 0.7598016060462919,
        "f1_score": 0.7004556962025317,
        "confusion_matrix": [
            [
                48,
                25
            ],
            [
                4,
                25
            ]
        ]
    }
}