{
  "accuracy": 0.7941176470588235,
  "precision": 0.7482142857142857,
  "recall": 0.7626358053849788,
  "f1_score": 0.754442279032443
}