{
    "args": {
        "graph_path": "graphs/gossipcop/5_shot_combined_knn_5_smpf10.pt",
        "model": "GAT",
        "dropout_rate": 0.5,
        "hidden_channels": 128,
        "gat_heads": 8,
        "lr": 0.0001,
        "weight_decay": 0.0001,
        "n_epochs": 300,
        "patience": 30,
        "seed": 42,
        "output_dir": "results"
    },
    "model_name": "GAT_gossipcop_5_shot_combined_knn_5_smpf10",
    "training_history": {
        "final_train_loss": 0.5549113750457764,
        "final_train_acc": 0.9,
        "final_val_loss": 0.6309459805488586,
        "final_val_acc": 0.8001497005988024,
        "final_val_f1": 0.6445108825639799,
        "best_val_f1": 0.6577071862608765,
        "best_epoch": 44,
        "total_epochs": 139,
        "training_time_seconds": 6.227180480957031
    },
    "final_test_metrics": {
        "accuracy": 0.8087574850299402,
        "precision": 0.6768817156379939,
        "recall": 0.6455141901014384,
        "f1_score": 0.6577071862608765,
        "confusion_matrix": [
            [
                1968,
                201
            ],
            [
                310,
                193
            ]
        ]
    }
}