{
    "args": {
        "graph_path": "graphs/gossipcop/16_shot_bert_knn_6_smpf10.pt",
        "model": "GAT",
        "dropout_rate": 0.5,
        "hidden_channels": 128,
        "gat_heads": 8,
        "lr": 0.0001,
        "weight_decay": 0.0001,
        "n_epochs": 300,
        "patience": 30,
        "seed": 42,
        "output_dir": "results"
    },
    "model_name": "GAT_gossipcop_16_shot_bert_knn_6_smpf10",
    "training_history": {
        "final_train_loss": 0.4628051519393921,
        "final_train_acc": 0.78125,
        "final_val_loss": 0.669041097164154,
        "final_val_acc": 0.6339820359281437,
        "final_val_f1": 0.5514768630622553,
        "best_val_f1": 0.5643644345162051,
        "best_epoch": 56,
        "total_epochs": 86,
        "training_time_seconds": 2.2051243782043457
    },
    "final_test_metrics": {
        "accuracy": 0.6991017964071856,
        "precision": 0.5613929319897798,
        "recall": 0.5764445141048591,
        "f1_score": 0.5643644345162051,
        "confusion_matrix": [
            [
                1677,
                492
            ],
            [
                312,
                191
            ]
        ]
    }
}