{
    "model": "LSTM_politifact_16_shot_bert",
    "dataset": "politifact",
    "embedding": "bert",
    "k_shot": 16,
    "training_time": 0.5518226623535156,
    "best_epoch": 12,
    "final_train_accuracy": 1.0,
    "final_train_loss": 0.3522838056087494,
    "final_val_accuracy": 0.75,
    "final_val_loss": 0.6540791988372803,
    "final_val_f1": 0.7333333333333334,
    "test_metrics": {
        "accuracy": 0.5588235294117647,
        "precision": 0.6777777777777778,
        "recall": 0.6813887576759565,
        "f1_score": 0.5587811208305297,
        "confusion_matrix": [
            [
                29,
                44
            ],
            [
                1,
                28
            ]
        ]
    }
}