{
    "args": {
        "graph_path": "graphs/gossipcop/8_shot_combined_knn_3_smpf10.pt",
        "model": "GAT",
        "dropout_rate": 0.5,
        "hidden_channels": 128,
        "gat_heads": 8,
        "lr": 0.0001,
        "weight_decay": 0.0001,
        "n_epochs": 300,
        "patience": 30,
        "seed": 42,
        "output_dir": "results"
    },
    "model_name": "GAT_gossipcop_8_shot_combined_knn_3_smpf10",
    "training_history": {
        "final_train_loss": 0.5613604187965393,
        "final_train_acc": 0.75,
        "final_val_loss": 0.643349826335907,
        "final_val_acc": 0.7458832335329342,
        "final_val_f1": 0.587092662954732,
        "best_val_f1": 0.5955053174978391,
        "best_epoch": 67,
        "total_epochs": 167,
        "training_time_seconds": 2.8740503787994385
    },
    "final_test_metrics": {
        "accuracy": 0.7627245508982036,
        "precision": 0.35476718403547675,
        "recall": 0.31809145129224653,
        "f1_score": 0.33542976939203356,
        "confusion_matrix": [
            [
                1878,
                291
            ],
            [
                343,
                160
            ]
        ]
    }
}