{
    "args": {
        "graph_path": "graphs/gossipcop/16_shot_roberta_mutual_knn_3_smpf10.pt",
        "model": "GAT",
        "dropout_rate": 0.5,
        "hidden_channels": 128,
        "gat_heads": 8,
        "lr": 0.0001,
        "weight_decay": 0.0001,
        "n_epochs": 300,
        "patience": 30,
        "seed": 42,
        "output_dir": "results"
    },
    "model_name": "GAT_gossipcop_16_shot_roberta_mutual_knn_3_smpf10",
    "training_history": {
        "final_train_loss": 0.7288159728050232,
        "final_train_acc": 0.5625,
        "final_val_loss": 0.6405762434005737,
        "final_val_acc": 0.6665419161676647,
        "final_val_f1": 0.4910555615293696,
        "best_val_f1": 0.5046156410590983,
        "best_epoch": 122,
        "total_epochs": 152,
        "training_time_seconds": 8.663918256759644
    },
    "final_test_metrics": {
        "accuracy": 0.7144461077844312,
        "precision": 0.5056168703192747,
        "recall": 0.5049633045434172,
        "f1_score": 0.5046156410590983,
        "confusion_matrix": [
            [
                1824,
                345
            ],
            [
                418,
                85
            ]
        ]
    }
}