{
    "args": {
        "graph_path": "graphs/politifact/12_shot_roberta_knn_5.pt",
        "model": "GAT",
        "dropout_rate": 0.5,
        "hidden_channels": 128,
        "gat_heads": 8,
        "lr": 0.0001,
        "weight_decay": 0.0001,
        "n_epochs": 300,
        "patience": 30,
        "seed": 42,
        "output_dir": "results"
    },
    "model_name": "GAT_politifact_12_shot_roberta_knn_5",
    "training_history": {
        "final_train_loss": 0.4398249089717865,
        "final_train_acc": 0.8333333333333334,
        "final_val_loss": 0.5326628684997559,
        "final_val_acc": 0.7647058823529411,
        "final_val_f1": 0.6902834008097165,
        "best_val_f1": 0.720014321518081,
        "best_epoch": 278,
        "total_epochs": 300,
        "training_time_seconds": 4.641556978225708
    },
    "final_test_metrics": {
        "accuracy": 0.7745098039215687,
        "precision": 0.6071428571428571,
        "recall": 0.5862068965517241,
        "f1_score": 0.5964912280701754,
        "confusion_matrix": [
            [
                62,
                11
            ],
            [
                12,
                17
            ]
        ]
    }
}