{
    "args": {
        "graph_path": "graphs/politifact/7_shot_roberta_knn_4_smpf10.pt",
        "model": "GAT",
        "dropout_rate": 0.5,
        "hidden_channels": 128,
        "gat_heads": 8,
        "lr": 0.0001,
        "weight_decay": 0.0001,
        "n_epochs": 300,
        "patience": 30,
        "seed": 42,
        "output_dir": "results"
    },
    "model_name": "GAT_politifact_7_shot_roberta_knn_4_smpf10",
    "training_history": {
        "final_train_loss": 0.5913973450660706,
        "final_train_acc": 0.7142857142857143,
        "final_val_loss": 0.5975725054740906,
        "final_val_acc": 0.6764705882352942,
        "final_val_f1": 0.6621499548328816,
        "best_val_f1": 0.745115856428896,
        "best_epoch": 241,
        "total_epochs": 271,
        "training_time_seconds": 4.212518930435181
    },
    "final_test_metrics": {
        "accuracy": 0.7843137254901961,
        "precision": 0.6060606060606061,
        "recall": 0.6896551724137931,
        "f1_score": 0.6451612903225806,
        "confusion_matrix": [
            [
                60,
                13
            ],
            [
                9,
                20
            ]
        ]
    }
}