{
  "accuracy": 0.8333333333333334,
  "precision": 0.8008064516129032,
  "recall": 0.8523854511100615,
  "f1_score": 0.8138486312399356
}