{
    "args": {
        "graph_path": "graphs/gossipcop/13_shot_distilbert_knn_6_smpf10.pt",
        "model": "GAT",
        "dropout_rate": 0.5,
        "hidden_channels": 128,
        "gat_heads": 8,
        "lr": 0.0001,
        "weight_decay": 0.0001,
        "n_epochs": 300,
        "patience": 30,
        "seed": 42,
        "output_dir": "results"
    },
    "model_name": "GAT_gossipcop_13_shot_distilbert_knn_6_smpf10",
    "training_history": {
        "final_train_loss": 0.4736781716346741,
        "final_train_acc": 0.8846153846153846,
        "final_val_loss": 0.6563125848770142,
        "final_val_acc": 0.625374251497006,
        "final_val_f1": 0.5324901509376776,
        "best_val_f1": 0.5483480721937742,
        "best_epoch": 23,
        "total_epochs": 68,
        "training_time_seconds": 3.307669162750244
    },
    "final_test_metrics": {
        "accuracy": 0.6830089820359282,
        "precision": 0.5473238000890153,
        "recall": 0.5604239936132398,
        "f1_score": 0.5483480721937742,
        "confusion_matrix": [
            [
                1642,
                527
            ],
            [
                320,
                183
            ]
        ]
    }
}