{
    "args": {
        "graph_path": "graphs/gossipcop/11_shot_bert_knn_5_smpf10.pt",
        "model": "GAT",
        "dropout_rate": 0.5,
        "hidden_channels": 128,
        "gat_heads": 8,
        "lr": 0.0001,
        "weight_decay": 0.0001,
        "n_epochs": 300,
        "patience": 30,
        "seed": 42,
        "output_dir": "results"
    },
    "model_name": "GAT_gossipcop_11_shot_bert_knn_5_smpf10",
    "training_history": {
        "final_train_loss": 0.31904858350753784,
        "final_train_acc": 0.9545454545454546,
        "final_val_loss": 0.6731541752815247,
        "final_val_acc": 0.6751497005988024,
        "final_val_f1": 0.55173850691344,
        "best_val_f1": 0.5585566809366594,
        "best_epoch": 70,
        "total_epochs": 100,
        "training_time_seconds": 2.7882022857666016
    },
    "final_test_metrics": {
        "accuracy": 0.7481287425149701,
        "precision": 0.5642525993130766,
        "recall": 0.555487270017516,
        "f1_score": 0.5585566809366594,
        "confusion_matrix": [
            [
                1875,
                294
            ],
            [
                379,
                124
            ]
        ]
    }
}