{
    "args": {
        "graph_path": "graphs/gossipcop/16_shot_roberta_mutual_knn_7_smpf10.pt",
        "model": "GAT",
        "dropout_rate": 0.5,
        "hidden_channels": 128,
        "gat_heads": 8,
        "lr": 0.0001,
        "weight_decay": 0.0001,
        "n_epochs": 300,
        "patience": 30,
        "seed": 42,
        "output_dir": "results"
    },
    "model_name": "GAT_gossipcop_16_shot_roberta_mutual_knn_7_smpf10",
    "training_history": {
        "final_train_loss": 0.5652607679367065,
        "final_train_acc": 0.6875,
        "final_val_loss": 0.6693878769874573,
        "final_val_acc": 0.5879491017964071,
        "final_val_f1": 0.4732147029988853,
        "best_val_f1": 0.4998156415390812,
        "best_epoch": 62,
        "total_epochs": 125,
        "training_time_seconds": 2.559278726577759
    },
    "final_test_metrics": {
        "accuracy": 0.6912425149700598,
        "precision": 0.49983640390617134,
        "recall": 0.4998331816386146,
        "f1_score": 0.4998156415390812,
        "confusion_matrix": [
            [
                1750,
                419
            ],
            [
                406,
                97
            ]
        ]
    }
}