{
  "accuracy": 0.780314371257485,
  "precision": 0.6506942976318713,
  "recall": 0.6646433065965662,
  "f1_score": 0.6567893697449111
}