{
    "args": {
        "graph_path": "graphs/gossipcop/16_shot_combined_mutual_knn_5_smpf10.pt",
        "model": "GAT",
        "dropout_rate": 0.5,
        "hidden_channels": 128,
        "gat_heads": 8,
        "lr": 0.0001,
        "weight_decay": 0.0001,
        "n_epochs": 300,
        "patience": 30,
        "seed": 42,
        "output_dir": "results"
    },
    "model_name": "GAT_gossipcop_16_shot_combined_mutual_knn_5_smpf10",
    "training_history": {
        "final_train_loss": 0.7621995210647583,
        "final_train_acc": 0.75,
        "final_val_loss": 0.6697554588317871,
        "final_val_acc": 0.6235029940119761,
        "final_val_f1": 0.5171548111142167,
        "best_val_f1": 0.5406761388766033,
        "best_epoch": 33,
        "total_epochs": 96,
        "training_time_seconds": 2.1405386924743652
    },
    "final_test_metrics": {
        "accuracy": 0.7020958083832335,
        "precision": 0.24957264957264957,
        "recall": 0.29025844930417494,
        "f1_score": 0.26838235294117646,
        "confusion_matrix": [
            [
                1730,
                439
            ],
            [
                357,
                146
            ]
        ]
    }
}