{
    "args": {
        "graph_path": "graphs/politifact/13_shot_bert_knn_8_smpf10.pt",
        "model": "GAT",
        "dropout_rate": 0.5,
        "hidden_channels": 128,
        "gat_heads": 8,
        "lr": 0.0001,
        "weight_decay": 0.0001,
        "n_epochs": 300,
        "patience": 30,
        "seed": 42,
        "output_dir": "results"
    },
    "model_name": "GAT_politifact_13_shot_bert_knn_8_smpf10",
    "training_history": {
        "final_train_loss": 0.21506628394126892,
        "final_train_acc": 0.9615384615384616,
        "final_val_loss": 0.6639456152915955,
        "final_val_acc": 0.7254901960784313,
        "final_val_f1": 0.7094017094017094,
        "best_val_f1": 0.7390191897654584,
        "best_epoch": 27,
        "total_epochs": 70,
        "training_time_seconds": 3.4254419803619385
    },
    "final_test_metrics": {
        "accuracy": 0.7647058823529411,
        "precision": 0.7313074770091963,
        "recall": 0.7732640529050543,
        "f1_score": 0.7390191897654584,
        "confusion_matrix": [
            [
                55,
                18
            ],
            [
                6,
                23
            ]
        ]
    }
}