{
    "args": {
        "graph_path": "graphs_hetero/politifact/10_shot_roberta_hetero_knn_5_smpf10.pt",
        "model": "HGT",
        "target_node_type": "news",
        "dropout_rate": 0.0,
        "hidden_channels": 128,
        "hgt_han_heads": 4,
        "hgt_layers": 1,
        "lr": 0.0001,
        "weight_decay": 0.0001,
        "n_epochs": 300,
        "patience": 30,
        "seed": 42,
        "output_dir_base": "results_hetero"
    },
    "model_name": "HGT_politifact_10_shot_roberta_hetero_knn_5_smpf10",
    "training_history": {
        "final_train_loss": 0.005333174020051956,
        "final_train_acc": 1.0,
        "final_val_loss": 0.3757856488227844,
        "final_val_acc": 0.8137254901960784,
        "final_val_f1": 0.7888658895304499,
        "best_val_f1": 0.8306585500830106,
        "best_epoch": 130,
        "total_epochs_run": 188,
        "training_time_seconds": 8.287022352218628
    },
    "final_test_metrics_on_target_node": {
        "accuracy": 0.8529411764705882,
        "precision": 0.8169191919191919,
        "recall": 0.855692017005196,
        "f1_score": 0.8306585500830106,
        "confusion_matrix": [
            [
                62,
                11
            ],
            [
                4,
                25
            ]
        ]
    }
}