{
    "args": {
        "graph_path": "graphs/gossipcop/9_shot_combined_knn_6_smpf10.pt",
        "model": "GAT",
        "dropout_rate": 0.5,
        "hidden_channels": 128,
        "gat_heads": 8,
        "lr": 0.0001,
        "weight_decay": 0.0001,
        "n_epochs": 300,
        "patience": 30,
        "seed": 42,
        "output_dir": "results"
    },
    "model_name": "GAT_gossipcop_9_shot_combined_knn_6_smpf10",
    "training_history": {
        "final_train_loss": 0.5495151877403259,
        "final_train_acc": 0.9444444444444444,
        "final_val_loss": 0.6368415951728821,
        "final_val_acc": 0.7316616766467066,
        "final_val_f1": 0.6079419913669736,
        "best_val_f1": 0.6310170442943618,
        "best_epoch": 56,
        "total_epochs": 127,
        "training_time_seconds": 5.52659010887146
    },
    "final_test_metrics": {
        "accuracy": 0.7982784431137725,
        "precision": 0.6526956582994811,
        "recall": 0.6192082177291255,
        "f1_score": 0.6310170442943618,
        "confusion_matrix": [
            [
                1966,
                203
            ],
            [
                336,
                167
            ]
        ]
    }
}