{
    "args": {
        "graph_path": "graphs_hetero/gossipcop/14_shot_roberta_hetero_dual_knn_sim5_dis5_smpf10_mv3.pt",
        "model": "HGT",
        "target_node_type": "news",
        "dropout_rate": 0.0,
        "hidden_channels": 128,
        "hgt_han_heads": 4,
        "hgt_layers": 1,
        "lr": 0.0001,
        "weight_decay": 0.0001,
        "n_epochs": 300,
        "patience": 30,
        "seed": 42,
        "output_dir_base": "results_hetero"
    },
    "model_name": "HGT_gossipcop_14_shot_roberta_hetero_dual_knn_sim5_dis5_smpf10_mv3",
    "training_history": {
        "final_train_loss": 0.0029215000104159117,
        "final_train_acc": 1.0,
        "final_val_loss": 0.9574621319770813,
        "final_val_acc": 0.6699101796407185,
        "final_val_f1": 0.5654630860900484,
        "best_val_f1": 0.5780420429761803,
        "best_epoch": 159,
        "total_epochs_run": 189,
        "training_time_seconds": 14.981472969055176
    },
    "final_test_metrics_on_target_node": {
        "accuracy": 0.6777694610778443,
        "precision": 0.5785914756273361,
        "recall": 0.6129332809047054,
        "f1_score": 0.5780420429761803,
        "confusion_matrix": [
            [
                1555,
                614
            ],
            [
                247,
                256
            ]
        ]
    }
}