{
    "args": {
        "graph_path": "graphs/politifact/3_shot_roberta_knn_3.pt",
        "model": "GAT",
        "dropout_rate": 0.5,
        "hidden_channels": 128,
        "gat_heads": 8,
        "lr": 0.0001,
        "weight_decay": 0.0001,
        "n_epochs": 300,
        "patience": 30,
        "seed": 42,
        "output_dir": "results"
    },
    "model_name": "GAT_politifact_3_shot_roberta_knn_3",
    "training_history": {
        "final_train_loss": 0.38244906067848206,
        "final_train_acc": 1.0,
        "final_val_loss": 0.587486982345581,
        "final_val_acc": 0.7254901960784313,
        "final_val_f1": 0.6554054054054055,
        "best_val_f1": 0.6820707412928582,
        "best_epoch": 138,
        "total_epochs": 168,
        "training_time_seconds": 2.976440906524658
    },
    "final_test_metrics": {
        "accuracy": 0.7745098039215687,
        "precision": 0.6666666666666666,
        "recall": 0.41379310344827586,
        "f1_score": 0.5106382978723404,
        "confusion_matrix": [
            [
                67,
                6
            ],
            [
                17,
                12
            ]
        ]
    }
}