{
    "args": {
        "graph_path": "graphs/politifact/8_shot_roberta_quantile_95.0.pt",
        "model": "GAT",
        "dropout_rate": 0.5,
        "hidden_channels": 128,
        "gat_heads": 8,
        "lr": 0.0001,
        "weight_decay": 0.0001,
        "n_epochs": 300,
        "patience": 30,
        "seed": 42,
        "output_dir": "results"
    },
    "model_name": "GAT_politifact_8_shot_roberta_quantile_95.0",
    "training_history": {
        "final_train_loss": 0.7182223796844482,
        "final_train_acc": 0.6875,
        "final_val_loss": 0.65607088804245,
        "final_val_acc": 0.5980392156862745,
        "final_val_f1": 0.5865546218487395,
        "best_val_f1": 0.7473858007705008,
        "best_epoch": 73,
        "total_epochs": 105,
        "training_time_seconds": 5.875778675079346
    },
    "final_test_metrics": {
        "accuracy": 0.8235294117647058,
        "precision": 0.8235294117647058,
        "recall": 0.4827586206896552,
        "f1_score": 0.6086956521739131,
        "confusion_matrix": [
            [
                70,
                3
            ],
            [
                15,
                14
            ]
        ]
    }
}