{
    "args": {
        "graph_path": "graphs/politifact/6_shot_combined_knn_5.pt",
        "model": "GAT",
        "dropout_rate": 0.5,
        "hidden_channels": 128,
        "gat_heads": 8,
        "lr": 0.0001,
        "weight_decay": 0.0001,
        "n_epochs": 300,
        "patience": 30,
        "seed": 42,
        "output_dir": "results"
    },
    "model_name": "GAT_politifact_6_shot_combined_knn_5",
    "training_history": {
        "final_train_loss": 0.6049264073371887,
        "final_train_acc": 0.8333333333333334,
        "final_val_loss": 0.6569246649742126,
        "final_val_acc": 0.6078431372549019,
        "final_val_f1": 0.6003134796238244,
        "best_val_f1": 0.6899696048632218,
        "best_epoch": 102,
        "total_epochs": 154,
        "training_time_seconds": 2.4198505878448486
    },
    "final_test_metrics": {
        "accuracy": 0.7352941176470589,
        "precision": 0.5294117647058824,
        "recall": 0.6206896551724138,
        "f1_score": 0.5714285714285714,
        "confusion_matrix": [
            [
                57,
                16
            ],
            [
                11,
                18
            ]
        ]
    }
}