{
    "args": {
        "graph_path": "graphs/gossipcop/9_shot_roberta_knn_5_psl10.pt",
        "model": "GAT",
        "dropout_rate": 0.5,
        "hidden_channels": 128,
        "gat_heads": 8,
        "lr": 0.0001,
        "weight_decay": 0.0001,
        "n_epochs": 300,
        "patience": 30,
        "seed": 42,
        "output_dir": "results"
    },
    "model_name": "GAT_gossipcop_9_shot_roberta_knn_5_psl10",
    "training_history": {
        "final_train_loss": 0.4339931011199951,
        "final_train_acc": 0.8888888888888888,
        "final_val_loss": 0.5870135426521301,
        "final_val_acc": 0.7230538922155688,
        "final_val_f1": 0.5831407802195949,
        "best_val_f1": 0.5846973334817382,
        "best_epoch": 291,
        "total_epochs": 300,
        "training_time_seconds": 6.128866195678711
    },
    "final_test_metrics": {
        "accuracy": 0.7073353293413174,
        "precision": 0.5800853941722223,
        "recall": 0.602894390228477,
        "f1_score": 0.5846973334817382,
        "confusion_matrix": [
            [
                1671,
                498
            ],
            [
                284,
                219
            ]
        ]
    }
}