{
    "args": {
        "graph_path": "graphs/politifact/8_shot_roberta_knn_5_.pt",
        "model": "GAT",
        "dropout_rate": 0.5,
        "hidden_channels": 128,
        "gat_heads": 8,
        "lr": 0.0001,
        "weight_decay": 0.0001,
        "n_epochs": 300,
        "patience": 30,
        "seed": 42,
        "output_dir": "results"
    },
    "model_name": "GAT_politifact_8_shot_roberta_knn_5_",
    "training_history": {
        "final_train_loss": 0.33565258979797363,
        "final_train_acc": 0.875,
        "final_val_loss": 0.49617961049079895,
        "final_val_acc": 0.803921568627451,
        "final_val_f1": 0.7825159914712154,
        "best_val_f1": 0.7919484702093398,
        "best_epoch": 299,
        "total_epochs": 300,
        "training_time_seconds": 15.100997924804688
    },
    "final_test_metrics": {
        "accuracy": 0.8137254901960784,
        "precision": 0.780241935483871,
        "recall": 0.8282947567312233,
        "f1_score": 0.7919484702093398,
        "confusion_matrix": [
            [
                58,
                15
            ],
            [
                4,
                25
            ]
        ]
    }
}