{
    "args": {
        "graph_path": "graphs_hetero/politifact/10_shot_distilbert_hetero_knn_5_smpf10.pt",
        "model": "HAN",
        "target_node_type": "news",
        "dropout_rate": 0.0,
        "hidden_channels": 128,
        "hgt_han_heads": 4,
        "hgt_layers": 1,
        "lr": 0.0001,
        "weight_decay": 0.0001,
        "n_epochs": 300,
        "patience": 30,
        "seed": 42,
        "output_dir_base": "results_hetero"
    },
    "model_name": "HAN_politifact_10_shot_distilbert_hetero_knn_5_smpf10",
    "training_history": {
        "final_train_loss": 0.27081993222236633,
        "final_train_acc": 0.9,
        "final_val_loss": 0.6942915320396423,
        "final_val_acc": 0.6666666666666666,
        "final_val_f1": 0.647130647130647,
        "best_val_f1": 0.6737305077968813,
        "best_epoch": 95,
        "total_epochs_run": 125,
        "training_time_seconds": 4.2212488651275635
    },
    "final_test_metrics_on_target_node": {
        "accuracy": 0.6862745098039216,
        "precision": 0.6950327300731614,
        "recall": 0.7392536608408125,
        "f1_score": 0.6737305077968813,
        "confusion_matrix": [
            [
                45,
                28
            ],
            [
                4,
                25
            ]
        ]
    }
}