{
  "accuracy": 0.8725490196078431,
  "precision": 0.8512145748987854,
  "recall": 0.8278223901747757,
  "f1_score": 0.8381940207443563
}