{
    "args": {
        "graph_path": "graphs/politifact/10_shot_combined_mutual_knn_4.pt",
        "model": "GAT",
        "dropout_rate": 0.5,
        "hidden_channels": 128,
        "gat_heads": 8,
        "lr": 0.0001,
        "weight_decay": 0.0001,
        "n_epochs": 300,
        "patience": 30,
        "seed": 42,
        "output_dir": "results"
    },
    "model_name": "GAT_politifact_10_shot_combined_mutual_knn_4",
    "training_history": {
        "final_train_loss": 0.7396708726882935,
        "final_train_acc": 0.45,
        "final_val_loss": 0.6873894333839417,
        "final_val_acc": 0.5,
        "final_val_f1": 0.49995193694126694,
        "best_val_f1": 0.5432615917954644,
        "best_epoch": 4,
        "total_epochs": 34,
        "training_time_seconds": 1.2179276943206787
    },
    "final_test_metrics": {
        "accuracy": 0.696078431372549,
        "precision": 0.42857142857142855,
        "recall": 0.20689655172413793,
        "f1_score": 0.27906976744186046,
        "confusion_matrix": [
            [
                65,
                8
            ],
            [
                23,
                6
            ]
        ]
    }
}