{
    "args": {
        "graph_path": "graphs/politifact/4_shot_roberta_knn_5.pt",
        "model": "GAT",
        "dropout_rate": 0.5,
        "hidden_channels": 128,
        "gat_heads": 8,
        "lr": 0.0001,
        "weight_decay": 0.0001,
        "n_epochs": 300,
        "patience": 30,
        "seed": 42,
        "output_dir": "results"
    },
    "model_name": "GAT_politifact_4_shot_roberta_knn_5",
    "training_history": {
        "final_train_loss": 0.7967968583106995,
        "final_train_acc": 0.875,
        "final_val_loss": 0.6109751462936401,
        "final_val_acc": 0.7156862745098039,
        "final_val_f1": 0.41714285714285715,
        "best_val_f1": 0.4440406976744186,
        "best_epoch": 1,
        "total_epochs": 65,
        "training_time_seconds": 1.5072107315063477
    },
    "final_test_metrics": {
        "accuracy": 0.7058823529411765,
        "precision": 0.3333333333333333,
        "recall": 0.034482758620689655,
        "f1_score": 0.0625,
        "confusion_matrix": [
            [
                71,
                2
            ],
            [
                28,
                1
            ]
        ]
    }
}