{
    "args": {
        "graph_path": "graphs/politifact/5_shot_roberta_knn_5.pt",
        "model": "GAT",
        "dropout_rate": 0.5,
        "hidden_channels": 128,
        "gat_heads": 8,
        "lr": 0.0001,
        "weight_decay": 0.0001,
        "n_epochs": 300,
        "patience": 30,
        "seed": 42,
        "output_dir": "results"
    },
    "model_name": "GAT_politifact_5_shot_roberta_knn_5",
    "training_history": {
        "final_train_loss": 0.8173151016235352,
        "final_train_acc": 0.7,
        "final_val_loss": 0.6288591027259827,
        "final_val_acc": 0.7254901960784313,
        "final_val_f1": 0.4528735632183908,
        "best_val_f1": 0.4838056680161943,
        "best_epoch": 1,
        "total_epochs": 65,
        "training_time_seconds": 1.7358031272888184
    },
    "final_test_metrics": {
        "accuracy": 0.6078431372549019,
        "precision": 0.2608695652173913,
        "recall": 0.20689655172413793,
        "f1_score": 0.23076923076923078,
        "confusion_matrix": [
            [
                56,
                17
            ],
            [
                23,
                6
            ]
        ]
    }
}