{
    "args": {
        "graph_path": "graphs/politifact/7_shot_combined_mutual_knn_4.pt",
        "model": "GAT",
        "dropout_rate": 0.5,
        "hidden_channels": 128,
        "gat_heads": 8,
        "lr": 0.0001,
        "weight_decay": 0.0001,
        "n_epochs": 300,
        "patience": 30,
        "seed": 42,
        "output_dir": "results"
    },
    "model_name": "GAT_politifact_7_shot_combined_mutual_knn_4",
    "training_history": {
        "final_train_loss": 0.6233517527580261,
        "final_train_acc": 0.7142857142857143,
        "final_val_loss": 0.6952430009841919,
        "final_val_acc": 0.43137254901960786,
        "final_val_f1": 0.4258540372670807,
        "best_val_f1": 0.5502645502645502,
        "best_epoch": 5,
        "total_epochs": 35,
        "training_time_seconds": 1.484560251235962
    },
    "final_test_metrics": {
        "accuracy": 0.7058823529411765,
        "precision": 0.46153846153846156,
        "recall": 0.20689655172413793,
        "f1_score": 0.2857142857142857,
        "confusion_matrix": [
            [
                66,
                7
            ],
            [
                23,
                6
            ]
        ]
    }
}