{
    "args": {
        "graph_path": "graphs/politifact/10_shot_roberta_knn_4.pt",
        "model": "GAT",
        "dropout_rate": 0.5,
        "hidden_channels": 128,
        "gat_heads": 8,
        "lr": 0.0001,
        "weight_decay": 0.0001,
        "n_epochs": 300,
        "patience": 30,
        "seed": 42,
        "output_dir": "results"
    },
    "model_name": "GAT_politifact_10_shot_roberta_knn_4",
    "training_history": {
        "final_train_loss": 0.42290839552879333,
        "final_train_acc": 0.9,
        "final_val_loss": 0.5083950757980347,
        "final_val_acc": 0.7549019607843137,
        "final_val_f1": 0.6642527978933509,
        "best_val_f1": 0.738621110433191,
        "best_epoch": 255,
        "total_epochs": 300,
        "training_time_seconds": 4.455798864364624
    },
    "final_test_metrics": {
        "accuracy": 0.7941176470588235,
        "precision": 0.6538461538461539,
        "recall": 0.5862068965517241,
        "f1_score": 0.6181818181818182,
        "confusion_matrix": [
            [
                64,
                9
            ],
            [
                12,
                17
            ]
        ]
    }
}