{
    "model": "MLP_gossipcop_15_shot_roberta",
    "dataset": "gossipcop",
    "embedding": "roberta",
    "k_shot": 15,
    "training_time": 0.4408876895904541,
    "best_epoch": 4,
    "final_train_accuracy": 0.9230769230769231,
    "final_train_loss": 0.6163192987442017,
    "final_val_accuracy": 1.0,
    "final_val_loss": 0.6573171615600586,
    "final_val_f1": 1.0,
    "test_metrics": {
        "accuracy": 0.5501497005988024,
        "precision": 0.5262711162286597,
        "recall": 0.5427242904949281,
        "f1_score": 0.48722756393881494,
        "confusion_matrix": [
            [
                1203,
                966
            ],
            [
                236,
                267
            ]
        ]
    }
}