{
    "args": {
        "graph_path": "graphs/politifact/9_shot_combined_knn_7.pt",
        "model": "GAT",
        "dropout_rate": 0.5,
        "hidden_channels": 128,
        "gat_heads": 8,
        "lr": 0.0001,
        "weight_decay": 0.0001,
        "n_epochs": 300,
        "patience": 30,
        "seed": 42,
        "output_dir": "results"
    },
    "model_name": "GAT_politifact_9_shot_combined_knn_7",
    "training_history": {
        "final_train_loss": 0.4004930257797241,
        "final_train_acc": 0.8888888888888888,
        "final_val_loss": 0.5246856212615967,
        "final_val_acc": 0.8529411764705882,
        "final_val_f1": 0.8174006444683136,
        "best_val_f1": 0.831365139348134,
        "best_epoch": 275,
        "total_epochs": 300,
        "training_time_seconds": 4.435035943984985
    },
    "final_test_metrics": {
        "accuracy": 0.8627450980392157,
        "precision": 0.7586206896551724,
        "recall": 0.7586206896551724,
        "f1_score": 0.7586206896551724,
        "confusion_matrix": [
            [
                66,
                7
            ],
            [
                7,
                22
            ]
        ]
    }
}