{
    "args": {
        "graph_path": "graphs/politifact/5_shot_roberta_mutual_knn_7.pt",
        "model": "GAT",
        "dropout_rate": 0.5,
        "hidden_channels": 128,
        "gat_heads": 8,
        "lr": 0.0001,
        "weight_decay": 0.0001,
        "n_epochs": 300,
        "patience": 30,
        "seed": 42,
        "output_dir": "results"
    },
    "model_name": "GAT_politifact_5_shot_roberta_mutual_knn_7",
    "training_history": {
        "final_train_loss": 0.37080106139183044,
        "final_train_acc": 0.8,
        "final_val_loss": 0.5555301308631897,
        "final_val_acc": 0.7450980392156863,
        "final_val_f1": 0.7132352941176471,
        "best_val_f1": 0.7267857142857144,
        "best_epoch": 206,
        "total_epochs": 248,
        "training_time_seconds": 3.6087088584899902
    },
    "final_test_metrics": {
        "accuracy": 0.7647058823529411,
        "precision": 0.5714285714285714,
        "recall": 0.6896551724137931,
        "f1_score": 0.625,
        "confusion_matrix": [
            [
                58,
                15
            ],
            [
                9,
                20
            ]
        ]
    }
}