{
    "args": {
        "graph_path": "graphs/gossipcop/11_shot_roberta_mutual_knn_7_smpf10.pt",
        "model": "GAT",
        "dropout_rate": 0.5,
        "hidden_channels": 128,
        "gat_heads": 8,
        "lr": 0.0001,
        "weight_decay": 0.0001,
        "n_epochs": 300,
        "patience": 30,
        "seed": 42,
        "output_dir": "results"
    },
    "model_name": "GAT_gossipcop_11_shot_roberta_mutual_knn_7_smpf10",
    "training_history": {
        "final_train_loss": 0.47107744216918945,
        "final_train_acc": 0.8636363636363636,
        "final_val_loss": 0.6309854388237,
        "final_val_acc": 0.6755239520958084,
        "final_val_f1": 0.5241640452415357,
        "best_val_f1": 0.5274249663330713,
        "best_epoch": 223,
        "total_epochs": 253,
        "training_time_seconds": 3.610748767852783
    },
    "final_test_metrics": {
        "accuracy": 0.6856287425149701,
        "precision": 0.5269195246164006,
        "recall": 0.5314970481399295,
        "f1_score": 0.5274249663330713,
        "confusion_matrix": [
            [
                1689,
                480
            ],
            [
                360,
                143
            ]
        ]
    }
}