{
    "args": {
        "graph_path": "graphs/politifact/16_shot_combined_knn_8_smpf10.pt",
        "model": "GAT",
        "dropout_rate": 0.5,
        "hidden_channels": 128,
        "gat_heads": 8,
        "lr": 0.0001,
        "weight_decay": 0.0001,
        "n_epochs": 300,
        "patience": 30,
        "seed": 42,
        "output_dir": "results"
    },
    "model_name": "GAT_politifact_16_shot_combined_knn_8_smpf10",
    "training_history": {
        "final_train_loss": 0.3612664043903351,
        "final_train_acc": 0.90625,
        "final_val_loss": 0.4631563425064087,
        "final_val_acc": 0.803921568627451,
        "final_val_f1": 0.7682871422080872,
        "best_val_f1": 0.7784749034749034,
        "best_epoch": 112,
        "total_epochs": 300,
        "training_time_seconds": 8.204558610916138
    },
    "final_test_metrics": {
        "accuracy": 0.8235294117647058,
        "precision": 0.7851851851851852,
        "recall": 0.7727916863486065,
        "f1_score": 0.7784749034749034,
        "confusion_matrix": [
            [
                65,
                8
            ],
            [
                10,
                19
            ]
        ]
    }
}