{
    "args": {
        "graph_path": "graphs/gossipcop/3_shot_distilbert_knn_7_smpf10.pt",
        "model": "GAT",
        "dropout_rate": 0.5,
        "hidden_channels": 128,
        "gat_heads": 8,
        "lr": 0.0001,
        "weight_decay": 0.0001,
        "n_epochs": 300,
        "patience": 30,
        "seed": 42,
        "output_dir": "results"
    },
    "model_name": "GAT_gossipcop_3_shot_distilbert_knn_7_smpf10",
    "training_history": {
        "final_train_loss": 0.2444063425064087,
        "final_train_acc": 1.0,
        "final_val_loss": 0.6781038045883179,
        "final_val_acc": 0.5950598802395209,
        "final_val_f1": 0.5131483936327288,
        "best_val_f1": 0.5445077807787612,
        "best_epoch": 19,
        "total_epochs": 73,
        "training_time_seconds": 4.218038082122803
    },
    "final_test_metrics": {
        "accuracy": 0.7339071856287425,
        "precision": 0.5471547024766417,
        "recall": 0.5429098988365794,
        "f1_score": 0.5445077807787612,
        "confusion_matrix": [
            [
                1842,
                327
            ],
            [
                384,
                119
            ]
        ]
    }
}