{
    "args": {
        "graph_path": "graphs/politifact/12_shot_combined_mutual_knn_7.pt",
        "model": "GAT",
        "dropout_rate": 0.5,
        "hidden_channels": 128,
        "gat_heads": 8,
        "lr": 0.0001,
        "weight_decay": 0.0001,
        "n_epochs": 300,
        "patience": 30,
        "seed": 42,
        "output_dir": "results"
    },
    "model_name": "GAT_politifact_12_shot_combined_mutual_knn_7",
    "training_history": {
        "final_train_loss": 0.4868168830871582,
        "final_train_acc": 0.75,
        "final_val_loss": 0.6407710909843445,
        "final_val_acc": 0.7156862745098039,
        "final_val_f1": 0.6824476650563607,
        "best_val_f1": 0.7548076923076923,
        "best_epoch": 53,
        "total_epochs": 103,
        "training_time_seconds": 2.1580522060394287
    },
    "final_test_metrics": {
        "accuracy": 0.8235294117647058,
        "precision": 0.7894736842105263,
        "recall": 0.5172413793103449,
        "f1_score": 0.625,
        "confusion_matrix": [
            [
                69,
                4
            ],
            [
                14,
                15
            ]
        ]
    }
}