{
    "args": {
        "graph_path": "graphs/politifact/6_shot_combined_mutual_knn_5_smpf10.pt",
        "model": "GAT",
        "dropout_rate": 0.5,
        "hidden_channels": 128,
        "gat_heads": 8,
        "lr": 0.0001,
        "weight_decay": 0.0001,
        "n_epochs": 300,
        "patience": 30,
        "seed": 42,
        "output_dir": "results"
    },
    "model_name": "GAT_politifact_6_shot_combined_mutual_knn_5_smpf10",
    "training_history": {
        "final_train_loss": 0.5832930207252502,
        "final_train_acc": 0.75,
        "final_val_loss": 0.691489040851593,
        "final_val_acc": 0.4411764705882353,
        "final_val_f1": 0.43983042682339335,
        "best_val_f1": 0.6522727272727272,
        "best_epoch": 15,
        "total_epochs": 45,
        "training_time_seconds": 1.4731502532958984
    },
    "final_test_metrics": {
        "accuracy": 0.7647058823529411,
        "precision": 0.6666666666666666,
        "recall": 0.3448275862068966,
        "f1_score": 0.45454545454545453,
        "confusion_matrix": [
            [
                68,
                5
            ],
            [
                19,
                10
            ]
        ]
    }
}