{
  "accuracy": 0.8431372549019608,
  "precision": 0.805542935029532,
  "recall": 0.8176665092111478,
  "f1_score": 0.8111111111111111,
  "best_validation_loss": 0.011982265238960585,
  "confusion_matrix": [
    [
      64,
      9
    ],
    [
      7,
      22
    ]
  ]
}