{
  "accuracy": 0.8333333333333334,
  "precision": 0.79375,
  "recall": 0.8108171941426547,
  "f1_score": 0.8012151782643586,
  "confusion_matrix": [
    [
      63,
      10
    ],
    [
      7,
      22
    ]
  ]
}