{
    "args": {
        "graph_path": "graphs/gossipcop/5_shot_combined_mutual_knn_3_smpf10.pt",
        "model": "GAT",
        "dropout_rate": 0.5,
        "hidden_channels": 128,
        "gat_heads": 8,
        "lr": 0.0001,
        "weight_decay": 0.0001,
        "n_epochs": 300,
        "patience": 30,
        "seed": 42,
        "output_dir": "results"
    },
    "model_name": "GAT_gossipcop_5_shot_combined_mutual_knn_3_smpf10",
    "training_history": {
        "final_train_loss": 0.7137454152107239,
        "final_train_acc": 0.6,
        "final_val_loss": 0.7029581069946289,
        "final_val_acc": 0.32297904191616766,
        "final_val_f1": 0.3228491996948817,
        "best_val_f1": 0.5120391682200451,
        "best_epoch": 11,
        "total_epochs": 41,
        "training_time_seconds": 1.38802170753479
    },
    "final_test_metrics": {
        "accuracy": 0.6298652694610778,
        "precision": 0.2161214953271028,
        "recall": 0.36779324055666,
        "f1_score": 0.27225901398086827,
        "confusion_matrix": [
            [
                1498,
                671
            ],
            [
                318,
                185
            ]
        ]
    }
}