{
    "args": {
        "graph_path": "graphs_hetero/politifact/3_shot_roberta_hetero_knn_5_smpf10.pt",
        "model": "HAN",
        "target_node_type": "news",
        "dropout_rate": 0.0,
        "hidden_channels": 128,
        "hgt_han_heads": 4,
        "hgt_layers": 1,
        "lr": 0.0001,
        "weight_decay": 0.0001,
        "n_epochs": 300,
        "patience": 30,
        "seed": 42,
        "output_dir_base": "results_hetero"
    },
    "model_name": "HAN_politifact_3_shot_roberta_hetero_knn_5_smpf10",
    "training_history": {
        "final_train_loss": 0.13048146665096283,
        "final_train_acc": 1.0,
        "final_val_loss": 0.5637483596801758,
        "final_val_acc": 0.6862745098039216,
        "final_val_f1": 0.6644736842105263,
        "best_val_f1": 0.745115856428896,
        "best_epoch": 50,
        "total_epochs_run": 300,
        "training_time_seconds": 11.739250183105469
    },
    "final_test_metrics_on_target_node": {
        "accuracy": 0.7843137254901961,
        "precision": 0.7378129117259552,
        "recall": 0.7557864903164856,
        "f1_score": 0.745115856428896,
        "confusion_matrix": [
            [
                60,
                13
            ],
            [
                9,
                20
            ]
        ]
    }
}