{
    "args": {
        "graph_path": "graphs_hetero/politifact/3_shot_roberta_hetero_knn_5_smpf10.pt",
        "model": "HAN",
        "target_node_type": "news",
        "dropout_rate": 0.0,
        "hidden_channels": 128,
        "hgt_han_heads": 4,
        "hgt_layers": 1,
        "lr": 0.0001,
        "weight_decay": 0.0001,
        "n_epochs": 300,
        "patience": 30,
        "seed": 42,
        "output_dir_base": "results_hetero"
    },
    "model_name": "HAN_politifact_3_shot_roberta_hetero_knn_5_smpf10",
    "training_history": {
        "final_train_loss": 0.1269678920507431,
        "final_train_acc": 1.0,
        "final_val_loss": 0.5588268637657166,
        "final_val_acc": 0.6862745098039216,
        "final_val_f1": 0.6644736842105263,
        "best_val_f1": 0.7629219701162148,
        "best_epoch": 93,
        "total_epochs_run": 300,
        "training_time_seconds": 4.251066446304321
    },
    "final_test_metrics_on_target_node": {
        "accuracy": 0.7941176470588235,
        "precision": 0.7525252525252526,
        "recall": 0.783419933868682,
        "f1_score": 0.7629219701162148,
        "confusion_matrix": [
            [
                59,
                14
            ],
            [
                7,
                22
            ]
        ]
    }
}