{
  "accuracy": 0.5784313725490197,
  "f1": 0.5990508811119385,
  "precision": 0.6666440422322775,
  "recall": 0.5784313725490197
}