{
    "args": {
        "graph_path": "graphs_hetero/gossipcop/16_shot_bert_hetero_knn_5_smpf10.pt",
        "model": "HGT",
        "target_node_type": "news",
        "dropout_rate": 0.0,
        "hidden_channels": 128,
        "hgt_han_heads": 4,
        "hgt_layers": 1,
        "lr": 0.0001,
        "weight_decay": 0.0001,
        "n_epochs": 300,
        "patience": 30,
        "seed": 42,
        "output_dir_base": "results_hetero"
    },
    "model_name": "HGT_gossipcop_16_shot_bert_hetero_knn_5_smpf10",
    "training_history": {
        "final_train_loss": 0.0014238266739994287,
        "final_train_acc": 1.0,
        "final_val_loss": 1.7765321731567383,
        "final_val_acc": 0.6343562874251497,
        "final_val_f1": 0.5565896997718696,
        "best_val_f1": 0.5568304652369422,
        "best_epoch": 147,
        "total_epochs_run": 177,
        "training_time_seconds": 6.201742649078369
    },
    "final_test_metrics_on_target_node": {
        "accuracy": 0.6324850299401198,
        "precision": 0.5722195441890088,
        "recall": 0.6132902905297584,
        "f1_score": 0.5568304652369422,
        "confusion_matrix": [
            [
                1397,
                772
            ],
            [
                210,
                293
            ]
        ]
    }
}