{
    "args": {
        "graph_path": "graphs/gossipcop/12_shot_combined_mutual_knn_3_smpf10.pt",
        "model": "GAT",
        "dropout_rate": 0.5,
        "hidden_channels": 128,
        "gat_heads": 8,
        "lr": 0.0001,
        "weight_decay": 0.0001,
        "n_epochs": 300,
        "patience": 30,
        "seed": 42,
        "output_dir": "results"
    },
    "model_name": "GAT_gossipcop_12_shot_combined_mutual_knn_3_smpf10",
    "training_history": {
        "final_train_loss": 0.6780298352241516,
        "final_train_acc": 0.6666666666666666,
        "final_val_loss": 0.6733875870704651,
        "final_val_acc": 0.6223802395209581,
        "final_val_f1": 0.5494541322893423,
        "best_val_f1": 0.5799343909502832,
        "best_epoch": 102,
        "total_epochs": 132,
        "training_time_seconds": 2.452836036682129
    },
    "final_test_metrics": {
        "accuracy": 0.7473802395209581,
        "precision": 0.3215767634854772,
        "recall": 0.3081510934393638,
        "f1_score": 0.3147208121827411,
        "confusion_matrix": [
            [
                1842,
                327
            ],
            [
                348,
                155
            ]
        ]
    }
}