{
  "accuracy": 0.6598053892215568,
  "precision": 0.5756471066208504,
  "recall": 0.6133209961072661,
  "f1_score": 0.5700197371344387
}