{
    "args": {
        "graph_path": "graphs/gossipcop/16_shot_roberta_knn_6_psl10.pt",
        "model": "GAT",
        "dropout_rate": 0.5,
        "hidden_channels": 128,
        "gat_heads": 8,
        "lr": 0.0001,
        "weight_decay": 0.0001,
        "n_epochs": 300,
        "patience": 30,
        "seed": 42,
        "output_dir": "results"
    },
    "model_name": "GAT_gossipcop_16_shot_roberta_knn_6_psl10",
    "training_history": {
        "final_train_loss": 0.4864468574523926,
        "final_train_acc": 0.875,
        "final_val_loss": 0.652472972869873,
        "final_val_acc": 0.6227544910179641,
        "final_val_f1": 0.4701445616840323,
        "best_val_f1": 0.49819470626028145,
        "best_epoch": 56,
        "total_epochs": 123,
        "training_time_seconds": 2.5848701000213623
    },
    "final_test_metrics": {
        "accuracy": 0.751122754491018,
        "precision": 0.5077696078431373,
        "recall": 0.504648916093114,
        "f1_score": 0.49819470626028145,
        "confusion_matrix": [
            [
                1952,
                217
            ],
            [
                448,
                55
            ]
        ]
    }
}