{
    "args": {
        "graph_path": "graphs/politifact/3_shot_roberta_knn_4_smpf10.pt",
        "model": "GAT",
        "dropout_rate": 0.5,
        "hidden_channels": 128,
        "gat_heads": 8,
        "lr": 0.0001,
        "weight_decay": 0.0001,
        "n_epochs": 300,
        "patience": 30,
        "seed": 42,
        "output_dir": "results"
    },
    "model_name": "GAT_politifact_3_shot_roberta_knn_4_smpf10",
    "training_history": {
        "final_train_loss": 0.7203500866889954,
        "final_train_acc": 0.5,
        "final_val_loss": 0.5542462468147278,
        "final_val_acc": 0.7745098039215687,
        "final_val_f1": 0.6611295681063123,
        "best_val_f1": 0.6988344988344988,
        "best_epoch": 69,
        "total_epochs": 186,
        "training_time_seconds": 2.8326146602630615
    },
    "final_test_metrics": {
        "accuracy": 0.8137254901960784,
        "precision": 1.0,
        "recall": 0.3448275862068966,
        "f1_score": 0.5128205128205128,
        "confusion_matrix": [
            [
                73,
                0
            ],
            [
                19,
                10
            ]
        ]
    }
}