{
    "args": {
        "graph_path": "graphs/politifact/4_shot_combined_mutual_knn_4_smpf10.pt",
        "model": "GAT",
        "dropout_rate": 0.5,
        "hidden_channels": 128,
        "gat_heads": 8,
        "lr": 0.0001,
        "weight_decay": 0.0001,
        "n_epochs": 300,
        "patience": 30,
        "seed": 42,
        "output_dir": "results"
    },
    "model_name": "GAT_politifact_4_shot_combined_mutual_knn_4_smpf10",
    "training_history": {
        "final_train_loss": 0.6076453924179077,
        "final_train_acc": 0.625,
        "final_val_loss": 0.6441444754600525,
        "final_val_acc": 0.696078431372549,
        "final_val_f1": 0.6851538384944738,
        "best_val_f1": 0.7183761120768994,
        "best_epoch": 100,
        "total_epochs": 156,
        "training_time_seconds": 2.625882625579834
    },
    "final_test_metrics": {
        "accuracy": 0.7352941176470589,
        "precision": 0.5208333333333334,
        "recall": 0.8620689655172413,
        "f1_score": 0.6493506493506493,
        "confusion_matrix": [
            [
                50,
                23
            ],
            [
                4,
                25
            ]
        ]
    }
}