{
    "args": {
        "graph_path": "graphs/politifact/3_shot_roberta_mutual_knn_3.pt",
        "model": "GAT",
        "dropout_rate": 0.5,
        "hidden_channels": 128,
        "gat_heads": 8,
        "lr": 0.0001,
        "weight_decay": 0.0001,
        "n_epochs": 300,
        "patience": 30,
        "seed": 42,
        "output_dir": "results"
    },
    "model_name": "GAT_politifact_3_shot_roberta_mutual_knn_3",
    "training_history": {
        "final_train_loss": 0.9220900535583496,
        "final_train_acc": 0.5,
        "final_val_loss": 0.6535058617591858,
        "final_val_acc": 0.6274509803921569,
        "final_val_f1": 0.6180528182893181,
        "best_val_f1": 0.7006289308176101,
        "best_epoch": 55,
        "total_epochs": 85,
        "training_time_seconds": 1.9160454273223877
    },
    "final_test_metrics": {
        "accuracy": 0.7941176470588235,
        "precision": 0.75,
        "recall": 0.41379310344827586,
        "f1_score": 0.5333333333333333,
        "confusion_matrix": [
            [
                69,
                4
            ],
            [
                17,
                12
            ]
        ]
    }
}