{
    "args": {
        "graph_path": "graphs/gossipcop/16_shot_roberta_mutual_knn_8_smpf10.pt",
        "model": "GAT",
        "dropout_rate": 0.5,
        "hidden_channels": 128,
        "gat_heads": 8,
        "lr": 0.0001,
        "weight_decay": 0.0001,
        "n_epochs": 300,
        "patience": 30,
        "seed": 42,
        "output_dir": "results"
    },
    "model_name": "GAT_gossipcop_16_shot_roberta_mutual_knn_8_smpf10",
    "training_history": {
        "final_train_loss": 0.7504175305366516,
        "final_train_acc": 0.6875,
        "final_val_loss": 0.6671207547187805,
        "final_val_acc": 0.5995508982035929,
        "final_val_f1": 0.472330498464446,
        "best_val_f1": 0.49716566032887977,
        "best_epoch": 85,
        "total_epochs": 115,
        "training_time_seconds": 2.239384412765503
    },
    "final_test_metrics": {
        "accuracy": 0.719311377245509,
        "precision": 0.4985356954246484,
        "recall": 0.49879789955518156,
        "f1_score": 0.49716566032887977,
        "confusion_matrix": [
            [
                1849,
                320
            ],
            [
                430,
                73
            ]
        ]
    }
}