{
    "args": {
        "graph_path": "graphs/politifact/3_shot_roberta_mutual_knn_4.pt",
        "model": "GAT",
        "dropout_rate": 0.5,
        "hidden_channels": 128,
        "gat_heads": 8,
        "lr": 0.0001,
        "weight_decay": 0.0001,
        "n_epochs": 300,
        "patience": 30,
        "seed": 42,
        "output_dir": "results"
    },
    "model_name": "GAT_politifact_3_shot_roberta_mutual_knn_4",
    "training_history": {
        "final_train_loss": 0.4842500686645508,
        "final_train_acc": 0.8333333333333334,
        "final_val_loss": 0.5972296595573425,
        "final_val_acc": 0.696078431372549,
        "final_val_f1": 0.6303915838690825,
        "best_val_f1": 0.7006289308176101,
        "best_epoch": 55,
        "total_epochs": 131,
        "training_time_seconds": 2.5057854652404785
    },
    "final_test_metrics": {
        "accuracy": 0.7941176470588235,
        "precision": 0.75,
        "recall": 0.41379310344827586,
        "f1_score": 0.5333333333333333,
        "confusion_matrix": [
            [
                69,
                4
            ],
            [
                17,
                12
            ]
        ]
    }
}