{
    "args": {
        "graph_path": "graphs/politifact/7_shot_combined_mutual_knn_4_smpf10.pt",
        "model": "GAT",
        "dropout_rate": 0.5,
        "hidden_channels": 128,
        "gat_heads": 8,
        "lr": 0.0001,
        "weight_decay": 0.0001,
        "n_epochs": 300,
        "patience": 30,
        "seed": 42,
        "output_dir": "results"
    },
    "model_name": "GAT_politifact_7_shot_combined_mutual_knn_4_smpf10",
    "training_history": {
        "final_train_loss": 0.5986313223838806,
        "final_train_acc": 0.7857142857142857,
        "final_val_loss": 0.6536970138549805,
        "final_val_acc": 0.696078431372549,
        "final_val_f1": 0.6797974683544303,
        "best_val_f1": 0.7350023618327822,
        "best_epoch": 81,
        "total_epochs": 111,
        "training_time_seconds": 2.2304210662841797
    },
    "final_test_metrics": {
        "accuracy": 0.7843137254901961,
        "precision": 0.6206896551724138,
        "recall": 0.6206896551724138,
        "f1_score": 0.6206896551724138,
        "confusion_matrix": [
            [
                62,
                11
            ],
            [
                11,
                18
            ]
        ]
    }
}