{
    "args": {
        "graph_path": "graphs_hetero/politifact/6_shot_roberta_hetero_knn_5_psl10.pt",
        "model": "HGT",
        "target_node_type": "news",
        "dropout_rate": 0.0,
        "hidden_channels": 128,
        "hgt_han_heads": 4,
        "hgt_layers": 1,
        "lr": 0.0001,
        "weight_decay": 0.0001,
        "n_epochs": 300,
        "patience": 30,
        "seed": 42,
        "output_dir_base": "results_hetero"
    },
    "model_name": "HGT_politifact_6_shot_roberta_hetero_knn_5_psl10",
    "training_history": {
        "final_train_loss": 0.005709173157811165,
        "final_train_acc": 1.0,
        "final_val_loss": 0.6865518689155579,
        "final_val_acc": 0.6470588235294118,
        "final_val_f1": 0.6357142857142857,
        "best_val_f1": 0.6820779220779221,
        "best_epoch": 26,
        "total_epochs_run": 156,
        "training_time_seconds": 5.502038955688477
    },
    "final_test_metrics_on_target_node": {
        "accuracy": 0.7647058823529411,
        "precision": 0.7107583774250441,
        "recall": 0.6693434104865376,
        "f1_score": 0.6820779220779221,
        "confusion_matrix": [
            [
                65,
                8
            ],
            [
                16,
                13
            ]
        ]
    }
}