{
  "accuracy": 0.8725490196078431,
  "precision": 0.8396381578947368,
  "recall": 0.8901747756258857,
  "f1_score": 0.8555398191524131
}