{
    "args": {
        "graph_path": "graphs/gossipcop/12_shot_distilbert_knn_5_smpf10.pt",
        "model": "GAT",
        "dropout_rate": 0.5,
        "hidden_channels": 128,
        "gat_heads": 8,
        "lr": 0.0001,
        "weight_decay": 0.0001,
        "n_epochs": 300,
        "patience": 30,
        "seed": 42,
        "output_dir": "results"
    },
    "model_name": "GAT_gossipcop_12_shot_distilbert_knn_5_smpf10",
    "training_history": {
        "final_train_loss": 0.5160584449768066,
        "final_train_acc": 0.7916666666666666,
        "final_val_loss": 0.6796727776527405,
        "final_val_acc": 0.6096556886227545,
        "final_val_f1": 0.5329246760560076,
        "best_val_f1": 0.555658176283331,
        "best_epoch": 42,
        "total_epochs": 72,
        "training_time_seconds": 3.286985397338867
    },
    "final_test_metrics": {
        "accuracy": 0.7013473053892215,
        "precision": 0.5531785015168345,
        "recall": 0.5633208586196056,
        "f1_score": 0.555658176283331,
        "confusion_matrix": [
            [
                1702,
                467
            ],
            [
                331,
                172
            ]
        ]
    }
}