{
  "accuracy": 0.7843137254901961,
  "precision": 0.7529411764705882,
  "recall": 0.6726499763816721,
  "f1_score": 0.6912493120528344
}