{
    "args": {
        "graph_path": "graphs/gossipcop/11_shot_roberta_knn_5_smpf10.pt",
        "model": "GAT",
        "dropout_rate": 0.5,
        "hidden_channels": 128,
        "gat_heads": 8,
        "lr": 0.0001,
        "weight_decay": 0.0001,
        "n_epochs": 300,
        "patience": 30,
        "seed": 42,
        "output_dir": "results"
    },
    "model_name": "GAT_gossipcop_11_shot_roberta_knn_5_smpf10",
    "training_history": {
        "final_train_loss": 0.7293926477432251,
        "final_train_acc": 0.4090909090909091,
        "final_val_loss": 0.6210358738899231,
        "final_val_acc": 0.7994011976047904,
        "final_val_f1": 0.4497249762168592,
        "best_val_f1": 0.4503252015824688,
        "best_epoch": 1,
        "total_epochs": 51,
        "training_time_seconds": 1.461935043334961
    },
    "final_test_metrics": {
        "accuracy": 0.7863023952095808,
        "precision": 0.075,
        "recall": 0.011928429423459244,
        "f1_score": 0.02058319039451115,
        "confusion_matrix": [
            [
                2095,
                74
            ],
            [
                497,
                6
            ]
        ]
    }
}