{
    "args": {
        "graph_path": "graphs/gossipcop/8_shot_distilbert_knn_8_smpf10.pt",
        "model": "GAT",
        "dropout_rate": 0.5,
        "hidden_channels": 128,
        "gat_heads": 8,
        "lr": 0.0001,
        "weight_decay": 0.0001,
        "n_epochs": 300,
        "patience": 30,
        "seed": 42,
        "output_dir": "results"
    },
    "model_name": "GAT_gossipcop_8_shot_distilbert_knn_8_smpf10",
    "training_history": {
        "final_train_loss": 0.6598120927810669,
        "final_train_acc": 0.75,
        "final_val_loss": 0.7193078994750977,
        "final_val_acc": 0.5336826347305389,
        "final_val_f1": 0.4746040883933261,
        "best_val_f1": 0.5313401897472694,
        "best_epoch": 19,
        "total_epochs": 53,
        "training_time_seconds": 2.20556902885437
    },
    "final_test_metrics": {
        "accuracy": 0.7365269461077845,
        "precision": 0.5359608464527804,
        "recall": 0.5300167643287349,
        "f1_score": 0.5313401897472694,
        "confusion_matrix": [
            [
                1868,
                301
            ],
            [
                403,
                100
            ]
        ]
    }
}