{
    "model": "LSTM_gossipcop_8_shot_roberta",
    "dataset": "gossipcop",
    "embedding": "roberta",
    "k_shot": 8,
    "training_time": 0.3966398239135742,
    "best_epoch": 0,
    "final_train_accuracy": 0.5,
    "final_train_loss": 0.6890249252319336,
    "final_val_accuracy": 0.5,
    "final_val_loss": 0.6925557851791382,
    "final_val_f1": 0.3333333333333333,
    "test_metrics": {
        "accuracy": 0.811751497005988,
        "precision": 0.405875748502994,
        "recall": 0.5,
        "f1_score": 0.4480479239826482,
        "confusion_matrix": [
            [
                2169,
                0
            ],
            [
                503,
                0
            ]
        ]
    }
}