{
  "accuracy": 0.7937874251497006,
  "precision": 0.6625011474837975,
  "recall": 0.6622528544729778,
  "f1_score": 0.6623767541641872
}