{
    "args": {
        "graph_path": "graphs/gossipcop/11_shot_roberta_mutual_knn_8_smpf10.pt",
        "model": "GAT",
        "dropout_rate": 0.5,
        "hidden_channels": 128,
        "gat_heads": 8,
        "lr": 0.0001,
        "weight_decay": 0.0001,
        "n_epochs": 300,
        "patience": 30,
        "seed": 42,
        "output_dir": "results"
    },
    "model_name": "GAT_gossipcop_11_shot_roberta_mutual_knn_8_smpf10",
    "training_history": {
        "final_train_loss": 0.5047730803489685,
        "final_train_acc": 0.7727272727272727,
        "final_val_loss": 0.6123310327529907,
        "final_val_acc": 0.6953592814371258,
        "final_val_f1": 0.5263863871536427,
        "best_val_f1": 0.532383148382076,
        "best_epoch": 240,
        "total_epochs": 280,
        "training_time_seconds": 4.107734680175781
    },
    "final_test_metrics": {
        "accuracy": 0.718562874251497,
        "precision": 0.5329498991286188,
        "recall": 0.5319315091470541,
        "f1_score": 0.532383148382076,
        "confusion_matrix": [
            [
                1803,
                366
            ],
            [
                386,
                117
            ]
        ]
    }
}