{
  "accuracy": 0.8823529411764706,
  "precision": 0.8494802494802495,
  "recall": 0.8970240906943788,
  "f1_score": 0.8656126482213439
}