{
    "args": {
        "graph_path": "graphs/gossipcop/15_shot_combined_knn_7_smpf10.pt",
        "model": "GAT",
        "dropout_rate": 0.5,
        "hidden_channels": 128,
        "gat_heads": 8,
        "lr": 0.0001,
        "weight_decay": 0.0001,
        "n_epochs": 300,
        "patience": 30,
        "seed": 42,
        "output_dir": "results"
    },
    "model_name": "GAT_gossipcop_15_shot_combined_knn_7_smpf10",
    "training_history": {
        "final_train_loss": 0.6200548410415649,
        "final_train_acc": 0.8333333333333334,
        "final_val_loss": 0.6499664187431335,
        "final_val_acc": 0.6710329341317365,
        "final_val_f1": 0.5133405703063503,
        "best_val_f1": 0.5213617056373459,
        "best_epoch": 52,
        "total_epochs": 94,
        "training_time_seconds": 4.099935054779053
    },
    "final_test_metrics": {
        "accuracy": 0.687874251497006,
        "precision": 0.520989222506929,
        "recall": 0.5237179963098312,
        "f1_score": 0.5213617056373459,
        "confusion_matrix": [
            [
                1707,
                462
            ],
            [
                372,
                131
            ]
        ]
    }
}