{
    "args": {
        "graph_path": "graphs_hetero/gossipcop/9_shot_distilbert_hetero_knn_5_smpf10.pt",
        "model": "HAN",
        "target_node_type": "news",
        "dropout_rate": 0.0,
        "hidden_channels": 128,
        "hgt_han_heads": 4,
        "hgt_layers": 1,
        "lr": 0.0001,
        "weight_decay": 0.0001,
        "n_epochs": 300,
        "patience": 30,
        "seed": 42,
        "output_dir_base": "results_hetero"
    },
    "model_name": "HAN_gossipcop_9_shot_distilbert_hetero_knn_5_smpf10",
    "training_history": {
        "final_train_loss": 0.37770214676856995,
        "final_train_acc": 0.8888888888888888,
        "final_val_loss": 0.6610053181648254,
        "final_val_acc": 0.6182634730538922,
        "final_val_f1": 0.5218177326625943,
        "best_val_f1": 0.5233797527773432,
        "best_epoch": 25,
        "total_epochs_run": 99,
        "training_time_seconds": 2.617784023284912
    },
    "final_test_metrics_on_target_node": {
        "accuracy": 0.6160179640718563,
        "precision": 0.538050665387656,
        "recall": 0.5580999938588845,
        "f1_score": 0.5233797527773432,
        "confusion_matrix": [
            [
                1412,
                757
            ],
            [
                269,
                234
            ]
        ]
    }
}