{
  "accuracy": 0.7215568862275449,
  "precision": 0.5869022331613788,
  "recall": 0.6063095837148615,
  "f1_score": 0.5924263895449535
}