{
  "accuracy": 0.7784431137724551,
  "precision": 0.651184129357502,
  "recall": 0.6695988201725562,
  "f1_score": 0.6588587966856881
}