{
    "args": {
        "graph_path": "graphs/politifact/9_shot_combined_knn_4.pt",
        "model": "GAT",
        "dropout_rate": 0.5,
        "hidden_channels": 128,
        "gat_heads": 8,
        "lr": 0.0001,
        "weight_decay": 0.0001,
        "n_epochs": 300,
        "patience": 30,
        "seed": 42,
        "output_dir": "results"
    },
    "model_name": "GAT_politifact_9_shot_combined_knn_4",
    "training_history": {
        "final_train_loss": 0.42506563663482666,
        "final_train_acc": 0.9444444444444444,
        "final_val_loss": 0.5370565056800842,
        "final_val_acc": 0.8137254901960784,
        "final_val_f1": 0.7687074829931972,
        "best_val_f1": 0.7875,
        "best_epoch": 278,
        "total_epochs": 300,
        "training_time_seconds": 4.1460280418396
    },
    "final_test_metrics": {
        "accuracy": 0.8235294117647058,
        "precision": 0.6774193548387096,
        "recall": 0.7241379310344828,
        "f1_score": 0.7,
        "confusion_matrix": [
            [
                63,
                10
            ],
            [
                8,
                21
            ]
        ]
    }
}