{
  "accuracy": 0.7305389221556886,
  "precision": 0.5963424041286188,
  "recall": 0.6164231760199522,
  "f1_score": 0.6026214294920733
}