{
  "accuracy": 0.686377245508982,
  "precision": 0.5808383233532934,
  "recall": 0.6136541745378352,
  "f1_score": 0.5822529285294779
}