{
  "accuracy": 0.5722305389221557,
  "f1": 0.4994288849956804,
  "precision": 0.5293978175169971,
  "recall": 0.5471628504675039,
  "confusion_matrix": [
    [
      1274,
      895
    ],
    [
      248,
      255
    ]
  ]
}