{
  "accuracy": 0.5722305389221557,
  "f1": 0.6184549452915664,
  "precision": 0.7212239300465515,
  "recall": 0.5722305389221557
}