{
    "args": {
        "graph_path": "graphs/politifact/15_shot_combined_knn_4_smpf10.pt",
        "model": "GAT",
        "dropout_rate": 0.5,
        "hidden_channels": 128,
        "gat_heads": 8,
        "lr": 0.0001,
        "weight_decay": 0.0001,
        "n_epochs": 300,
        "patience": 30,
        "seed": 42,
        "output_dir": "results"
    },
    "model_name": "GAT_politifact_15_shot_combined_knn_4_smpf10",
    "training_history": {
        "final_train_loss": 0.6284677386283875,
        "final_train_acc": 0.7,
        "final_val_loss": 0.62913578748703,
        "final_val_acc": 0.7745098039215687,
        "final_val_f1": 0.7310558294164852,
        "best_val_f1": 0.7880519480519481,
        "best_epoch": 56,
        "total_epochs": 106,
        "training_time_seconds": 2.1482272148132324
    },
    "final_test_metrics": {
        "accuracy": 0.8431372549019608,
        "precision": 0.8095238095238095,
        "recall": 0.5862068965517241,
        "f1_score": 0.68,
        "confusion_matrix": [
            [
                69,
                4
            ],
            [
                12,
                17
            ]
        ]
    }
}