{
    "args": {
        "graph_path": "graphs_hetero/politifact/13_shot_roberta_hetero_dual_knn_sim5_dis5_psl10.pt",
        "model": "HGT",
        "target_node_type": "news",
        "dropout_rate": 0.0,
        "hidden_channels": 128,
        "hgt_han_heads": 4,
        "hgt_layers": 1,
        "lr": 0.0001,
        "weight_decay": 0.0001,
        "n_epochs": 300,
        "patience": 30,
        "seed": 42,
        "output_dir_base": "results_hetero"
    },
    "model_name": "HGT_politifact_13_shot_roberta_hetero_dual_knn_sim5_dis5_psl10",
    "training_history": {
        "final_train_loss": 0.006901656277477741,
        "final_train_acc": 1.0,
        "final_val_loss": 0.3998275399208069,
        "final_val_acc": 0.8235294117647058,
        "final_val_f1": 0.7950892857142857,
        "best_val_f1": 0.7950892857142857,
        "best_epoch": 79,
        "total_epochs_run": 181,
        "training_time_seconds": 6.3428003787994385
    },
    "final_test_metrics_on_target_node": {
        "accuracy": 0.8235294117647058,
        "precision": 0.7837953091684435,
        "recall": 0.8143599433160132,
        "f1_score": 0.7950892857142857,
        "confusion_matrix": [
            [
                61,
                12
            ],
            [
                6,
                23
            ]
        ]
    }
}