{
    "args": {
        "graph_path": "graphs_hetero/gossipcop/5_shot_roberta_hetero_knn_5_psl10.pt",
        "model": "HAN",
        "target_node_type": "news",
        "dropout_rate": 0.0,
        "hidden_channels": 128,
        "hgt_han_heads": 4,
        "hgt_layers": 1,
        "lr": 0.0001,
        "weight_decay": 0.0001,
        "n_epochs": 300,
        "patience": 30,
        "seed": 42,
        "output_dir_base": "results_hetero"
    },
    "model_name": "HAN_gossipcop_5_shot_roberta_hetero_knn_5_psl10",
    "training_history": {
        "final_train_loss": 0.17923276126384735,
        "final_train_acc": 1.0,
        "final_val_loss": 0.5930631160736084,
        "final_val_acc": 0.7252994011976048,
        "final_val_f1": 0.6003609134337555,
        "best_val_f1": 0.6216088807785888,
        "best_epoch": 110,
        "total_epochs_run": 300,
        "training_time_seconds": 4.587069749832153
    },
    "final_test_metrics_on_target_node": {
        "accuracy": 0.7769461077844312,
        "precision": 0.6266642298630285,
        "recall": 0.6175212441350055,
        "f1_score": 0.6216088807785888,
        "confusion_matrix": [
            [
                1894,
                275
            ],
            [
                321,
                182
            ]
        ]
    }
}