{
  "accuracy": 0.7260479041916168,
  "precision": 0.6166753900645351,
  "recall": 0.6579407831480458,
  "f1_score": 0.6248054877768059
}