{
    "args": {
        "graph_path": "graphs_hetero/gossipcop/14_shot_roberta_hetero_dual_knn_sim5_dis5_smpf10_mv3.pt",
        "model": "HAN",
        "target_node_type": "news",
        "dropout_rate": 0.0,
        "hidden_channels": 128,
        "hgt_han_heads": 4,
        "hgt_layers": 1,
        "lr": 0.0001,
        "weight_decay": 0.0001,
        "n_epochs": 300,
        "patience": 30,
        "seed": 42,
        "output_dir_base": "results_hetero"
    },
    "model_name": "HAN_gossipcop_14_shot_roberta_hetero_dual_knn_sim5_dis5_smpf10_mv3",
    "training_history": {
        "final_train_loss": 0.20765803754329681,
        "final_train_acc": 1.0,
        "final_val_loss": 0.613321840763092,
        "final_val_acc": 0.6702844311377245,
        "final_val_f1": 0.575809046749208,
        "best_val_f1": 0.5973595434615646,
        "best_epoch": 93,
        "total_epochs_run": 300,
        "training_time_seconds": 11.237509965896606
    },
    "final_test_metrics_on_target_node": {
        "accuracy": 0.7215568862275449,
        "precision": 0.5913341831393106,
        "recall": 0.6139447317936548,
        "f1_score": 0.5973595434615646,
        "confusion_matrix": [
            [
                1706,
                463
            ],
            [
                281,
                222
            ]
        ]
    }
}