{
    "args": {
        "graph_path": "graphs/gossipcop/4_shot_roberta_mutual_knn_5_smpf10.pt",
        "model": "GAT",
        "dropout_rate": 0.5,
        "hidden_channels": 128,
        "gat_heads": 8,
        "lr": 0.0001,
        "weight_decay": 0.0001,
        "n_epochs": 300,
        "patience": 30,
        "seed": 42,
        "output_dir": "results"
    },
    "model_name": "GAT_gossipcop_4_shot_roberta_mutual_knn_5_smpf10",
    "training_history": {
        "final_train_loss": 0.7533419132232666,
        "final_train_acc": 0.625,
        "final_val_loss": 0.5848783254623413,
        "final_val_acc": 0.811751497005988,
        "final_val_f1": 0.4480479239826482,
        "best_val_f1": 0.4881189883415733,
        "best_epoch": 27,
        "total_epochs": 79,
        "training_time_seconds": 4.143224477767944
    },
    "final_test_metrics": {
        "accuracy": 0.6347305389221557,
        "precision": 0.4942803119664372,
        "recall": 0.4925110471335198,
        "f1_score": 0.4881189883415733,
        "confusion_matrix": [
            [
                1563,
                606
            ],
            [
                370,
                133
            ]
        ]
    }
}