{
    "args": {
        "graph_path": "graphs/gossipcop/10_shot_roberta_mutual_knn_3_smpf10.pt",
        "model": "GAT",
        "dropout_rate": 0.5,
        "hidden_channels": 128,
        "gat_heads": 8,
        "lr": 0.0001,
        "weight_decay": 0.0001,
        "n_epochs": 300,
        "patience": 30,
        "seed": 42,
        "output_dir": "results"
    },
    "model_name": "GAT_gossipcop_10_shot_roberta_mutual_knn_3_smpf10",
    "training_history": {
        "final_train_loss": 0.6379333734512329,
        "final_train_acc": 0.55,
        "final_val_loss": 0.5650275945663452,
        "final_val_acc": 0.7597305389221557,
        "final_val_f1": 0.4976331631272469,
        "best_val_f1": 0.5350084504430813,
        "best_epoch": 280,
        "total_epochs": 300,
        "training_time_seconds": 13.644160747528076
    },
    "final_test_metrics": {
        "accuracy": 0.6740269461077845,
        "precision": 0.2401129943502825,
        "recall": 0.3379721669980119,
        "f1_score": 0.28075970272502065,
        "confusion_matrix": [
            [
                1631,
                538
            ],
            [
                333,
                170
            ]
        ]
    }
}