{
    "args": {
        "graph_path": "graphs/politifact/13_shot_combined_knn_6_smpf10.pt",
        "model": "GAT",
        "dropout_rate": 0.5,
        "hidden_channels": 128,
        "gat_heads": 8,
        "lr": 0.0001,
        "weight_decay": 0.0001,
        "n_epochs": 300,
        "patience": 30,
        "seed": 42,
        "output_dir": "results"
    },
    "model_name": "GAT_politifact_13_shot_combined_knn_6_smpf10",
    "training_history": {
        "final_train_loss": 0.4597639739513397,
        "final_train_acc": 0.8846153846153846,
        "final_val_loss": 0.5411103963851929,
        "final_val_acc": 0.803921568627451,
        "final_val_f1": 0.7760210803689065,
        "best_val_f1": 0.8146297137664698,
        "best_epoch": 254,
        "total_epochs": 300,
        "training_time_seconds": 4.356702566146851
    },
    "final_test_metrics": {
        "accuracy": 0.8431372549019608,
        "precision": 0.696969696969697,
        "recall": 0.7931034482758621,
        "f1_score": 0.7419354838709677,
        "confusion_matrix": [
            [
                63,
                10
            ],
            [
                6,
                23
            ]
        ]
    }
}