{
    "args": {
        "graph_path": "graphs/politifact/12_shot_combined_knn_7.pt",
        "model": "GAT",
        "dropout_rate": 0.5,
        "hidden_channels": 128,
        "gat_heads": 8,
        "lr": 0.0001,
        "weight_decay": 0.0001,
        "n_epochs": 300,
        "patience": 30,
        "seed": 42,
        "output_dir": "results"
    },
    "model_name": "GAT_politifact_12_shot_combined_knn_7",
    "training_history": {
        "final_train_loss": 0.4363678991794586,
        "final_train_acc": 0.8333333333333334,
        "final_val_loss": 0.5258699059486389,
        "final_val_acc": 0.8529411764705882,
        "final_val_f1": 0.8211572180011689,
        "best_val_f1": 0.8211572180011689,
        "best_epoch": 296,
        "total_epochs": 300,
        "training_time_seconds": 4.582942485809326
    },
    "final_test_metrics": {
        "accuracy": 0.8529411764705882,
        "precision": 0.7333333333333333,
        "recall": 0.7586206896551724,
        "f1_score": 0.7457627118644068,
        "confusion_matrix": [
            [
                65,
                8
            ],
            [
                7,
                22
            ]
        ]
    }
}