{
    "args": {
        "graph_path": "graphs/politifact/14_shot_combined_mutual_knn_7_smpf10.pt",
        "model": "GAT",
        "dropout_rate": 0.5,
        "hidden_channels": 128,
        "gat_heads": 8,
        "lr": 0.0001,
        "weight_decay": 0.0001,
        "n_epochs": 300,
        "patience": 30,
        "seed": 42,
        "output_dir": "results"
    },
    "model_name": "GAT_politifact_14_shot_combined_mutual_knn_7_smpf10",
    "training_history": {
        "final_train_loss": 0.47596532106399536,
        "final_train_acc": 0.8571428571428571,
        "final_val_loss": 0.5809364914894104,
        "final_val_acc": 0.7843137254901961,
        "final_val_f1": 0.7536231884057971,
        "best_val_f1": 0.7831837505904582,
        "best_epoch": 92,
        "total_epochs": 209,
        "training_time_seconds": 3.055171251296997
    },
    "final_test_metrics": {
        "accuracy": 0.8235294117647058,
        "precision": 0.6896551724137931,
        "recall": 0.6896551724137931,
        "f1_score": 0.6896551724137931,
        "confusion_matrix": [
            [
                64,
                9
            ],
            [
                9,
                20
            ]
        ]
    }
}