{
  "accuracy": 0.7843137254901961,
  "precision": 0.7434511434511435,
  "recall": 0.7765706188001888,
  "f1_score": 0.7536231884057971
}