{
    "args": {
        "graph_path": "graphs/gossipcop/6_shot_roberta_knn_6_smpf10.pt",
        "model": "GAT",
        "dropout_rate": 0.5,
        "hidden_channels": 128,
        "gat_heads": 8,
        "lr": 0.0001,
        "weight_decay": 0.0001,
        "n_epochs": 300,
        "patience": 30,
        "seed": 42,
        "output_dir": "results"
    },
    "model_name": "GAT_gossipcop_6_shot_roberta_knn_6_smpf10",
    "training_history": {
        "final_train_loss": 0.5623824000358582,
        "final_train_acc": 0.75,
        "final_val_loss": 0.6361114382743835,
        "final_val_acc": 0.6624251497005988,
        "final_val_f1": 0.4964629155604138,
        "best_val_f1": 0.5103874546644404,
        "best_epoch": 124,
        "total_epochs": 169,
        "training_time_seconds": 3.8425581455230713
    },
    "final_test_metrics": {
        "accuracy": 0.719685628742515,
        "precision": 0.5120431806213797,
        "recall": 0.5104811426507805,
        "f1_score": 0.5103874546644404,
        "confusion_matrix": [
            [
                1835,
                334
            ],
            [
                415,
                88
            ]
        ]
    }
}