{
    "args": {
        "graph_path": "graphs/gossipcop/6_shot_roberta_knn_6_smpf10.pt",
        "model": "GAT",
        "dropout_rate": 0.5,
        "hidden_channels": 128,
        "gat_heads": 8,
        "lr": 0.0001,
        "weight_decay": 0.0001,
        "n_epochs": 300,
        "patience": 30,
        "seed": 42,
        "output_dir": "results"
    },
    "model_name": "GAT_gossipcop_6_shot_roberta_knn_6_smpf10",
    "training_history": {
        "final_train_loss": 0.5604813098907471,
        "final_train_acc": 0.6666666666666666,
        "final_val_loss": 0.5795683860778809,
        "final_val_acc": 0.811751497005988,
        "final_val_f1": 0.4480479239826482,
        "best_val_f1": 0.4571805077962585,
        "best_epoch": 1,
        "total_epochs": 49,
        "training_time_seconds": 1.4633784294128418
    },
    "final_test_metrics": {
        "accuracy": 0.7754491017964071,
        "precision": 0.10569105691056911,
        "recall": 0.02584493041749503,
        "f1_score": 0.04153354632587859,
        "confusion_matrix": [
            [
                2059,
                110
            ],
            [
                490,
                13
            ]
        ]
    }
}