{
  "accuracy": 0.7745098039215687,
  "precision": 0.7347861842105263,
  "recall": 0.7697213037316958,
  "f1_score": 0.7444166031158078
}