{
    "args": {
        "graph_path": "graphs_hetero/gossipcop/10_shot_roberta_hetero_dual_knn_sim5_dis5_smpf10.pt",
        "model": "HAN",
        "target_node_type": "news",
        "dropout_rate": 0.0,
        "hidden_channels": 128,
        "hgt_han_heads": 4,
        "hgt_layers": 1,
        "lr": 0.0001,
        "weight_decay": 0.0001,
        "n_epochs": 300,
        "patience": 30,
        "seed": 42,
        "output_dir_base": "results_hetero"
    },
    "model_name": "HAN_gossipcop_10_shot_roberta_hetero_dual_knn_sim5_dis5_smpf10",
    "training_history": {
        "final_train_loss": 0.23075513541698456,
        "final_train_acc": 1.0,
        "final_val_loss": 0.5624542832374573,
        "final_val_acc": 0.7391467065868264,
        "final_val_f1": 0.6024025985809425,
        "best_val_f1": 0.6076202102767567,
        "best_epoch": 214,
        "total_epochs_run": 300,
        "training_time_seconds": 7.952714443206787
    },
    "final_test_metrics_on_target_node": {
        "accuracy": 0.7514970059880239,
        "precision": 0.6043437374590453,
        "recall": 0.6117715101736286,
        "f1_score": 0.6076202102767567,
        "confusion_matrix": [
            [
                1813,
                356
            ],
            [
                308,
                195
            ]
        ]
    }
}