{
  "accuracy": 0.5404191616766467,
  "f1": 0.5897458033390977,
  "precision": 0.7375875730993784,
  "recall": 0.5404191616766467
}