{
    "args": {
        "graph_path": "graphs/politifact/14_shot_roberta_knn_6_smpf10.pt",
        "model": "GAT",
        "dropout_rate": 0.5,
        "hidden_channels": 128,
        "gat_heads": 8,
        "lr": 0.0001,
        "weight_decay": 0.0001,
        "n_epochs": 300,
        "patience": 30,
        "seed": 42,
        "output_dir": "results"
    },
    "model_name": "GAT_politifact_14_shot_roberta_knn_6_smpf10",
    "training_history": {
        "final_train_loss": 0.46321842074394226,
        "final_train_acc": 0.75,
        "final_val_loss": 0.5652714371681213,
        "final_val_acc": 0.7254901960784313,
        "final_val_f1": 0.7120967741935484,
        "best_val_f1": 0.7292471042471043,
        "best_epoch": 77,
        "total_epochs": 195,
        "training_time_seconds": 4.280562162399292
    },
    "final_test_metrics": {
        "accuracy": 0.7843137254901961,
        "precision": 0.7348148148148148,
        "recall": 0.7246102975909305,
        "f1_score": 0.7292471042471043,
        "confusion_matrix": [
            [
                63,
                10
            ],
            [
                12,
                17
            ]
        ]
    }
}