{
  "accuracy": 0.4803921568627451,
  "f1": 0.5039710001647719,
  "precision": 0.5946596029716235,
  "recall": 0.4803921568627451
}