{
    "args": {
        "graph_path": "graphs/gossipcop/10_shot_bert_knn_7_smpf10.pt",
        "model": "GAT",
        "dropout_rate": 0.5,
        "hidden_channels": 128,
        "gat_heads": 8,
        "lr": 0.0001,
        "weight_decay": 0.0001,
        "n_epochs": 300,
        "patience": 30,
        "seed": 42,
        "output_dir": "results"
    },
    "model_name": "GAT_gossipcop_10_shot_bert_knn_7_smpf10",
    "training_history": {
        "final_train_loss": 0.21442890167236328,
        "final_train_acc": 0.95,
        "final_val_loss": 0.6727133989334106,
        "final_val_acc": 0.6744011976047904,
        "final_val_f1": 0.5564256683267502,
        "best_val_f1": 0.5738262374349485,
        "best_epoch": 86,
        "total_epochs": 116,
        "training_time_seconds": 3.0685133934020996
    },
    "final_test_metrics": {
        "accuracy": 0.7159431137724551,
        "precision": 0.570050968304086,
        "recall": 0.5822368692409856,
        "f1_score": 0.5738262374349485,
        "confusion_matrix": [
            [
                1728,
                441
            ],
            [
                318,
                185
            ]
        ]
    }
}