{
    "args": {
        "graph_path": "graphs/gossipcop/10_shot_roberta_knn_6_smpf10.pt",
        "model": "GAT",
        "dropout_rate": 0.5,
        "hidden_channels": 128,
        "gat_heads": 8,
        "lr": 0.0001,
        "weight_decay": 0.0001,
        "n_epochs": 300,
        "patience": 30,
        "seed": 42,
        "output_dir": "results"
    },
    "model_name": "GAT_gossipcop_10_shot_roberta_knn_6_smpf10",
    "training_history": {
        "final_train_loss": 0.679275631904602,
        "final_train_acc": 0.5,
        "final_val_loss": 0.6128523349761963,
        "final_val_acc": 0.8057634730538922,
        "final_val_f1": 0.4481146999163875,
        "best_val_f1": 0.45201950603879865,
        "best_epoch": 1,
        "total_epochs": 53,
        "training_time_seconds": 1.533876895904541
    },
    "final_test_metrics": {
        "accuracy": 0.6691616766467066,
        "precision": 0.10882956878850103,
        "recall": 0.10536779324055666,
        "f1_score": 0.10707070707070707,
        "confusion_matrix": [
            [
                1735,
                434
            ],
            [
                450,
                53
            ]
        ]
    }
}