{
    "args": {
        "graph_path": "graphs/politifact/13_shot_roberta_knn_3.pt",
        "model": "GAT",
        "dropout_rate": 0.5,
        "hidden_channels": 128,
        "gat_heads": 8,
        "lr": 0.0001,
        "weight_decay": 0.0001,
        "n_epochs": 300,
        "patience": 30,
        "seed": 42,
        "output_dir": "results"
    },
    "model_name": "GAT_politifact_13_shot_roberta_knn_3",
    "training_history": {
        "final_train_loss": 0.5245115756988525,
        "final_train_acc": 0.6923076923076923,
        "final_val_loss": 0.5162771940231323,
        "final_val_acc": 0.7941176470588235,
        "final_val_f1": 0.7097167637891313,
        "best_val_f1": 0.7777777777777777,
        "best_epoch": 199,
        "total_epochs": 300,
        "training_time_seconds": 4.013631582260132
    },
    "final_test_metrics": {
        "accuracy": 0.8333333333333334,
        "precision": 0.7727272727272727,
        "recall": 0.5862068965517241,
        "f1_score": 0.6666666666666666,
        "confusion_matrix": [
            [
                68,
                5
            ],
            [
                12,
                17
            ]
        ]
    }
}