{
    "args": {
        "graph_path": "graphs/politifact/12_shot_roberta_mutual_knn_8_smpf10.pt",
        "model": "GAT",
        "dropout_rate": 0.5,
        "hidden_channels": 128,
        "gat_heads": 8,
        "lr": 0.0001,
        "weight_decay": 0.0001,
        "n_epochs": 300,
        "patience": 30,
        "seed": 42,
        "output_dir": "results"
    },
    "model_name": "GAT_politifact_12_shot_roberta_mutual_knn_8_smpf10",
    "training_history": {
        "final_train_loss": 0.4397505223751068,
        "final_train_acc": 0.8333333333333334,
        "final_val_loss": 0.5335336327552795,
        "final_val_acc": 0.7549019607843137,
        "final_val_f1": 0.7177642501383509,
        "best_val_f1": 0.7635143380109823,
        "best_epoch": 203,
        "total_epochs": 291,
        "training_time_seconds": 4.554522514343262
    },
    "final_test_metrics": {
        "accuracy": 0.8137254901960784,
        "precision": 0.6923076923076923,
        "recall": 0.6206896551724138,
        "f1_score": 0.6545454545454545,
        "confusion_matrix": [
            [
                65,
                8
            ],
            [
                11,
                18
            ]
        ]
    }
}