{
    "args": {
        "graph_path": "graphs/gossipcop/12_shot_roberta_mutual_knn_6_smpf10.pt",
        "model": "GAT",
        "dropout_rate": 0.5,
        "hidden_channels": 128,
        "gat_heads": 8,
        "lr": 0.0001,
        "weight_decay": 0.0001,
        "n_epochs": 300,
        "patience": 30,
        "seed": 42,
        "output_dir": "results"
    },
    "model_name": "GAT_gossipcop_12_shot_roberta_mutual_knn_6_smpf10",
    "training_history": {
        "final_train_loss": 0.7814459204673767,
        "final_train_acc": 0.5416666666666666,
        "final_val_loss": 0.6473721265792847,
        "final_val_acc": 0.7877994011976048,
        "final_val_f1": 0.4491941456263981,
        "best_val_f1": 0.4581178709130695,
        "best_epoch": 1,
        "total_epochs": 41,
        "training_time_seconds": 3.2430827617645264
    },
    "final_test_metrics": {
        "accuracy": 0.6291167664670658,
        "precision": 0.46432135728542917,
        "recall": 0.45622209573357453,
        "f1_score": 0.4581178709130695,
        "confusion_matrix": [
            [
                1591,
                578
            ],
            [
                413,
                90
            ]
        ]
    }
}