{
    "args": {
        "graph_path": "graphs_hetero/politifact/7_shot_bigbird_hetero_knn_5_smpf10.pt",
        "model": "HGT",
        "target_node_type": "news",
        "dropout_rate": 0.0,
        "hidden_channels": 128,
        "hgt_han_heads": 4,
        "hgt_layers": 1,
        "lr": 0.0001,
        "weight_decay": 0.0001,
        "n_epochs": 300,
        "patience": 30,
        "seed": 42,
        "output_dir_base": "results_hetero"
    },
    "model_name": "HGT_politifact_7_shot_bigbird_hetero_knn_5_smpf10",
    "training_history": {
        "final_train_loss": 0.002989117056131363,
        "final_train_acc": 1.0,
        "final_val_loss": 0.9315769076347351,
        "final_val_acc": 0.6764705882352942,
        "final_val_f1": 0.652093023255814,
        "best_val_f1": 0.6731782945736434,
        "best_epoch": 159,
        "total_epochs_run": 189,
        "training_time_seconds": 8.629200220108032
    },
    "final_test_metrics_on_target_node": {
        "accuracy": 0.696078431372549,
        "precision": 0.6766304347826086,
        "recall": 0.7149267831837506,
        "f1_score": 0.6731782945736434,
        "confusion_matrix": [
            [
                49,
                24
            ],
            [
                7,
                22
            ]
        ]
    }
}