{
    "args": {
        "graph_path": "graphs/gossipcop/15_shot_combined_mutual_knn_5_smpf10.pt",
        "model": "GAT",
        "dropout_rate": 0.5,
        "hidden_channels": 128,
        "gat_heads": 8,
        "lr": 0.0001,
        "weight_decay": 0.0001,
        "n_epochs": 300,
        "patience": 30,
        "seed": 42,
        "output_dir": "results"
    },
    "model_name": "GAT_gossipcop_15_shot_combined_mutual_knn_5_smpf10",
    "training_history": {
        "final_train_loss": 0.5872752070426941,
        "final_train_acc": 0.7,
        "final_val_loss": 0.6468058824539185,
        "final_val_acc": 0.6549401197604791,
        "final_val_f1": 0.5222946140481509,
        "best_val_f1": 0.5365295219593422,
        "best_epoch": 152,
        "total_epochs": 182,
        "training_time_seconds": 2.9973208904266357
    },
    "final_test_metrics": {
        "accuracy": 0.719311377245509,
        "precision": 0.2484725050916497,
        "recall": 0.24254473161033796,
        "f1_score": 0.2454728370221328,
        "confusion_matrix": [
            [
                1800,
                369
            ],
            [
                381,
                122
            ]
        ]
    }
}