{
    "args": {
        "graph_path": "graphs/gossipcop/6_shot_roberta_knn_8_smpf10.pt",
        "model": "GAT",
        "dropout_rate": 0.5,
        "hidden_channels": 128,
        "gat_heads": 8,
        "lr": 0.0001,
        "weight_decay": 0.0001,
        "n_epochs": 300,
        "patience": 30,
        "seed": 42,
        "output_dir": "results"
    },
    "model_name": "GAT_gossipcop_6_shot_roberta_knn_8_smpf10",
    "training_history": {
        "final_train_loss": 0.565021276473999,
        "final_train_acc": 0.75,
        "final_val_loss": 0.6007365584373474,
        "final_val_acc": 0.811751497005988,
        "final_val_f1": 0.4480479239826482,
        "best_val_f1": 0.44897302174424625,
        "best_epoch": 1,
        "total_epochs": 45,
        "training_time_seconds": 1.3490972518920898
    },
    "final_test_metrics": {
        "accuracy": 0.7825598802395209,
        "precision": 0.06666666666666667,
        "recall": 0.011928429423459244,
        "f1_score": 0.02023608768971332,
        "confusion_matrix": [
            [
                2085,
                84
            ],
            [
                497,
                6
            ]
        ]
    }
}