{
    "args": {
        "graph_path": "graphs/politifact/16_shot_roberta_knn_5_psl10.pt",
        "model": "GAT",
        "dropout_rate": 0.5,
        "hidden_channels": 128,
        "gat_heads": 8,
        "lr": 0.0001,
        "weight_decay": 0.0001,
        "n_epochs": 300,
        "patience": 30,
        "seed": 42,
        "output_dir": "results"
    },
    "model_name": "GAT_politifact_16_shot_roberta_knn_5_psl10",
    "training_history": {
        "final_train_loss": 0.3733659088611603,
        "final_train_acc": 0.84375,
        "final_val_loss": 0.47877267003059387,
        "final_val_acc": 0.7843137254901961,
        "final_val_f1": 0.7573529411764706,
        "best_val_f1": 0.7973439297291645,
        "best_epoch": 275,
        "total_epochs": 300,
        "training_time_seconds": 5.006258964538574
    },
    "final_test_metrics": {
        "accuracy": 0.8137254901960784,
        "precision": 0.789576802507837,
        "recall": 0.8490788852149267,
        "f1_score": 0.7973439297291645,
        "confusion_matrix": [
            [
                56,
                17
            ],
            [
                2,
                27
            ]
        ]
    }
}