{
    "args": {
        "graph_path": "graphs/politifact/8_shot_bert_dynamic_threshold_0.5.pt",
        "model": "GAT",
        "dropout_rate": 0.5,
        "hidden_channels": 128,
        "gat_heads": 8,
        "lr": 0.0001,
        "weight_decay": 0.0001,
        "n_epochs": 300,
        "patience": 30,
        "seed": 42,
        "output_dir": "results"
    },
    "model_name": "GAT_politifact_8_shot_bert_dynamic_threshold_0.5",
    "training_history": {
        "final_train_loss": 0.2397339791059494,
        "final_train_acc": 0.9375,
        "final_val_loss": 0.6262081265449524,
        "final_val_acc": 0.7156862745098039,
        "final_val_f1": 0.6824476650563607,
        "best_val_f1": 0.6987732848705135,
        "best_epoch": 30,
        "total_epochs": 84,
        "training_time_seconds": 1.9582107067108154
    },
    "final_test_metrics": {
        "accuracy": 0.7450980392156863,
        "precision": 0.5454545454545454,
        "recall": 0.6206896551724138,
        "f1_score": 0.5806451612903226,
        "confusion_matrix": [
            [
                58,
                15
            ],
            [
                11,
                18
            ]
        ]
    }
}