{
    "args": {
        "graph_path": "graphs/politifact/5_shot_roberta_knn_7.pt",
        "model": "GAT",
        "dropout_rate": 0.5,
        "hidden_channels": 128,
        "gat_heads": 8,
        "lr": 0.0001,
        "weight_decay": 0.0001,
        "n_epochs": 300,
        "patience": 30,
        "seed": 42,
        "output_dir": "results"
    },
    "model_name": "GAT_politifact_5_shot_roberta_knn_7",
    "training_history": {
        "final_train_loss": 0.7944108247756958,
        "final_train_acc": 0.7,
        "final_val_loss": 0.5846236944198608,
        "final_val_acc": 0.7352941176470589,
        "final_val_f1": 0.6267786963003117,
        "best_val_f1": 0.6671328671328671,
        "best_epoch": 73,
        "total_epochs": 139,
        "training_time_seconds": 2.4830355644226074
    },
    "final_test_metrics": {
        "accuracy": 0.7941176470588235,
        "precision": 0.9,
        "recall": 0.3103448275862069,
        "f1_score": 0.46153846153846156,
        "confusion_matrix": [
            [
                72,
                1
            ],
            [
                20,
                9
            ]
        ]
    }
}