{
    "args": {
        "graph_path": "graphs/politifact/4_shot_combined_mutual_knn_5_smpf10.pt",
        "model": "GAT",
        "dropout_rate": 0.5,
        "hidden_channels": 128,
        "gat_heads": 8,
        "lr": 0.0001,
        "weight_decay": 0.0001,
        "n_epochs": 300,
        "patience": 30,
        "seed": 42,
        "output_dir": "results"
    },
    "model_name": "GAT_politifact_4_shot_combined_mutual_knn_5_smpf10",
    "training_history": {
        "final_train_loss": 0.5621901154518127,
        "final_train_acc": 0.75,
        "final_val_loss": 0.6818156242370605,
        "final_val_acc": 0.5490196078431373,
        "final_val_f1": 0.5488461538461539,
        "best_val_f1": 0.7064144736842105,
        "best_epoch": 42,
        "total_epochs": 72,
        "training_time_seconds": 1.8703086376190186
    },
    "final_test_metrics": {
        "accuracy": 0.7254901960784313,
        "precision": 0.5106382978723404,
        "recall": 0.8275862068965517,
        "f1_score": 0.631578947368421,
        "confusion_matrix": [
            [
                50,
                23
            ],
            [
                5,
                24
            ]
        ]
    }
}