{
    "args": {
        "graph_path": "graphs/politifact/9_shot_combined_knn_3.pt",
        "model": "GAT",
        "dropout_rate": 0.5,
        "hidden_channels": 128,
        "gat_heads": 8,
        "lr": 0.0001,
        "weight_decay": 0.0001,
        "n_epochs": 300,
        "patience": 30,
        "seed": 42,
        "output_dir": "results"
    },
    "model_name": "GAT_politifact_9_shot_combined_knn_3",
    "training_history": {
        "final_train_loss": 0.5516511797904968,
        "final_train_acc": 0.8333333333333334,
        "final_val_loss": 0.5998126268386841,
        "final_val_acc": 0.7745098039215687,
        "final_val_f1": 0.7359000337723742,
        "best_val_f1": 0.754442279032443,
        "best_epoch": 147,
        "total_epochs": 207,
        "training_time_seconds": 3.403447151184082
    },
    "final_test_metrics": {
        "accuracy": 0.7941176470588235,
        "precision": 0.625,
        "recall": 0.6896551724137931,
        "f1_score": 0.6557377049180327,
        "confusion_matrix": [
            [
                61,
                12
            ],
            [
                9,
                20
            ]
        ]
    }
}