{
  "accuracy": 0.8042664670658682,
  "precision": 0.6727832215286379,
  "recall": 0.6549641752986003,
  "f1_score": 0.6627128204298924
}