{
    "args": {
        "graph_path": "graphs/politifact/15_shot_combined_mutual_knn_4.pt",
        "model": "GAT",
        "dropout_rate": 0.5,
        "hidden_channels": 128,
        "gat_heads": 8,
        "lr": 0.0001,
        "weight_decay": 0.0001,
        "n_epochs": 300,
        "patience": 30,
        "seed": 42,
        "output_dir": "results"
    },
    "model_name": "GAT_politifact_15_shot_combined_mutual_knn_4",
    "training_history": {
        "final_train_loss": 0.42542293667793274,
        "final_train_acc": 0.7666666666666667,
        "final_val_loss": 0.5503096580505371,
        "final_val_acc": 0.7941176470588235,
        "final_val_f1": 0.7629219701162148,
        "best_val_f1": 0.8012151782643586,
        "best_epoch": 230,
        "total_epochs": 292,
        "training_time_seconds": 4.472888708114624
    },
    "final_test_metrics": {
        "accuracy": 0.8333333333333334,
        "precision": 0.6875,
        "recall": 0.7586206896551724,
        "f1_score": 0.7213114754098361,
        "confusion_matrix": [
            [
                63,
                10
            ],
            [
                7,
                22
            ]
        ]
    }
}