{
    "args": {
        "graph_path": "graphs/gossipcop/9_shot_combined_mutual_knn_4_smpf10.pt",
        "model": "GAT",
        "dropout_rate": 0.5,
        "hidden_channels": 128,
        "gat_heads": 8,
        "lr": 0.0001,
        "weight_decay": 0.0001,
        "n_epochs": 300,
        "patience": 30,
        "seed": 42,
        "output_dir": "results"
    },
    "model_name": "GAT_gossipcop_9_shot_combined_mutual_knn_4_smpf10",
    "training_history": {
        "final_train_loss": 0.4584650993347168,
        "final_train_acc": 0.8333333333333334,
        "final_val_loss": 0.6201306581497192,
        "final_val_acc": 0.7436377245508982,
        "final_val_f1": 0.5972240163036339,
        "best_val_f1": 0.6149896135623136,
        "best_epoch": 124,
        "total_epochs": 286,
        "training_time_seconds": 4.010470151901245
    },
    "final_test_metrics": {
        "accuracy": 0.7780688622754491,
        "precision": 0.3953488372093023,
        "recall": 0.3379721669980119,
        "f1_score": 0.36441586280814575,
        "confusion_matrix": [
            [
                1909,
                260
            ],
            [
                333,
                170
            ]
        ]
    }
}