{
    "args": {
        "graph_path": "graphs/politifact/14_shot_roberta_mutual_knn_5_smpf10.pt",
        "model": "GAT",
        "dropout_rate": 0.5,
        "hidden_channels": 128,
        "gat_heads": 8,
        "lr": 0.0001,
        "weight_decay": 0.0001,
        "n_epochs": 300,
        "patience": 30,
        "seed": 42,
        "output_dir": "results"
    },
    "model_name": "GAT_politifact_14_shot_roberta_mutual_knn_5_smpf10",
    "training_history": {
        "final_train_loss": 0.5904214978218079,
        "final_train_acc": 0.7142857142857143,
        "final_val_loss": 0.5468537211418152,
        "final_val_acc": 0.803921568627451,
        "final_val_f1": 0.7419028340080972,
        "best_val_f1": 0.7578408096963638,
        "best_epoch": 127,
        "total_epochs": 214,
        "training_time_seconds": 3.331345319747925
    },
    "final_test_metrics": {
        "accuracy": 0.8137254901960784,
        "precision": 0.7083333333333334,
        "recall": 0.5862068965517241,
        "f1_score": 0.6415094339622641,
        "confusion_matrix": [
            [
                66,
                7
            ],
            [
                12,
                17
            ]
        ]
    }
}