{
    "args": {
        "graph_path": "graphs/politifact/8_shot_combined_mutual_knn_8.pt",
        "model": "GAT",
        "dropout_rate": 0.5,
        "hidden_channels": 128,
        "gat_heads": 8,
        "lr": 0.0001,
        "weight_decay": 0.0001,
        "n_epochs": 300,
        "patience": 30,
        "seed": 42,
        "output_dir": "results"
    },
    "model_name": "GAT_politifact_8_shot_combined_mutual_knn_8",
    "training_history": {
        "final_train_loss": 0.4125630259513855,
        "final_train_acc": 0.9375,
        "final_val_loss": 0.5748768448829651,
        "final_val_acc": 0.8137254901960784,
        "final_val_f1": 0.7888658895304499,
        "best_val_f1": 0.8178571428571428,
        "best_epoch": 165,
        "total_epochs": 254,
        "training_time_seconds": 3.986630916595459
    },
    "final_test_metrics": {
        "accuracy": 0.8431372549019608,
        "precision": 0.6857142857142857,
        "recall": 0.8275862068965517,
        "f1_score": 0.75,
        "confusion_matrix": [
            [
                62,
                11
            ],
            [
                5,
                24
            ]
        ]
    }
}