{
    "args": {
        "graph_path": "graphs/politifact/4_shot_roberta_knn_5_psl10.pt",
        "model": "GAT",
        "dropout_rate": 0.5,
        "hidden_channels": 128,
        "gat_heads": 8,
        "lr": 0.0001,
        "weight_decay": 0.0001,
        "n_epochs": 300,
        "patience": 30,
        "seed": 42,
        "output_dir": "results"
    },
    "model_name": "GAT_politifact_4_shot_roberta_knn_5_psl10",
    "training_history": {
        "final_train_loss": 0.382691890001297,
        "final_train_acc": 0.875,
        "final_val_loss": 0.5602696537971497,
        "final_val_acc": 0.7254901960784313,
        "final_val_f1": 0.6756019990913221,
        "best_val_f1": 0.7109116674539442,
        "best_epoch": 77,
        "total_epochs": 140,
        "training_time_seconds": 3.8346621990203857
    },
    "final_test_metrics": {
        "accuracy": 0.7647058823529411,
        "precision": 0.7109116674539442,
        "recall": 0.7109116674539442,
        "f1_score": 0.7109116674539442,
        "confusion_matrix": [
            [
                61,
                12
            ],
            [
                12,
                17
            ]
        ]
    }
}