{
  "accuracy": 0.7776946107784432,
  "precision": 0.65350649929519,
  "recall": 0.6767729262965316,
  "f1_score": 0.6627340849437653
}