{
    "args": {
        "graph_path": "graphs_hetero/politifact/6_shot_roberta_hetero_knn_5_smpf10.pt",
        "model": "HAN",
        "target_node_type": "news",
        "dropout_rate": 0.0,
        "hidden_channels": 128,
        "hgt_han_heads": 4,
        "hgt_layers": 1,
        "lr": 0.0001,
        "weight_decay": 0.0001,
        "n_epochs": 300,
        "patience": 30,
        "seed": 42,
        "output_dir_base": "results_hetero"
    },
    "model_name": "HAN_politifact_6_shot_roberta_hetero_knn_5_smpf10",
    "training_history": {
        "final_train_loss": 0.17625261843204498,
        "final_train_acc": 1.0,
        "final_val_loss": 0.5318978428840637,
        "final_val_acc": 0.7843137254901961,
        "final_val_f1": 0.7536231884057971,
        "best_val_f1": 0.7666412463231289,
        "best_epoch": 161,
        "total_epochs_run": 300,
        "training_time_seconds": 4.626590251922607
    },
    "final_test_metrics_on_target_node": {
        "accuracy": 0.7941176470588235,
        "precision": 0.7557565789473684,
        "recall": 0.7938119981105338,
        "f1_score": 0.7666412463231289,
        "confusion_matrix": [
            [
                58,
                15
            ],
            [
                6,
                23
            ]
        ]
    }
}