{
    "args": {
        "graph_path": "graphs_hetero/politifact/6_shot_roberta_hetero_knn_5_smpf10.pt",
        "model": "HAN",
        "target_node_type": "news",
        "dropout_rate": 0.0,
        "hidden_channels": 128,
        "hgt_han_heads": 4,
        "hgt_layers": 1,
        "lr": 0.0001,
        "weight_decay": 0.0001,
        "n_epochs": 300,
        "patience": 30,
        "seed": 42,
        "output_dir_base": "results_hetero"
    },
    "model_name": "HAN_politifact_6_shot_roberta_hetero_knn_5_smpf10",
    "training_history": {
        "final_train_loss": 0.17201681435108185,
        "final_train_acc": 1.0,
        "final_val_loss": 0.5291928052902222,
        "final_val_acc": 0.7843137254901961,
        "final_val_f1": 0.7536231884057971,
        "best_val_f1": 0.7914584279872785,
        "best_epoch": 33,
        "total_epochs_run": 300,
        "training_time_seconds": 11.606616020202637
    },
    "final_test_metrics_on_target_node": {
        "accuracy": 0.8235294117647058,
        "precision": 0.7826086956521738,
        "recall": 0.8039678790741616,
        "f1_score": 0.7914584279872785,
        "confusion_matrix": [
            [
                62,
                11
            ],
            [
                7,
                22
            ]
        ]
    }
}