{
  "accuracy": 0.686377245508982,
  "precision": 0.5790826541880896,
  "recall": 0.6106001153063179,
  "f1_score": 0.5805777523030297,
  "best_validation_loss": 0.004763481448645945,
  "confusion_matrix": [
    [
      1588,
      581
    ],
    [
      257,
      246
    ]
  ]
}