{
    "args": {
        "graph_path": "graphs/gossipcop/4_shot_roberta_mutual_knn_3_smpf10.pt",
        "model": "GAT",
        "dropout_rate": 0.5,
        "hidden_channels": 128,
        "gat_heads": 8,
        "lr": 0.0001,
        "weight_decay": 0.0001,
        "n_epochs": 300,
        "patience": 30,
        "seed": 42,
        "output_dir": "results"
    },
    "model_name": "GAT_gossipcop_4_shot_roberta_mutual_knn_3_smpf10",
    "training_history": {
        "final_train_loss": 0.9562774896621704,
        "final_train_acc": 0.5,
        "final_val_loss": 0.6918954253196716,
        "final_val_acc": 0.49850299401197606,
        "final_val_f1": 0.4744172391521343,
        "best_val_f1": 0.5559705998815023,
        "best_epoch": 62,
        "total_epochs": 92,
        "training_time_seconds": 8.383854627609253
    },
    "final_test_metrics": {
        "accuracy": 0.6822604790419161,
        "precision": 0.2674731182795699,
        "recall": 0.3956262425447316,
        "f1_score": 0.3191659983961508,
        "confusion_matrix": [
            [
                1624,
                545
            ],
            [
                304,
                199
            ]
        ]
    }
}